class,clip_id,split,n_frames_orig,frame_idx_min,frame_idx_max,token_type,f00,f01,f02,f03,f04,f05,f06,f07,f08,f09,f10,f11,f12,f13,f14,f15,label_id
barbell biceps curl,barbell biceps curl|g1,train,1,,,alpha_num,data/barbell biceps curl/barbell biceps curl_g1.jpg,data/barbell biceps curl/barbell biceps curl_g1.jpg,data/barbell biceps curl/barbell biceps curl_g1.jpg,data/barbell biceps curl/barbell biceps curl_g1.jpg,data/barbell biceps curl/barbell biceps curl_g1.jpg,data/barbell biceps curl/barbell biceps curl_g1.jpg,data/barbell biceps curl/barbell biceps curl_g1.jpg,data/barbell biceps curl/barbell biceps curl_g1.jpg,data/barbell biceps curl/barbell biceps curl_g1.jpg,data/barbell biceps curl/barbell biceps curl_g1.jpg,data/barbell biceps curl/barbell biceps curl_g1.jpg,data/barbell biceps curl/barbell biceps curl_g1.jpg,data/barbell biceps curl/barbell biceps curl_g1.jpg,data/barbell biceps curl/barbell biceps curl_g1.jpg,data/barbell biceps curl/barbell biceps curl_g1.jpg,data/barbell biceps curl/barbell biceps curl_g1.jpg,0
barbell biceps curl,barbell biceps curl|g10,train,1,,,alpha_num,data/barbell biceps curl/barbell biceps curl_g10.jpg,data/barbell biceps curl/barbell biceps curl_g10.jpg,data/barbell biceps curl/barbell biceps curl_g10.jpg,data/barbell biceps curl/barbell biceps curl_g10.jpg,data/barbell biceps curl/barbell biceps curl_g10.jpg,data/barbell biceps curl/barbell biceps curl_g10.jpg,data/barbell biceps curl/barbell biceps curl_g10.jpg,data/barbell biceps curl/barbell biceps curl_g10.jpg,data/barbell biceps curl/barbell biceps curl_g10.jpg,data/barbell biceps curl/barbell biceps curl_g10.jpg,data/barbell biceps curl/barbell biceps curl_g10.jpg,data/barbell biceps curl/barbell biceps curl_g10.jpg,data/barbell biceps curl/barbell biceps curl_g10.jpg,data/barbell biceps curl/barbell biceps curl_g10.jpg,data/barbell biceps curl/barbell biceps curl_g10.jpg,data/barbell biceps curl/barbell biceps curl_g10.jpg,0
barbell biceps curl,barbell biceps curl|g11,train,1,,,alpha_num,data/barbell biceps curl/barbell biceps curl_g11.jpg,data/barbell biceps curl/barbell biceps curl_g11.jpg,data/barbell biceps curl/barbell biceps curl_g11.jpg,data/barbell biceps curl/barbell biceps curl_g11.jpg,data/barbell biceps curl/barbell biceps curl_g11.jpg,data/barbell biceps curl/barbell biceps curl_g11.jpg,data/barbell biceps curl/barbell biceps curl_g11.jpg,data/barbell biceps curl/barbell biceps curl_g11.jpg,data/barbell biceps curl/barbell biceps curl_g11.jpg,data/barbell biceps curl/barbell biceps curl_g11.jpg,data/barbell biceps curl/barbell biceps curl_g11.jpg,data/barbell biceps curl/barbell biceps curl_g11.jpg,data/barbell biceps curl/barbell biceps curl_g11.jpg,data/barbell biceps curl/barbell biceps curl_g11.jpg,data/barbell biceps curl/barbell biceps curl_g11.jpg,data/barbell biceps curl/barbell biceps curl_g11.jpg,0
barbell biceps curl,barbell biceps curl|g12,train,1,,,alpha_num,data/barbell biceps curl/barbell biceps curl_g12.jpg,data/barbell biceps curl/barbell biceps curl_g12.jpg,data/barbell biceps curl/barbell biceps curl_g12.jpg,data/barbell biceps curl/barbell biceps curl_g12.jpg,data/barbell biceps curl/barbell biceps curl_g12.jpg,data/barbell biceps curl/barbell biceps curl_g12.jpg,data/barbell biceps curl/barbell biceps curl_g12.jpg,data/barbell biceps curl/barbell biceps curl_g12.jpg,data/barbell biceps curl/barbell biceps curl_g12.jpg,data/barbell biceps curl/barbell biceps curl_g12.jpg,data/barbell biceps curl/barbell biceps curl_g12.jpg,data/barbell biceps curl/barbell biceps curl_g12.jpg,data/barbell biceps curl/barbell biceps curl_g12.jpg,data/barbell biceps curl/barbell biceps curl_g12.jpg,data/barbell biceps curl/barbell biceps curl_g12.jpg,data/barbell biceps curl/barbell biceps curl_g12.jpg,0
barbell biceps curl,barbell biceps curl|g13,train,1,,,alpha_num,data/barbell biceps curl/barbell biceps curl_g13.jpg,data/barbell biceps curl/barbell biceps curl_g13.jpg,data/barbell biceps curl/barbell biceps curl_g13.jpg,data/barbell biceps curl/barbell biceps curl_g13.jpg,data/barbell biceps curl/barbell biceps curl_g13.jpg,data/barbell biceps curl/barbell biceps curl_g13.jpg,data/barbell biceps curl/barbell biceps curl_g13.jpg,data/barbell biceps curl/barbell biceps curl_g13.jpg,data/barbell biceps curl/barbell biceps curl_g13.jpg,data/barbell biceps curl/barbell biceps curl_g13.jpg,data/barbell biceps curl/barbell biceps curl_g13.jpg,data/barbell biceps curl/barbell biceps curl_g13.jpg,data/barbell biceps curl/barbell biceps curl_g13.jpg,data/barbell biceps curl/barbell biceps curl_g13.jpg,data/barbell biceps curl/barbell biceps curl_g13.jpg,data/barbell biceps curl/barbell biceps curl_g13.jpg,0
barbell biceps curl,barbell biceps curl|g14,train,1,,,alpha_num,data/barbell biceps curl/barbell biceps curl_g14.jpg,data/barbell biceps curl/barbell biceps curl_g14.jpg,data/barbell biceps curl/barbell biceps curl_g14.jpg,data/barbell biceps curl/barbell biceps curl_g14.jpg,data/barbell biceps curl/barbell biceps curl_g14.jpg,data/barbell biceps curl/barbell biceps curl_g14.jpg,data/barbell biceps curl/barbell biceps curl_g14.jpg,data/barbell biceps curl/barbell biceps curl_g14.jpg,data/barbell biceps curl/barbell biceps curl_g14.jpg,data/barbell biceps curl/barbell biceps curl_g14.jpg,data/barbell biceps curl/barbell biceps curl_g14.jpg,data/barbell biceps curl/barbell biceps curl_g14.jpg,data/barbell biceps curl/barbell biceps curl_g14.jpg,data/barbell biceps curl/barbell biceps curl_g14.jpg,data/barbell biceps curl/barbell biceps curl_g14.jpg,data/barbell biceps curl/barbell biceps curl_g14.jpg,0
barbell biceps curl,barbell biceps curl|g15,train,1,,,alpha_num,data/barbell biceps curl/barbell biceps curl_g15.jpg,data/barbell biceps curl/barbell biceps curl_g15.jpg,data/barbell biceps curl/barbell biceps curl_g15.jpg,data/barbell biceps curl/barbell biceps curl_g15.jpg,data/barbell biceps curl/barbell biceps curl_g15.jpg,data/barbell biceps curl/barbell biceps curl_g15.jpg,data/barbell biceps curl/barbell biceps curl_g15.jpg,data/barbell biceps curl/barbell biceps curl_g15.jpg,data/barbell biceps curl/barbell biceps curl_g15.jpg,data/barbell biceps curl/barbell biceps curl_g15.jpg,data/barbell biceps curl/barbell biceps curl_g15.jpg,data/barbell biceps curl/barbell biceps curl_g15.jpg,data/barbell biceps curl/barbell biceps curl_g15.jpg,data/barbell biceps curl/barbell biceps curl_g15.jpg,data/barbell biceps curl/barbell biceps curl_g15.jpg,data/barbell biceps curl/barbell biceps curl_g15.jpg,0
barbell biceps curl,barbell biceps curl|g16,train,1,,,alpha_num,data/barbell biceps curl/barbell biceps curl_g16.jpg,data/barbell biceps curl/barbell biceps curl_g16.jpg,data/barbell biceps curl/barbell biceps curl_g16.jpg,data/barbell biceps curl/barbell biceps curl_g16.jpg,data/barbell biceps curl/barbell biceps curl_g16.jpg,data/barbell biceps curl/barbell biceps curl_g16.jpg,data/barbell biceps curl/barbell biceps curl_g16.jpg,data/barbell biceps curl/barbell biceps curl_g16.jpg,data/barbell biceps curl/barbell biceps curl_g16.jpg,data/barbell biceps curl/barbell biceps curl_g16.jpg,data/barbell biceps curl/barbell biceps curl_g16.jpg,data/barbell biceps curl/barbell biceps curl_g16.jpg,data/barbell biceps curl/barbell biceps curl_g16.jpg,data/barbell biceps curl/barbell biceps curl_g16.jpg,data/barbell biceps curl/barbell biceps curl_g16.jpg,data/barbell biceps curl/barbell biceps curl_g16.jpg,0
barbell biceps curl,barbell biceps curl|g17,train,1,,,alpha_num,data/barbell biceps curl/barbell biceps curl_g17.jpg,data/barbell biceps curl/barbell biceps curl_g17.jpg,data/barbell biceps curl/barbell biceps curl_g17.jpg,data/barbell biceps curl/barbell biceps curl_g17.jpg,data/barbell biceps curl/barbell biceps curl_g17.jpg,data/barbell biceps curl/barbell biceps curl_g17.jpg,data/barbell biceps curl/barbell biceps curl_g17.jpg,data/barbell biceps curl/barbell biceps curl_g17.jpg,data/barbell biceps curl/barbell biceps curl_g17.jpg,data/barbell biceps curl/barbell biceps curl_g17.jpg,data/barbell biceps curl/barbell biceps curl_g17.jpg,data/barbell biceps curl/barbell biceps curl_g17.jpg,data/barbell biceps curl/barbell biceps curl_g17.jpg,data/barbell biceps curl/barbell biceps curl_g17.jpg,data/barbell biceps curl/barbell biceps curl_g17.jpg,data/barbell biceps curl/barbell biceps curl_g17.jpg,0
barbell biceps curl,barbell biceps curl|g18,train,1,,,alpha_num,data/barbell biceps curl/barbell biceps curl_g18.jpg,data/barbell biceps curl/barbell biceps curl_g18.jpg,data/barbell biceps curl/barbell biceps curl_g18.jpg,data/barbell biceps curl/barbell biceps curl_g18.jpg,data/barbell biceps curl/barbell biceps curl_g18.jpg,data/barbell biceps curl/barbell biceps curl_g18.jpg,data/barbell biceps curl/barbell biceps curl_g18.jpg,data/barbell biceps curl/barbell biceps curl_g18.jpg,data/barbell biceps curl/barbell biceps curl_g18.jpg,data/barbell biceps curl/barbell biceps curl_g18.jpg,data/barbell biceps curl/barbell biceps curl_g18.jpg,data/barbell biceps curl/barbell biceps curl_g18.jpg,data/barbell biceps curl/barbell biceps curl_g18.jpg,data/barbell biceps curl/barbell biceps curl_g18.jpg,data/barbell biceps curl/barbell biceps curl_g18.jpg,data/barbell biceps curl/barbell biceps curl_g18.jpg,0
barbell biceps curl,barbell biceps curl|g19,train,1,,,alpha_num,data/barbell biceps curl/barbell biceps curl_g19.jpg,data/barbell biceps curl/barbell biceps curl_g19.jpg,data/barbell biceps curl/barbell biceps curl_g19.jpg,data/barbell biceps curl/barbell biceps curl_g19.jpg,data/barbell biceps curl/barbell biceps curl_g19.jpg,data/barbell biceps curl/barbell biceps curl_g19.jpg,data/barbell biceps curl/barbell biceps curl_g19.jpg,data/barbell biceps curl/barbell biceps curl_g19.jpg,data/barbell biceps curl/barbell biceps curl_g19.jpg,data/barbell biceps curl/barbell biceps curl_g19.jpg,data/barbell biceps curl/barbell biceps curl_g19.jpg,data/barbell biceps curl/barbell biceps curl_g19.jpg,data/barbell biceps curl/barbell biceps curl_g19.jpg,data/barbell biceps curl/barbell biceps curl_g19.jpg,data/barbell biceps curl/barbell biceps curl_g19.jpg,data/barbell biceps curl/barbell biceps curl_g19.jpg,0
barbell biceps curl,barbell biceps curl|g2,train,1,,,alpha_num,data/barbell biceps curl/barbell biceps curl_g2.jpg,data/barbell biceps curl/barbell biceps curl_g2.jpg,data/barbell biceps curl/barbell biceps curl_g2.jpg,data/barbell biceps curl/barbell biceps curl_g2.jpg,data/barbell biceps curl/barbell biceps curl_g2.jpg,data/barbell biceps curl/barbell biceps curl_g2.jpg,data/barbell biceps curl/barbell biceps curl_g2.jpg,data/barbell biceps curl/barbell biceps curl_g2.jpg,data/barbell biceps curl/barbell biceps curl_g2.jpg,data/barbell biceps curl/barbell biceps curl_g2.jpg,data/barbell biceps curl/barbell biceps curl_g2.jpg,data/barbell biceps curl/barbell biceps curl_g2.jpg,data/barbell biceps curl/barbell biceps curl_g2.jpg,data/barbell biceps curl/barbell biceps curl_g2.jpg,data/barbell biceps curl/barbell biceps curl_g2.jpg,data/barbell biceps curl/barbell biceps curl_g2.jpg,0
barbell biceps curl,barbell biceps curl|g20,train,1,,,alpha_num,data/barbell biceps curl/barbell biceps curl_g20.jpg,data/barbell biceps curl/barbell biceps curl_g20.jpg,data/barbell biceps curl/barbell biceps curl_g20.jpg,data/barbell biceps curl/barbell biceps curl_g20.jpg,data/barbell biceps curl/barbell biceps curl_g20.jpg,data/barbell biceps curl/barbell biceps curl_g20.jpg,data/barbell biceps curl/barbell biceps curl_g20.jpg,data/barbell biceps curl/barbell biceps curl_g20.jpg,data/barbell biceps curl/barbell biceps curl_g20.jpg,data/barbell biceps curl/barbell biceps curl_g20.jpg,data/barbell biceps curl/barbell biceps curl_g20.jpg,data/barbell biceps curl/barbell biceps curl_g20.jpg,data/barbell biceps curl/barbell biceps curl_g20.jpg,data/barbell biceps curl/barbell biceps curl_g20.jpg,data/barbell biceps curl/barbell biceps curl_g20.jpg,data/barbell biceps curl/barbell biceps curl_g20.jpg,0
barbell biceps curl,barbell biceps curl|g3,train,1,,,alpha_num,data/barbell biceps curl/barbell biceps curl_g3.jpg,data/barbell biceps curl/barbell biceps curl_g3.jpg,data/barbell biceps curl/barbell biceps curl_g3.jpg,data/barbell biceps curl/barbell biceps curl_g3.jpg,data/barbell biceps curl/barbell biceps curl_g3.jpg,data/barbell biceps curl/barbell biceps curl_g3.jpg,data/barbell biceps curl/barbell biceps curl_g3.jpg,data/barbell biceps curl/barbell biceps curl_g3.jpg,data/barbell biceps curl/barbell biceps curl_g3.jpg,data/barbell biceps curl/barbell biceps curl_g3.jpg,data/barbell biceps curl/barbell biceps curl_g3.jpg,data/barbell biceps curl/barbell biceps curl_g3.jpg,data/barbell biceps curl/barbell biceps curl_g3.jpg,data/barbell biceps curl/barbell biceps curl_g3.jpg,data/barbell biceps curl/barbell biceps curl_g3.jpg,data/barbell biceps curl/barbell biceps curl_g3.jpg,0
barbell biceps curl,barbell biceps curl|g4,train,1,,,alpha_num,data/barbell biceps curl/barbell biceps curl_g4.jpg,data/barbell biceps curl/barbell biceps curl_g4.jpg,data/barbell biceps curl/barbell biceps curl_g4.jpg,data/barbell biceps curl/barbell biceps curl_g4.jpg,data/barbell biceps curl/barbell biceps curl_g4.jpg,data/barbell biceps curl/barbell biceps curl_g4.jpg,data/barbell biceps curl/barbell biceps curl_g4.jpg,data/barbell biceps curl/barbell biceps curl_g4.jpg,data/barbell biceps curl/barbell biceps curl_g4.jpg,data/barbell biceps curl/barbell biceps curl_g4.jpg,data/barbell biceps curl/barbell biceps curl_g4.jpg,data/barbell biceps curl/barbell biceps curl_g4.jpg,data/barbell biceps curl/barbell biceps curl_g4.jpg,data/barbell biceps curl/barbell biceps curl_g4.jpg,data/barbell biceps curl/barbell biceps curl_g4.jpg,data/barbell biceps curl/barbell biceps curl_g4.jpg,0
barbell biceps curl,barbell biceps curl|g5,train,1,,,alpha_num,data/barbell biceps curl/barbell biceps curl_g5.jpg,data/barbell biceps curl/barbell biceps curl_g5.jpg,data/barbell biceps curl/barbell biceps curl_g5.jpg,data/barbell biceps curl/barbell biceps curl_g5.jpg,data/barbell biceps curl/barbell biceps curl_g5.jpg,data/barbell biceps curl/barbell biceps curl_g5.jpg,data/barbell biceps curl/barbell biceps curl_g5.jpg,data/barbell biceps curl/barbell biceps curl_g5.jpg,data/barbell biceps curl/barbell biceps curl_g5.jpg,data/barbell biceps curl/barbell biceps curl_g5.jpg,data/barbell biceps curl/barbell biceps curl_g5.jpg,data/barbell biceps curl/barbell biceps curl_g5.jpg,data/barbell biceps curl/barbell biceps curl_g5.jpg,data/barbell biceps curl/barbell biceps curl_g5.jpg,data/barbell biceps curl/barbell biceps curl_g5.jpg,data/barbell biceps curl/barbell biceps curl_g5.jpg,0
barbell biceps curl,barbell biceps curl|g6,train,1,,,alpha_num,data/barbell biceps curl/barbell biceps curl_g6.jpg,data/barbell biceps curl/barbell biceps curl_g6.jpg,data/barbell biceps curl/barbell biceps curl_g6.jpg,data/barbell biceps curl/barbell biceps curl_g6.jpg,data/barbell biceps curl/barbell biceps curl_g6.jpg,data/barbell biceps curl/barbell biceps curl_g6.jpg,data/barbell biceps curl/barbell biceps curl_g6.jpg,data/barbell biceps curl/barbell biceps curl_g6.jpg,data/barbell biceps curl/barbell biceps curl_g6.jpg,data/barbell biceps curl/barbell biceps curl_g6.jpg,data/barbell biceps curl/barbell biceps curl_g6.jpg,data/barbell biceps curl/barbell biceps curl_g6.jpg,data/barbell biceps curl/barbell biceps curl_g6.jpg,data/barbell biceps curl/barbell biceps curl_g6.jpg,data/barbell biceps curl/barbell biceps curl_g6.jpg,data/barbell biceps curl/barbell biceps curl_g6.jpg,0
barbell biceps curl,barbell biceps curl|g7,train,1,,,alpha_num,data/barbell biceps curl/barbell biceps curl_g7.jpg,data/barbell biceps curl/barbell biceps curl_g7.jpg,data/barbell biceps curl/barbell biceps curl_g7.jpg,data/barbell biceps curl/barbell biceps curl_g7.jpg,data/barbell biceps curl/barbell biceps curl_g7.jpg,data/barbell biceps curl/barbell biceps curl_g7.jpg,data/barbell biceps curl/barbell biceps curl_g7.jpg,data/barbell biceps curl/barbell biceps curl_g7.jpg,data/barbell biceps curl/barbell biceps curl_g7.jpg,data/barbell biceps curl/barbell biceps curl_g7.jpg,data/barbell biceps curl/barbell biceps curl_g7.jpg,data/barbell biceps curl/barbell biceps curl_g7.jpg,data/barbell biceps curl/barbell biceps curl_g7.jpg,data/barbell biceps curl/barbell biceps curl_g7.jpg,data/barbell biceps curl/barbell biceps curl_g7.jpg,data/barbell biceps curl/barbell biceps curl_g7.jpg,0
barbell biceps curl,barbell biceps curl|g8,train,1,,,alpha_num,data/barbell biceps curl/barbell biceps curl_g8.jpg,data/barbell biceps curl/barbell biceps curl_g8.jpg,data/barbell biceps curl/barbell biceps curl_g8.jpg,data/barbell biceps curl/barbell biceps curl_g8.jpg,data/barbell biceps curl/barbell biceps curl_g8.jpg,data/barbell biceps curl/barbell biceps curl_g8.jpg,data/barbell biceps curl/barbell biceps curl_g8.jpg,data/barbell biceps curl/barbell biceps curl_g8.jpg,data/barbell biceps curl/barbell biceps curl_g8.jpg,data/barbell biceps curl/barbell biceps curl_g8.jpg,data/barbell biceps curl/barbell biceps curl_g8.jpg,data/barbell biceps curl/barbell biceps curl_g8.jpg,data/barbell biceps curl/barbell biceps curl_g8.jpg,data/barbell biceps curl/barbell biceps curl_g8.jpg,data/barbell biceps curl/barbell biceps curl_g8.jpg,data/barbell biceps curl/barbell biceps curl_g8.jpg,0
barbell biceps curl,barbell biceps curl|g9,train,1,,,alpha_num,data/barbell biceps curl/barbell biceps curl_g9.jpg,data/barbell biceps curl/barbell biceps curl_g9.jpg,data/barbell biceps curl/barbell biceps curl_g9.jpg,data/barbell biceps curl/barbell biceps curl_g9.jpg,data/barbell biceps curl/barbell biceps curl_g9.jpg,data/barbell biceps curl/barbell biceps curl_g9.jpg,data/barbell biceps curl/barbell biceps curl_g9.jpg,data/barbell biceps curl/barbell biceps curl_g9.jpg,data/barbell biceps curl/barbell biceps curl_g9.jpg,data/barbell biceps curl/barbell biceps curl_g9.jpg,data/barbell biceps curl/barbell biceps curl_g9.jpg,data/barbell biceps curl/barbell biceps curl_g9.jpg,data/barbell biceps curl/barbell biceps curl_g9.jpg,data/barbell biceps curl/barbell biceps curl_g9.jpg,data/barbell biceps curl/barbell biceps curl_g9.jpg,data/barbell biceps curl/barbell biceps curl_g9.jpg,0
barbell biceps curl,barbell biceps curl|num_10,train,11,1.0,101.0,numeric,data/barbell biceps curl/barbell biceps curl_100001.jpg,data/barbell biceps curl/barbell biceps curl_100011.jpg,data/barbell biceps curl/barbell biceps curl_100021.jpg,data/barbell biceps curl/barbell biceps curl_100031.jpg,data/barbell biceps curl/barbell biceps curl_100041.jpg,data/barbell biceps curl/barbell biceps curl_100051.jpg,data/barbell biceps curl/barbell biceps curl_100061.jpg,data/barbell biceps curl/barbell biceps curl_100071.jpg,data/barbell biceps curl/barbell biceps curl_100081.jpg,data/barbell biceps curl/barbell biceps curl_100091.jpg,data/barbell biceps curl/barbell biceps curl_100101.jpg,data/barbell biceps curl/barbell biceps curl_100101.jpg,data/barbell biceps curl/barbell biceps curl_100101.jpg,data/barbell biceps curl/barbell biceps curl_100101.jpg,data/barbell biceps curl/barbell biceps curl_100101.jpg,data/barbell biceps curl/barbell biceps curl_100101.jpg,0
barbell biceps curl,barbell biceps curl|num_100,train,9,1.0,81.0,numeric,data/barbell biceps curl/barbell biceps curl_1000001.jpg,data/barbell biceps curl/barbell biceps curl_1000011.jpg,data/barbell biceps curl/barbell biceps curl_1000021.jpg,data/barbell biceps curl/barbell biceps curl_1000031.jpg,data/barbell biceps curl/barbell biceps curl_1000041.jpg,data/barbell biceps curl/barbell biceps curl_1000051.jpg,data/barbell biceps curl/barbell biceps curl_1000061.jpg,data/barbell biceps curl/barbell biceps curl_1000071.jpg,data/barbell biceps curl/barbell biceps curl_1000081.jpg,data/barbell biceps curl/barbell biceps curl_1000081.jpg,data/barbell biceps curl/barbell biceps curl_1000081.jpg,data/barbell biceps curl/barbell biceps curl_1000081.jpg,data/barbell biceps curl/barbell biceps curl_1000081.jpg,data/barbell biceps curl/barbell biceps curl_1000081.jpg,data/barbell biceps curl/barbell biceps curl_1000081.jpg,data/barbell biceps curl/barbell biceps curl_1000081.jpg,0
barbell biceps curl,barbell biceps curl|num_110,train,7,1.0,61.0,numeric,data/barbell biceps curl/barbell biceps curl_1100001.jpg,data/barbell biceps curl/barbell biceps curl_1100011.jpg,data/barbell biceps curl/barbell biceps curl_1100021.jpg,data/barbell biceps curl/barbell biceps curl_1100031.jpg,data/barbell biceps curl/barbell biceps curl_1100041.jpg,data/barbell biceps curl/barbell biceps curl_1100051.jpg,data/barbell biceps curl/barbell biceps curl_1100061.jpg,data/barbell biceps curl/barbell biceps curl_1100061.jpg,data/barbell biceps curl/barbell biceps curl_1100061.jpg,data/barbell biceps curl/barbell biceps curl_1100061.jpg,data/barbell biceps curl/barbell biceps curl_1100061.jpg,data/barbell biceps curl/barbell biceps curl_1100061.jpg,data/barbell biceps curl/barbell biceps curl_1100061.jpg,data/barbell biceps curl/barbell biceps curl_1100061.jpg,data/barbell biceps curl/barbell biceps curl_1100061.jpg,data/barbell biceps curl/barbell biceps curl_1100061.jpg,0
barbell biceps curl,barbell biceps curl|num_120,train,12,1.0,111.0,numeric,data/barbell biceps curl/barbell biceps curl_1200001.jpg,data/barbell biceps curl/barbell biceps curl_1200011.jpg,data/barbell biceps curl/barbell biceps curl_1200021.jpg,data/barbell biceps curl/barbell biceps curl_1200031.jpg,data/barbell biceps curl/barbell biceps curl_1200041.jpg,data/barbell biceps curl/barbell biceps curl_1200051.jpg,data/barbell biceps curl/barbell biceps curl_1200061.jpg,data/barbell biceps curl/barbell biceps curl_1200071.jpg,data/barbell biceps curl/barbell biceps curl_1200081.jpg,data/barbell biceps curl/barbell biceps curl_1200091.jpg,data/barbell biceps curl/barbell biceps curl_1200101.jpg,data/barbell biceps curl/barbell biceps curl_1200111.jpg,data/barbell biceps curl/barbell biceps curl_1200111.jpg,data/barbell biceps curl/barbell biceps curl_1200111.jpg,data/barbell biceps curl/barbell biceps curl_1200111.jpg,data/barbell biceps curl/barbell biceps curl_1200111.jpg,0
barbell biceps curl,barbell biceps curl|num_130,train,12,1.0,111.0,numeric,data/barbell biceps curl/barbell biceps curl_1300001.jpg,data/barbell biceps curl/barbell biceps curl_1300011.jpg,data/barbell biceps curl/barbell biceps curl_1300021.jpg,data/barbell biceps curl/barbell biceps curl_1300031.jpg,data/barbell biceps curl/barbell biceps curl_1300041.jpg,data/barbell biceps curl/barbell biceps curl_1300051.jpg,data/barbell biceps curl/barbell biceps curl_1300061.jpg,data/barbell biceps curl/barbell biceps curl_1300071.jpg,data/barbell biceps curl/barbell biceps curl_1300081.jpg,data/barbell biceps curl/barbell biceps curl_1300091.jpg,data/barbell biceps curl/barbell biceps curl_1300101.jpg,data/barbell biceps curl/barbell biceps curl_1300111.jpg,data/barbell biceps curl/barbell biceps curl_1300111.jpg,data/barbell biceps curl/barbell biceps curl_1300111.jpg,data/barbell biceps curl/barbell biceps curl_1300111.jpg,data/barbell biceps curl/barbell biceps curl_1300111.jpg,0
barbell biceps curl,barbell biceps curl|num_140,train,6,1.0,51.0,numeric,data/barbell biceps curl/barbell biceps curl_1400001.jpg,data/barbell biceps curl/barbell biceps curl_1400011.jpg,data/barbell biceps curl/barbell biceps curl_1400021.jpg,data/barbell biceps curl/barbell biceps curl_1400031.jpg,data/barbell biceps curl/barbell biceps curl_1400041.jpg,data/barbell biceps curl/barbell biceps curl_1400051.jpg,data/barbell biceps curl/barbell biceps curl_1400051.jpg,data/barbell biceps curl/barbell biceps curl_1400051.jpg,data/barbell biceps curl/barbell biceps curl_1400051.jpg,data/barbell biceps curl/barbell biceps curl_1400051.jpg,data/barbell biceps curl/barbell biceps curl_1400051.jpg,data/barbell biceps curl/barbell biceps curl_1400051.jpg,data/barbell biceps curl/barbell biceps curl_1400051.jpg,data/barbell biceps curl/barbell biceps curl_1400051.jpg,data/barbell biceps curl/barbell biceps curl_1400051.jpg,data/barbell biceps curl/barbell biceps curl_1400051.jpg,0
barbell biceps curl,barbell biceps curl|num_150,train,5,1.0,41.0,numeric,data/barbell biceps curl/barbell biceps curl_1500001.jpg,data/barbell biceps curl/barbell biceps curl_1500011.jpg,data/barbell biceps curl/barbell biceps curl_1500021.jpg,data/barbell biceps curl/barbell biceps curl_1500031.jpg,data/barbell biceps curl/barbell biceps curl_1500041.jpg,data/barbell biceps curl/barbell biceps curl_1500041.jpg,data/barbell biceps curl/barbell biceps curl_1500041.jpg,data/barbell biceps curl/barbell biceps curl_1500041.jpg,data/barbell biceps curl/barbell biceps curl_1500041.jpg,data/barbell biceps curl/barbell biceps curl_1500041.jpg,data/barbell biceps curl/barbell biceps curl_1500041.jpg,data/barbell biceps curl/barbell biceps curl_1500041.jpg,data/barbell biceps curl/barbell biceps curl_1500041.jpg,data/barbell biceps curl/barbell biceps curl_1500041.jpg,data/barbell biceps curl/barbell biceps curl_1500041.jpg,data/barbell biceps curl/barbell biceps curl_1500041.jpg,0
barbell biceps curl,barbell biceps curl|num_160,train,6,1.0,51.0,numeric,data/barbell biceps curl/barbell biceps curl_1600001.jpg,data/barbell biceps curl/barbell biceps curl_1600011.jpg,data/barbell biceps curl/barbell biceps curl_1600021.jpg,data/barbell biceps curl/barbell biceps curl_1600031.jpg,data/barbell biceps curl/barbell biceps curl_1600041.jpg,data/barbell biceps curl/barbell biceps curl_1600051.jpg,data/barbell biceps curl/barbell biceps curl_1600051.jpg,data/barbell biceps curl/barbell biceps curl_1600051.jpg,data/barbell biceps curl/barbell biceps curl_1600051.jpg,data/barbell biceps curl/barbell biceps curl_1600051.jpg,data/barbell biceps curl/barbell biceps curl_1600051.jpg,data/barbell biceps curl/barbell biceps curl_1600051.jpg,data/barbell biceps curl/barbell biceps curl_1600051.jpg,data/barbell biceps curl/barbell biceps curl_1600051.jpg,data/barbell biceps curl/barbell biceps curl_1600051.jpg,data/barbell biceps curl/barbell biceps curl_1600051.jpg,0
barbell biceps curl,barbell biceps curl|num_170,val,6,1.0,51.0,numeric,data/barbell biceps curl/barbell biceps curl_1700001.jpg,data/barbell biceps curl/barbell biceps curl_1700011.jpg,data/barbell biceps curl/barbell biceps curl_1700021.jpg,data/barbell biceps curl/barbell biceps curl_1700031.jpg,data/barbell biceps curl/barbell biceps curl_1700041.jpg,data/barbell biceps curl/barbell biceps curl_1700051.jpg,data/barbell biceps curl/barbell biceps curl_1700051.jpg,data/barbell biceps curl/barbell biceps curl_1700051.jpg,data/barbell biceps curl/barbell biceps curl_1700051.jpg,data/barbell biceps curl/barbell biceps curl_1700051.jpg,data/barbell biceps curl/barbell biceps curl_1700051.jpg,data/barbell biceps curl/barbell biceps curl_1700051.jpg,data/barbell biceps curl/barbell biceps curl_1700051.jpg,data/barbell biceps curl/barbell biceps curl_1700051.jpg,data/barbell biceps curl/barbell biceps curl_1700051.jpg,data/barbell biceps curl/barbell biceps curl_1700051.jpg,0
barbell biceps curl,barbell biceps curl|num_180,train,6,1.0,51.0,numeric,data/barbell biceps curl/barbell biceps curl_1800001.jpg,data/barbell biceps curl/barbell biceps curl_1800011.jpg,data/barbell biceps curl/barbell biceps curl_1800021.jpg,data/barbell biceps curl/barbell biceps curl_1800031.jpg,data/barbell biceps curl/barbell biceps curl_1800041.jpg,data/barbell biceps curl/barbell biceps curl_1800051.jpg,data/barbell biceps curl/barbell biceps curl_1800051.jpg,data/barbell biceps curl/barbell biceps curl_1800051.jpg,data/barbell biceps curl/barbell biceps curl_1800051.jpg,data/barbell biceps curl/barbell biceps curl_1800051.jpg,data/barbell biceps curl/barbell biceps curl_1800051.jpg,data/barbell biceps curl/barbell biceps curl_1800051.jpg,data/barbell biceps curl/barbell biceps curl_1800051.jpg,data/barbell biceps curl/barbell biceps curl_1800051.jpg,data/barbell biceps curl/barbell biceps curl_1800051.jpg,data/barbell biceps curl/barbell biceps curl_1800051.jpg,0
barbell biceps curl,barbell biceps curl|num_190,train,6,1.0,51.0,numeric,data/barbell biceps curl/barbell biceps curl_1900001.jpg,data/barbell biceps curl/barbell biceps curl_1900011.jpg,data/barbell biceps curl/barbell biceps curl_1900021.jpg,data/barbell biceps curl/barbell biceps curl_1900031.jpg,data/barbell biceps curl/barbell biceps curl_1900041.jpg,data/barbell biceps curl/barbell biceps curl_1900051.jpg,data/barbell biceps curl/barbell biceps curl_1900051.jpg,data/barbell biceps curl/barbell biceps curl_1900051.jpg,data/barbell biceps curl/barbell biceps curl_1900051.jpg,data/barbell biceps curl/barbell biceps curl_1900051.jpg,data/barbell biceps curl/barbell biceps curl_1900051.jpg,data/barbell biceps curl/barbell biceps curl_1900051.jpg,data/barbell biceps curl/barbell biceps curl_1900051.jpg,data/barbell biceps curl/barbell biceps curl_1900051.jpg,data/barbell biceps curl/barbell biceps curl_1900051.jpg,data/barbell biceps curl/barbell biceps curl_1900051.jpg,0
barbell biceps curl,barbell biceps curl|num_20,train,7,1.0,61.0,numeric,data/barbell biceps curl/barbell biceps curl_200001.jpg,data/barbell biceps curl/barbell biceps curl_200011.jpg,data/barbell biceps curl/barbell biceps curl_200021.jpg,data/barbell biceps curl/barbell biceps curl_200031.jpg,data/barbell biceps curl/barbell biceps curl_200041.jpg,data/barbell biceps curl/barbell biceps curl_200051.jpg,data/barbell biceps curl/barbell biceps curl_200061.jpg,data/barbell biceps curl/barbell biceps curl_200061.jpg,data/barbell biceps curl/barbell biceps curl_200061.jpg,data/barbell biceps curl/barbell biceps curl_200061.jpg,data/barbell biceps curl/barbell biceps curl_200061.jpg,data/barbell biceps curl/barbell biceps curl_200061.jpg,data/barbell biceps curl/barbell biceps curl_200061.jpg,data/barbell biceps curl/barbell biceps curl_200061.jpg,data/barbell biceps curl/barbell biceps curl_200061.jpg,data/barbell biceps curl/barbell biceps curl_200061.jpg,0
barbell biceps curl,barbell biceps curl|num_200,train,6,1.0,51.0,numeric,data/barbell biceps curl/barbell biceps curl_2000001.jpg,data/barbell biceps curl/barbell biceps curl_2000011.jpg,data/barbell biceps curl/barbell biceps curl_2000021.jpg,data/barbell biceps curl/barbell biceps curl_2000031.jpg,data/barbell biceps curl/barbell biceps curl_2000041.jpg,data/barbell biceps curl/barbell biceps curl_2000051.jpg,data/barbell biceps curl/barbell biceps curl_2000051.jpg,data/barbell biceps curl/barbell biceps curl_2000051.jpg,data/barbell biceps curl/barbell biceps curl_2000051.jpg,data/barbell biceps curl/barbell biceps curl_2000051.jpg,data/barbell biceps curl/barbell biceps curl_2000051.jpg,data/barbell biceps curl/barbell biceps curl_2000051.jpg,data/barbell biceps curl/barbell biceps curl_2000051.jpg,data/barbell biceps curl/barbell biceps curl_2000051.jpg,data/barbell biceps curl/barbell biceps curl_2000051.jpg,data/barbell biceps curl/barbell biceps curl_2000051.jpg,0
barbell biceps curl,barbell biceps curl|num_210,train,6,1.0,51.0,numeric,data/barbell biceps curl/barbell biceps curl_2100001.jpg,data/barbell biceps curl/barbell biceps curl_2100011.jpg,data/barbell biceps curl/barbell biceps curl_2100021.jpg,data/barbell biceps curl/barbell biceps curl_2100031.jpg,data/barbell biceps curl/barbell biceps curl_2100041.jpg,data/barbell biceps curl/barbell biceps curl_2100051.jpg,data/barbell biceps curl/barbell biceps curl_2100051.jpg,data/barbell biceps curl/barbell biceps curl_2100051.jpg,data/barbell biceps curl/barbell biceps curl_2100051.jpg,data/barbell biceps curl/barbell biceps curl_2100051.jpg,data/barbell biceps curl/barbell biceps curl_2100051.jpg,data/barbell biceps curl/barbell biceps curl_2100051.jpg,data/barbell biceps curl/barbell biceps curl_2100051.jpg,data/barbell biceps curl/barbell biceps curl_2100051.jpg,data/barbell biceps curl/barbell biceps curl_2100051.jpg,data/barbell biceps curl/barbell biceps curl_2100051.jpg,0
barbell biceps curl,barbell biceps curl|num_220,train,6,1.0,51.0,numeric,data/barbell biceps curl/barbell biceps curl_2200001.jpg,data/barbell biceps curl/barbell biceps curl_2200011.jpg,data/barbell biceps curl/barbell biceps curl_2200021.jpg,data/barbell biceps curl/barbell biceps curl_2200031.jpg,data/barbell biceps curl/barbell biceps curl_2200041.jpg,data/barbell biceps curl/barbell biceps curl_2200051.jpg,data/barbell biceps curl/barbell biceps curl_2200051.jpg,data/barbell biceps curl/barbell biceps curl_2200051.jpg,data/barbell biceps curl/barbell biceps curl_2200051.jpg,data/barbell biceps curl/barbell biceps curl_2200051.jpg,data/barbell biceps curl/barbell biceps curl_2200051.jpg,data/barbell biceps curl/barbell biceps curl_2200051.jpg,data/barbell biceps curl/barbell biceps curl_2200051.jpg,data/barbell biceps curl/barbell biceps curl_2200051.jpg,data/barbell biceps curl/barbell biceps curl_2200051.jpg,data/barbell biceps curl/barbell biceps curl_2200051.jpg,0
barbell biceps curl,barbell biceps curl|num_230,train,7,1.0,61.0,numeric,data/barbell biceps curl/barbell biceps curl_2300001.jpg,data/barbell biceps curl/barbell biceps curl_2300011.jpg,data/barbell biceps curl/barbell biceps curl_2300021.jpg,data/barbell biceps curl/barbell biceps curl_2300031.jpg,data/barbell biceps curl/barbell biceps curl_2300041.jpg,data/barbell biceps curl/barbell biceps curl_2300051.jpg,data/barbell biceps curl/barbell biceps curl_2300061.jpg,data/barbell biceps curl/barbell biceps curl_2300061.jpg,data/barbell biceps curl/barbell biceps curl_2300061.jpg,data/barbell biceps curl/barbell biceps curl_2300061.jpg,data/barbell biceps curl/barbell biceps curl_2300061.jpg,data/barbell biceps curl/barbell biceps curl_2300061.jpg,data/barbell biceps curl/barbell biceps curl_2300061.jpg,data/barbell biceps curl/barbell biceps curl_2300061.jpg,data/barbell biceps curl/barbell biceps curl_2300061.jpg,data/barbell biceps curl/barbell biceps curl_2300061.jpg,0
barbell biceps curl,barbell biceps curl|num_240,val,8,1.0,71.0,numeric,data/barbell biceps curl/barbell biceps curl_2400001.jpg,data/barbell biceps curl/barbell biceps curl_2400011.jpg,data/barbell biceps curl/barbell biceps curl_2400021.jpg,data/barbell biceps curl/barbell biceps curl_2400031.jpg,data/barbell biceps curl/barbell biceps curl_2400041.jpg,data/barbell biceps curl/barbell biceps curl_2400051.jpg,data/barbell biceps curl/barbell biceps curl_2400061.jpg,data/barbell biceps curl/barbell biceps curl_2400071.jpg,data/barbell biceps curl/barbell biceps curl_2400071.jpg,data/barbell biceps curl/barbell biceps curl_2400071.jpg,data/barbell biceps curl/barbell biceps curl_2400071.jpg,data/barbell biceps curl/barbell biceps curl_2400071.jpg,data/barbell biceps curl/barbell biceps curl_2400071.jpg,data/barbell biceps curl/barbell biceps curl_2400071.jpg,data/barbell biceps curl/barbell biceps curl_2400071.jpg,data/barbell biceps curl/barbell biceps curl_2400071.jpg,0
barbell biceps curl,barbell biceps curl|num_250,train,4,11.0,41.0,numeric,data/barbell biceps curl/barbell biceps curl_2500011.jpg,data/barbell biceps curl/barbell biceps curl_2500021.jpg,data/barbell biceps curl/barbell biceps curl_2500031.jpg,data/barbell biceps curl/barbell biceps curl_2500041.jpg,data/barbell biceps curl/barbell biceps curl_2500041.jpg,data/barbell biceps curl/barbell biceps curl_2500041.jpg,data/barbell biceps curl/barbell biceps curl_2500041.jpg,data/barbell biceps curl/barbell biceps curl_2500041.jpg,data/barbell biceps curl/barbell biceps curl_2500041.jpg,data/barbell biceps curl/barbell biceps curl_2500041.jpg,data/barbell biceps curl/barbell biceps curl_2500041.jpg,data/barbell biceps curl/barbell biceps curl_2500041.jpg,data/barbell biceps curl/barbell biceps curl_2500041.jpg,data/barbell biceps curl/barbell biceps curl_2500041.jpg,data/barbell biceps curl/barbell biceps curl_2500041.jpg,data/barbell biceps curl/barbell biceps curl_2500041.jpg,0
barbell biceps curl,barbell biceps curl|num_260,val,8,1.0,71.0,numeric,data/barbell biceps curl/barbell biceps curl_2600001.jpg,data/barbell biceps curl/barbell biceps curl_2600011.jpg,data/barbell biceps curl/barbell biceps curl_2600021.jpg,data/barbell biceps curl/barbell biceps curl_2600031.jpg,data/barbell biceps curl/barbell biceps curl_2600041.jpg,data/barbell biceps curl/barbell biceps curl_2600051.jpg,data/barbell biceps curl/barbell biceps curl_2600061.jpg,data/barbell biceps curl/barbell biceps curl_2600071.jpg,data/barbell biceps curl/barbell biceps curl_2600071.jpg,data/barbell biceps curl/barbell biceps curl_2600071.jpg,data/barbell biceps curl/barbell biceps curl_2600071.jpg,data/barbell biceps curl/barbell biceps curl_2600071.jpg,data/barbell biceps curl/barbell biceps curl_2600071.jpg,data/barbell biceps curl/barbell biceps curl_2600071.jpg,data/barbell biceps curl/barbell biceps curl_2600071.jpg,data/barbell biceps curl/barbell biceps curl_2600071.jpg,0
barbell biceps curl,barbell biceps curl|num_270,train,6,1.0,51.0,numeric,data/barbell biceps curl/barbell biceps curl_2700001.jpg,data/barbell biceps curl/barbell biceps curl_2700011.jpg,data/barbell biceps curl/barbell biceps curl_2700021.jpg,data/barbell biceps curl/barbell biceps curl_2700031.jpg,data/barbell biceps curl/barbell biceps curl_2700041.jpg,data/barbell biceps curl/barbell biceps curl_2700051.jpg,data/barbell biceps curl/barbell biceps curl_2700051.jpg,data/barbell biceps curl/barbell biceps curl_2700051.jpg,data/barbell biceps curl/barbell biceps curl_2700051.jpg,data/barbell biceps curl/barbell biceps curl_2700051.jpg,data/barbell biceps curl/barbell biceps curl_2700051.jpg,data/barbell biceps curl/barbell biceps curl_2700051.jpg,data/barbell biceps curl/barbell biceps curl_2700051.jpg,data/barbell biceps curl/barbell biceps curl_2700051.jpg,data/barbell biceps curl/barbell biceps curl_2700051.jpg,data/barbell biceps curl/barbell biceps curl_2700051.jpg,0
barbell biceps curl,barbell biceps curl|num_280,val,6,1.0,51.0,numeric,data/barbell biceps curl/barbell biceps curl_2800001.jpg,data/barbell biceps curl/barbell biceps curl_2800011.jpg,data/barbell biceps curl/barbell biceps curl_2800021.jpg,data/barbell biceps curl/barbell biceps curl_2800031.jpg,data/barbell biceps curl/barbell biceps curl_2800041.jpg,data/barbell biceps curl/barbell biceps curl_2800051.jpg,data/barbell biceps curl/barbell biceps curl_2800051.jpg,data/barbell biceps curl/barbell biceps curl_2800051.jpg,data/barbell biceps curl/barbell biceps curl_2800051.jpg,data/barbell biceps curl/barbell biceps curl_2800051.jpg,data/barbell biceps curl/barbell biceps curl_2800051.jpg,data/barbell biceps curl/barbell biceps curl_2800051.jpg,data/barbell biceps curl/barbell biceps curl_2800051.jpg,data/barbell biceps curl/barbell biceps curl_2800051.jpg,data/barbell biceps curl/barbell biceps curl_2800051.jpg,data/barbell biceps curl/barbell biceps curl_2800051.jpg,0
barbell biceps curl,barbell biceps curl|num_290,train,6,1.0,51.0,numeric,data/barbell biceps curl/barbell biceps curl_2900001.jpg,data/barbell biceps curl/barbell biceps curl_2900011.jpg,data/barbell biceps curl/barbell biceps curl_2900021.jpg,data/barbell biceps curl/barbell biceps curl_2900031.jpg,data/barbell biceps curl/barbell biceps curl_2900041.jpg,data/barbell biceps curl/barbell biceps curl_2900051.jpg,data/barbell biceps curl/barbell biceps curl_2900051.jpg,data/barbell biceps curl/barbell biceps curl_2900051.jpg,data/barbell biceps curl/barbell biceps curl_2900051.jpg,data/barbell biceps curl/barbell biceps curl_2900051.jpg,data/barbell biceps curl/barbell biceps curl_2900051.jpg,data/barbell biceps curl/barbell biceps curl_2900051.jpg,data/barbell biceps curl/barbell biceps curl_2900051.jpg,data/barbell biceps curl/barbell biceps curl_2900051.jpg,data/barbell biceps curl/barbell biceps curl_2900051.jpg,data/barbell biceps curl/barbell biceps curl_2900051.jpg,0
barbell biceps curl,barbell biceps curl|num_30,val,7,1.0,61.0,numeric,data/barbell biceps curl/barbell biceps curl_300001.jpg,data/barbell biceps curl/barbell biceps curl_300011.jpg,data/barbell biceps curl/barbell biceps curl_300021.jpg,data/barbell biceps curl/barbell biceps curl_300031.jpg,data/barbell biceps curl/barbell biceps curl_300041.jpg,data/barbell biceps curl/barbell biceps curl_300051.jpg,data/barbell biceps curl/barbell biceps curl_300061.jpg,data/barbell biceps curl/barbell biceps curl_300061.jpg,data/barbell biceps curl/barbell biceps curl_300061.jpg,data/barbell biceps curl/barbell biceps curl_300061.jpg,data/barbell biceps curl/barbell biceps curl_300061.jpg,data/barbell biceps curl/barbell biceps curl_300061.jpg,data/barbell biceps curl/barbell biceps curl_300061.jpg,data/barbell biceps curl/barbell biceps curl_300061.jpg,data/barbell biceps curl/barbell biceps curl_300061.jpg,data/barbell biceps curl/barbell biceps curl_300061.jpg,0
barbell biceps curl,barbell biceps curl|num_300,train,5,1.0,41.0,numeric,data/barbell biceps curl/barbell biceps curl_3000001.jpg,data/barbell biceps curl/barbell biceps curl_3000011.jpg,data/barbell biceps curl/barbell biceps curl_3000021.jpg,data/barbell biceps curl/barbell biceps curl_3000031.jpg,data/barbell biceps curl/barbell biceps curl_3000041.jpg,data/barbell biceps curl/barbell biceps curl_3000041.jpg,data/barbell biceps curl/barbell biceps curl_3000041.jpg,data/barbell biceps curl/barbell biceps curl_3000041.jpg,data/barbell biceps curl/barbell biceps curl_3000041.jpg,data/barbell biceps curl/barbell biceps curl_3000041.jpg,data/barbell biceps curl/barbell biceps curl_3000041.jpg,data/barbell biceps curl/barbell biceps curl_3000041.jpg,data/barbell biceps curl/barbell biceps curl_3000041.jpg,data/barbell biceps curl/barbell biceps curl_3000041.jpg,data/barbell biceps curl/barbell biceps curl_3000041.jpg,data/barbell biceps curl/barbell biceps curl_3000041.jpg,0
barbell biceps curl,barbell biceps curl|num_310,val,6,1.0,51.0,numeric,data/barbell biceps curl/barbell biceps curl_3100001.jpg,data/barbell biceps curl/barbell biceps curl_3100011.jpg,data/barbell biceps curl/barbell biceps curl_3100021.jpg,data/barbell biceps curl/barbell biceps curl_3100031.jpg,data/barbell biceps curl/barbell biceps curl_3100041.jpg,data/barbell biceps curl/barbell biceps curl_3100051.jpg,data/barbell biceps curl/barbell biceps curl_3100051.jpg,data/barbell biceps curl/barbell biceps curl_3100051.jpg,data/barbell biceps curl/barbell biceps curl_3100051.jpg,data/barbell biceps curl/barbell biceps curl_3100051.jpg,data/barbell biceps curl/barbell biceps curl_3100051.jpg,data/barbell biceps curl/barbell biceps curl_3100051.jpg,data/barbell biceps curl/barbell biceps curl_3100051.jpg,data/barbell biceps curl/barbell biceps curl_3100051.jpg,data/barbell biceps curl/barbell biceps curl_3100051.jpg,data/barbell biceps curl/barbell biceps curl_3100051.jpg,0
barbell biceps curl,barbell biceps curl|num_320,train,6,1.0,51.0,numeric,data/barbell biceps curl/barbell biceps curl_3200001.jpg,data/barbell biceps curl/barbell biceps curl_3200011.jpg,data/barbell biceps curl/barbell biceps curl_3200021.jpg,data/barbell biceps curl/barbell biceps curl_3200031.jpg,data/barbell biceps curl/barbell biceps curl_3200041.jpg,data/barbell biceps curl/barbell biceps curl_3200051.jpg,data/barbell biceps curl/barbell biceps curl_3200051.jpg,data/barbell biceps curl/barbell biceps curl_3200051.jpg,data/barbell biceps curl/barbell biceps curl_3200051.jpg,data/barbell biceps curl/barbell biceps curl_3200051.jpg,data/barbell biceps curl/barbell biceps curl_3200051.jpg,data/barbell biceps curl/barbell biceps curl_3200051.jpg,data/barbell biceps curl/barbell biceps curl_3200051.jpg,data/barbell biceps curl/barbell biceps curl_3200051.jpg,data/barbell biceps curl/barbell biceps curl_3200051.jpg,data/barbell biceps curl/barbell biceps curl_3200051.jpg,0
barbell biceps curl,barbell biceps curl|num_330,train,6,1.0,51.0,numeric,data/barbell biceps curl/barbell biceps curl_3300001.jpg,data/barbell biceps curl/barbell biceps curl_3300011.jpg,data/barbell biceps curl/barbell biceps curl_3300021.jpg,data/barbell biceps curl/barbell biceps curl_3300031.jpg,data/barbell biceps curl/barbell biceps curl_3300041.jpg,data/barbell biceps curl/barbell biceps curl_3300051.jpg,data/barbell biceps curl/barbell biceps curl_3300051.jpg,data/barbell biceps curl/barbell biceps curl_3300051.jpg,data/barbell biceps curl/barbell biceps curl_3300051.jpg,data/barbell biceps curl/barbell biceps curl_3300051.jpg,data/barbell biceps curl/barbell biceps curl_3300051.jpg,data/barbell biceps curl/barbell biceps curl_3300051.jpg,data/barbell biceps curl/barbell biceps curl_3300051.jpg,data/barbell biceps curl/barbell biceps curl_3300051.jpg,data/barbell biceps curl/barbell biceps curl_3300051.jpg,data/barbell biceps curl/barbell biceps curl_3300051.jpg,0
barbell biceps curl,barbell biceps curl|num_340,test,6,1.0,51.0,numeric,data/barbell biceps curl/barbell biceps curl_3400001.jpg,data/barbell biceps curl/barbell biceps curl_3400011.jpg,data/barbell biceps curl/barbell biceps curl_3400021.jpg,data/barbell biceps curl/barbell biceps curl_3400031.jpg,data/barbell biceps curl/barbell biceps curl_3400041.jpg,data/barbell biceps curl/barbell biceps curl_3400051.jpg,data/barbell biceps curl/barbell biceps curl_3400051.jpg,data/barbell biceps curl/barbell biceps curl_3400051.jpg,data/barbell biceps curl/barbell biceps curl_3400051.jpg,data/barbell biceps curl/barbell biceps curl_3400051.jpg,data/barbell biceps curl/barbell biceps curl_3400051.jpg,data/barbell biceps curl/barbell biceps curl_3400051.jpg,data/barbell biceps curl/barbell biceps curl_3400051.jpg,data/barbell biceps curl/barbell biceps curl_3400051.jpg,data/barbell biceps curl/barbell biceps curl_3400051.jpg,data/barbell biceps curl/barbell biceps curl_3400051.jpg,0
barbell biceps curl,barbell biceps curl|num_350,train,6,1.0,51.0,numeric,data/barbell biceps curl/barbell biceps curl_3500001.jpg,data/barbell biceps curl/barbell biceps curl_3500011.jpg,data/barbell biceps curl/barbell biceps curl_3500021.jpg,data/barbell biceps curl/barbell biceps curl_3500031.jpg,data/barbell biceps curl/barbell biceps curl_3500041.jpg,data/barbell biceps curl/barbell biceps curl_3500051.jpg,data/barbell biceps curl/barbell biceps curl_3500051.jpg,data/barbell biceps curl/barbell biceps curl_3500051.jpg,data/barbell biceps curl/barbell biceps curl_3500051.jpg,data/barbell biceps curl/barbell biceps curl_3500051.jpg,data/barbell biceps curl/barbell biceps curl_3500051.jpg,data/barbell biceps curl/barbell biceps curl_3500051.jpg,data/barbell biceps curl/barbell biceps curl_3500051.jpg,data/barbell biceps curl/barbell biceps curl_3500051.jpg,data/barbell biceps curl/barbell biceps curl_3500051.jpg,data/barbell biceps curl/barbell biceps curl_3500051.jpg,0
barbell biceps curl,barbell biceps curl|num_360,train,4,1.0,31.0,numeric,data/barbell biceps curl/barbell biceps curl_3600001.jpg,data/barbell biceps curl/barbell biceps curl_3600011.jpg,data/barbell biceps curl/barbell biceps curl_3600021.jpg,data/barbell biceps curl/barbell biceps curl_3600031.jpg,data/barbell biceps curl/barbell biceps curl_3600031.jpg,data/barbell biceps curl/barbell biceps curl_3600031.jpg,data/barbell biceps curl/barbell biceps curl_3600031.jpg,data/barbell biceps curl/barbell biceps curl_3600031.jpg,data/barbell biceps curl/barbell biceps curl_3600031.jpg,data/barbell biceps curl/barbell biceps curl_3600031.jpg,data/barbell biceps curl/barbell biceps curl_3600031.jpg,data/barbell biceps curl/barbell biceps curl_3600031.jpg,data/barbell biceps curl/barbell biceps curl_3600031.jpg,data/barbell biceps curl/barbell biceps curl_3600031.jpg,data/barbell biceps curl/barbell biceps curl_3600031.jpg,data/barbell biceps curl/barbell biceps curl_3600031.jpg,0
barbell biceps curl,barbell biceps curl|num_370,train,6,1.0,51.0,numeric,data/barbell biceps curl/barbell biceps curl_3700001.jpg,data/barbell biceps curl/barbell biceps curl_3700011.jpg,data/barbell biceps curl/barbell biceps curl_3700021.jpg,data/barbell biceps curl/barbell biceps curl_3700031.jpg,data/barbell biceps curl/barbell biceps curl_3700041.jpg,data/barbell biceps curl/barbell biceps curl_3700051.jpg,data/barbell biceps curl/barbell biceps curl_3700051.jpg,data/barbell biceps curl/barbell biceps curl_3700051.jpg,data/barbell biceps curl/barbell biceps curl_3700051.jpg,data/barbell biceps curl/barbell biceps curl_3700051.jpg,data/barbell biceps curl/barbell biceps curl_3700051.jpg,data/barbell biceps curl/barbell biceps curl_3700051.jpg,data/barbell biceps curl/barbell biceps curl_3700051.jpg,data/barbell biceps curl/barbell biceps curl_3700051.jpg,data/barbell biceps curl/barbell biceps curl_3700051.jpg,data/barbell biceps curl/barbell biceps curl_3700051.jpg,0
barbell biceps curl,barbell biceps curl|num_380,train,6,1.0,51.0,numeric,data/barbell biceps curl/barbell biceps curl_3800001.jpg,data/barbell biceps curl/barbell biceps curl_3800011.jpg,data/barbell biceps curl/barbell biceps curl_3800021.jpg,data/barbell biceps curl/barbell biceps curl_3800031.jpg,data/barbell biceps curl/barbell biceps curl_3800041.jpg,data/barbell biceps curl/barbell biceps curl_3800051.jpg,data/barbell biceps curl/barbell biceps curl_3800051.jpg,data/barbell biceps curl/barbell biceps curl_3800051.jpg,data/barbell biceps curl/barbell biceps curl_3800051.jpg,data/barbell biceps curl/barbell biceps curl_3800051.jpg,data/barbell biceps curl/barbell biceps curl_3800051.jpg,data/barbell biceps curl/barbell biceps curl_3800051.jpg,data/barbell biceps curl/barbell biceps curl_3800051.jpg,data/barbell biceps curl/barbell biceps curl_3800051.jpg,data/barbell biceps curl/barbell biceps curl_3800051.jpg,data/barbell biceps curl/barbell biceps curl_3800051.jpg,0
barbell biceps curl,barbell biceps curl|num_390,train,5,1.0,41.0,numeric,data/barbell biceps curl/barbell biceps curl_3900001.jpg,data/barbell biceps curl/barbell biceps curl_3900011.jpg,data/barbell biceps curl/barbell biceps curl_3900021.jpg,data/barbell biceps curl/barbell biceps curl_3900031.jpg,data/barbell biceps curl/barbell biceps curl_3900041.jpg,data/barbell biceps curl/barbell biceps curl_3900041.jpg,data/barbell biceps curl/barbell biceps curl_3900041.jpg,data/barbell biceps curl/barbell biceps curl_3900041.jpg,data/barbell biceps curl/barbell biceps curl_3900041.jpg,data/barbell biceps curl/barbell biceps curl_3900041.jpg,data/barbell biceps curl/barbell biceps curl_3900041.jpg,data/barbell biceps curl/barbell biceps curl_3900041.jpg,data/barbell biceps curl/barbell biceps curl_3900041.jpg,data/barbell biceps curl/barbell biceps curl_3900041.jpg,data/barbell biceps curl/barbell biceps curl_3900041.jpg,data/barbell biceps curl/barbell biceps curl_3900041.jpg,0
barbell biceps curl,barbell biceps curl|num_40,train,5,1.0,41.0,numeric,data/barbell biceps curl/barbell biceps curl_400001.jpg,data/barbell biceps curl/barbell biceps curl_400011.jpg,data/barbell biceps curl/barbell biceps curl_400021.jpg,data/barbell biceps curl/barbell biceps curl_400031.jpg,data/barbell biceps curl/barbell biceps curl_400041.jpg,data/barbell biceps curl/barbell biceps curl_400041.jpg,data/barbell biceps curl/barbell biceps curl_400041.jpg,data/barbell biceps curl/barbell biceps curl_400041.jpg,data/barbell biceps curl/barbell biceps curl_400041.jpg,data/barbell biceps curl/barbell biceps curl_400041.jpg,data/barbell biceps curl/barbell biceps curl_400041.jpg,data/barbell biceps curl/barbell biceps curl_400041.jpg,data/barbell biceps curl/barbell biceps curl_400041.jpg,data/barbell biceps curl/barbell biceps curl_400041.jpg,data/barbell biceps curl/barbell biceps curl_400041.jpg,data/barbell biceps curl/barbell biceps curl_400041.jpg,0
barbell biceps curl,barbell biceps curl|num_400,train,20,1.0,191.0,numeric,data/barbell biceps curl/barbell biceps curl_4000001.jpg,data/barbell biceps curl/barbell biceps curl_4000011.jpg,data/barbell biceps curl/barbell biceps curl_4000021.jpg,data/barbell biceps curl/barbell biceps curl_4000031.jpg,data/barbell biceps curl/barbell biceps curl_4000051.jpg,data/barbell biceps curl/barbell biceps curl_4000061.jpg,data/barbell biceps curl/barbell biceps curl_4000071.jpg,data/barbell biceps curl/barbell biceps curl_4000081.jpg,data/barbell biceps curl/barbell biceps curl_4000101.jpg,data/barbell biceps curl/barbell biceps curl_4000111.jpg,data/barbell biceps curl/barbell biceps curl_4000121.jpg,data/barbell biceps curl/barbell biceps curl_4000131.jpg,data/barbell biceps curl/barbell biceps curl_4000151.jpg,data/barbell biceps curl/barbell biceps curl_4000161.jpg,data/barbell biceps curl/barbell biceps curl_4000171.jpg,data/barbell biceps curl/barbell biceps curl_4000191.jpg,0
barbell biceps curl,barbell biceps curl|num_410,train,20,1.0,191.0,numeric,data/barbell biceps curl/barbell biceps curl_4100001.jpg,data/barbell biceps curl/barbell biceps curl_4100011.jpg,data/barbell biceps curl/barbell biceps curl_4100021.jpg,data/barbell biceps curl/barbell biceps curl_4100031.jpg,data/barbell biceps curl/barbell biceps curl_4100051.jpg,data/barbell biceps curl/barbell biceps curl_4100061.jpg,data/barbell biceps curl/barbell biceps curl_4100071.jpg,data/barbell biceps curl/barbell biceps curl_4100081.jpg,data/barbell biceps curl/barbell biceps curl_4100101.jpg,data/barbell biceps curl/barbell biceps curl_4100111.jpg,data/barbell biceps curl/barbell biceps curl_4100121.jpg,data/barbell biceps curl/barbell biceps curl_4100131.jpg,data/barbell biceps curl/barbell biceps curl_4100151.jpg,data/barbell biceps curl/barbell biceps curl_4100161.jpg,data/barbell biceps curl/barbell biceps curl_4100171.jpg,data/barbell biceps curl/barbell biceps curl_4100191.jpg,0
barbell biceps curl,barbell biceps curl|num_420,train,14,1.0,131.0,numeric,data/barbell biceps curl/barbell biceps curl_4200001.jpg,data/barbell biceps curl/barbell biceps curl_4200011.jpg,data/barbell biceps curl/barbell biceps curl_4200021.jpg,data/barbell biceps curl/barbell biceps curl_4200031.jpg,data/barbell biceps curl/barbell biceps curl_4200041.jpg,data/barbell biceps curl/barbell biceps curl_4200051.jpg,data/barbell biceps curl/barbell biceps curl_4200061.jpg,data/barbell biceps curl/barbell biceps curl_4200071.jpg,data/barbell biceps curl/barbell biceps curl_4200081.jpg,data/barbell biceps curl/barbell biceps curl_4200091.jpg,data/barbell biceps curl/barbell biceps curl_4200101.jpg,data/barbell biceps curl/barbell biceps curl_4200111.jpg,data/barbell biceps curl/barbell biceps curl_4200121.jpg,data/barbell biceps curl/barbell biceps curl_4200131.jpg,data/barbell biceps curl/barbell biceps curl_4200131.jpg,data/barbell biceps curl/barbell biceps curl_4200131.jpg,0
barbell biceps curl,barbell biceps curl|num_430,train,13,1.0,121.0,numeric,data/barbell biceps curl/barbell biceps curl_4300001.jpg,data/barbell biceps curl/barbell biceps curl_4300011.jpg,data/barbell biceps curl/barbell biceps curl_4300021.jpg,data/barbell biceps curl/barbell biceps curl_4300031.jpg,data/barbell biceps curl/barbell biceps curl_4300041.jpg,data/barbell biceps curl/barbell biceps curl_4300051.jpg,data/barbell biceps curl/barbell biceps curl_4300061.jpg,data/barbell biceps curl/barbell biceps curl_4300071.jpg,data/barbell biceps curl/barbell biceps curl_4300081.jpg,data/barbell biceps curl/barbell biceps curl_4300091.jpg,data/barbell biceps curl/barbell biceps curl_4300101.jpg,data/barbell biceps curl/barbell biceps curl_4300111.jpg,data/barbell biceps curl/barbell biceps curl_4300121.jpg,data/barbell biceps curl/barbell biceps curl_4300121.jpg,data/barbell biceps curl/barbell biceps curl_4300121.jpg,data/barbell biceps curl/barbell biceps curl_4300121.jpg,0
barbell biceps curl,barbell biceps curl|num_440,train,23,1.0,221.0,numeric,data/barbell biceps curl/barbell biceps curl_4400001.jpg,data/barbell biceps curl/barbell biceps curl_4400011.jpg,data/barbell biceps curl/barbell biceps curl_4400021.jpg,data/barbell biceps curl/barbell biceps curl_4400041.jpg,data/barbell biceps curl/barbell biceps curl_4400051.jpg,data/barbell biceps curl/barbell biceps curl_4400071.jpg,data/barbell biceps curl/barbell biceps curl_4400081.jpg,data/barbell biceps curl/barbell biceps curl_4400101.jpg,data/barbell biceps curl/barbell biceps curl_4400111.jpg,data/barbell biceps curl/barbell biceps curl_4400131.jpg,data/barbell biceps curl/barbell biceps curl_4400141.jpg,data/barbell biceps curl/barbell biceps curl_4400161.jpg,data/barbell biceps curl/barbell biceps curl_4400171.jpg,data/barbell biceps curl/barbell biceps curl_4400191.jpg,data/barbell biceps curl/barbell biceps curl_4400201.jpg,data/barbell biceps curl/barbell biceps curl_4400221.jpg,0
barbell biceps curl,barbell biceps curl|num_450,train,42,1.0,411.0,numeric,data/barbell biceps curl/barbell biceps curl_4500001.jpg,data/barbell biceps curl/barbell biceps curl_4500021.jpg,data/barbell biceps curl/barbell biceps curl_4500051.jpg,data/barbell biceps curl/barbell biceps curl_4500081.jpg,data/barbell biceps curl/barbell biceps curl_4500101.jpg,data/barbell biceps curl/barbell biceps curl_4500131.jpg,data/barbell biceps curl/barbell biceps curl_4500161.jpg,data/barbell biceps curl/barbell biceps curl_4500191.jpg,data/barbell biceps curl/barbell biceps curl_4500211.jpg,data/barbell biceps curl/barbell biceps curl_4500241.jpg,data/barbell biceps curl/barbell biceps curl_4500271.jpg,data/barbell biceps curl/barbell biceps curl_4500301.jpg,data/barbell biceps curl/barbell biceps curl_4500321.jpg,data/barbell biceps curl/barbell biceps curl_4500351.jpg,data/barbell biceps curl/barbell biceps curl_4500381.jpg,data/barbell biceps curl/barbell biceps curl_4500411.jpg,0
barbell biceps curl,barbell biceps curl|num_460,train,10,1.0,91.0,numeric,data/barbell biceps curl/barbell biceps curl_4600001.jpg,data/barbell biceps curl/barbell biceps curl_4600011.jpg,data/barbell biceps curl/barbell biceps curl_4600021.jpg,data/barbell biceps curl/barbell biceps curl_4600031.jpg,data/barbell biceps curl/barbell biceps curl_4600041.jpg,data/barbell biceps curl/barbell biceps curl_4600051.jpg,data/barbell biceps curl/barbell biceps curl_4600061.jpg,data/barbell biceps curl/barbell biceps curl_4600071.jpg,data/barbell biceps curl/barbell biceps curl_4600081.jpg,data/barbell biceps curl/barbell biceps curl_4600091.jpg,data/barbell biceps curl/barbell biceps curl_4600091.jpg,data/barbell biceps curl/barbell biceps curl_4600091.jpg,data/barbell biceps curl/barbell biceps curl_4600091.jpg,data/barbell biceps curl/barbell biceps curl_4600091.jpg,data/barbell biceps curl/barbell biceps curl_4600091.jpg,data/barbell biceps curl/barbell biceps curl_4600091.jpg,0
barbell biceps curl,barbell biceps curl|num_470,train,12,1.0,111.0,numeric,data/barbell biceps curl/barbell biceps curl_4700001.jpg,data/barbell biceps curl/barbell biceps curl_4700011.jpg,data/barbell biceps curl/barbell biceps curl_4700021.jpg,data/barbell biceps curl/barbell biceps curl_4700031.jpg,data/barbell biceps curl/barbell biceps curl_4700041.jpg,data/barbell biceps curl/barbell biceps curl_4700051.jpg,data/barbell biceps curl/barbell biceps curl_4700061.jpg,data/barbell biceps curl/barbell biceps curl_4700071.jpg,data/barbell biceps curl/barbell biceps curl_4700081.jpg,data/barbell biceps curl/barbell biceps curl_4700091.jpg,data/barbell biceps curl/barbell biceps curl_4700101.jpg,data/barbell biceps curl/barbell biceps curl_4700111.jpg,data/barbell biceps curl/barbell biceps curl_4700111.jpg,data/barbell biceps curl/barbell biceps curl_4700111.jpg,data/barbell biceps curl/barbell biceps curl_4700111.jpg,data/barbell biceps curl/barbell biceps curl_4700111.jpg,0
barbell biceps curl,barbell biceps curl|num_480,train,7,1.0,61.0,numeric,data/barbell biceps curl/barbell biceps curl_4800001.jpg,data/barbell biceps curl/barbell biceps curl_4800011.jpg,data/barbell biceps curl/barbell biceps curl_4800021.jpg,data/barbell biceps curl/barbell biceps curl_4800031.jpg,data/barbell biceps curl/barbell biceps curl_4800041.jpg,data/barbell biceps curl/barbell biceps curl_4800051.jpg,data/barbell biceps curl/barbell biceps curl_4800061.jpg,data/barbell biceps curl/barbell biceps curl_4800061.jpg,data/barbell biceps curl/barbell biceps curl_4800061.jpg,data/barbell biceps curl/barbell biceps curl_4800061.jpg,data/barbell biceps curl/barbell biceps curl_4800061.jpg,data/barbell biceps curl/barbell biceps curl_4800061.jpg,data/barbell biceps curl/barbell biceps curl_4800061.jpg,data/barbell biceps curl/barbell biceps curl_4800061.jpg,data/barbell biceps curl/barbell biceps curl_4800061.jpg,data/barbell biceps curl/barbell biceps curl_4800061.jpg,0
barbell biceps curl,barbell biceps curl|num_490,train,9,1.0,81.0,numeric,data/barbell biceps curl/barbell biceps curl_4900001.jpg,data/barbell biceps curl/barbell biceps curl_4900011.jpg,data/barbell biceps curl/barbell biceps curl_4900021.jpg,data/barbell biceps curl/barbell biceps curl_4900031.jpg,data/barbell biceps curl/barbell biceps curl_4900041.jpg,data/barbell biceps curl/barbell biceps curl_4900051.jpg,data/barbell biceps curl/barbell biceps curl_4900061.jpg,data/barbell biceps curl/barbell biceps curl_4900071.jpg,data/barbell biceps curl/barbell biceps curl_4900081.jpg,data/barbell biceps curl/barbell biceps curl_4900081.jpg,data/barbell biceps curl/barbell biceps curl_4900081.jpg,data/barbell biceps curl/barbell biceps curl_4900081.jpg,data/barbell biceps curl/barbell biceps curl_4900081.jpg,data/barbell biceps curl/barbell biceps curl_4900081.jpg,data/barbell biceps curl/barbell biceps curl_4900081.jpg,data/barbell biceps curl/barbell biceps curl_4900081.jpg,0
barbell biceps curl,barbell biceps curl|num_50,train,7,1.0,61.0,numeric,data/barbell biceps curl/barbell biceps curl_500001.jpg,data/barbell biceps curl/barbell biceps curl_500011.jpg,data/barbell biceps curl/barbell biceps curl_500021.jpg,data/barbell biceps curl/barbell biceps curl_500031.jpg,data/barbell biceps curl/barbell biceps curl_500041.jpg,data/barbell biceps curl/barbell biceps curl_500051.jpg,data/barbell biceps curl/barbell biceps curl_500061.jpg,data/barbell biceps curl/barbell biceps curl_500061.jpg,data/barbell biceps curl/barbell biceps curl_500061.jpg,data/barbell biceps curl/barbell biceps curl_500061.jpg,data/barbell biceps curl/barbell biceps curl_500061.jpg,data/barbell biceps curl/barbell biceps curl_500061.jpg,data/barbell biceps curl/barbell biceps curl_500061.jpg,data/barbell biceps curl/barbell biceps curl_500061.jpg,data/barbell biceps curl/barbell biceps curl_500061.jpg,data/barbell biceps curl/barbell biceps curl_500061.jpg,0
barbell biceps curl,barbell biceps curl|num_500,train,15,1.0,141.0,numeric,data/barbell biceps curl/barbell biceps curl_5000001.jpg,data/barbell biceps curl/barbell biceps curl_5000011.jpg,data/barbell biceps curl/barbell biceps curl_5000021.jpg,data/barbell biceps curl/barbell biceps curl_5000031.jpg,data/barbell biceps curl/barbell biceps curl_5000041.jpg,data/barbell biceps curl/barbell biceps curl_5000051.jpg,data/barbell biceps curl/barbell biceps curl_5000061.jpg,data/barbell biceps curl/barbell biceps curl_5000071.jpg,data/barbell biceps curl/barbell biceps curl_5000081.jpg,data/barbell biceps curl/barbell biceps curl_5000091.jpg,data/barbell biceps curl/barbell biceps curl_5000101.jpg,data/barbell biceps curl/barbell biceps curl_5000111.jpg,data/barbell biceps curl/barbell biceps curl_5000121.jpg,data/barbell biceps curl/barbell biceps curl_5000131.jpg,data/barbell biceps curl/barbell biceps curl_5000141.jpg,data/barbell biceps curl/barbell biceps curl_5000141.jpg,0
barbell biceps curl,barbell biceps curl|num_510,train,28,1.0,271.0,numeric,data/barbell biceps curl/barbell biceps curl_5100001.jpg,data/barbell biceps curl/barbell biceps curl_5100011.jpg,data/barbell biceps curl/barbell biceps curl_5100031.jpg,data/barbell biceps curl/barbell biceps curl_5100051.jpg,data/barbell biceps curl/barbell biceps curl_5100071.jpg,data/barbell biceps curl/barbell biceps curl_5100091.jpg,data/barbell biceps curl/barbell biceps curl_5100101.jpg,data/barbell biceps curl/barbell biceps curl_5100121.jpg,data/barbell biceps curl/barbell biceps curl_5100141.jpg,data/barbell biceps curl/barbell biceps curl_5100161.jpg,data/barbell biceps curl/barbell biceps curl_5100181.jpg,data/barbell biceps curl/barbell biceps curl_5100191.jpg,data/barbell biceps curl/barbell biceps curl_5100211.jpg,data/barbell biceps curl/barbell biceps curl_5100231.jpg,data/barbell biceps curl/barbell biceps curl_5100251.jpg,data/barbell biceps curl/barbell biceps curl_5100271.jpg,0
barbell biceps curl,barbell biceps curl|num_520,train,35,11.0,351.0,numeric,data/barbell biceps curl/barbell biceps curl_5200011.jpg,data/barbell biceps curl/barbell biceps curl_5200031.jpg,data/barbell biceps curl/barbell biceps curl_5200051.jpg,data/barbell biceps curl/barbell biceps curl_5200071.jpg,data/barbell biceps curl/barbell biceps curl_5200101.jpg,data/barbell biceps curl/barbell biceps curl_5200121.jpg,data/barbell biceps curl/barbell biceps curl_5200141.jpg,data/barbell biceps curl/barbell biceps curl_5200161.jpg,data/barbell biceps curl/barbell biceps curl_5200191.jpg,data/barbell biceps curl/barbell biceps curl_5200211.jpg,data/barbell biceps curl/barbell biceps curl_5200231.jpg,data/barbell biceps curl/barbell biceps curl_5200251.jpg,data/barbell biceps curl/barbell biceps curl_5200281.jpg,data/barbell biceps curl/barbell biceps curl_5200301.jpg,data/barbell biceps curl/barbell biceps curl_5200321.jpg,data/barbell biceps curl/barbell biceps curl_5200351.jpg,0
barbell biceps curl,barbell biceps curl|num_530,train,18,1.0,171.0,numeric,data/barbell biceps curl/barbell biceps curl_5300001.jpg,data/barbell biceps curl/barbell biceps curl_5300011.jpg,data/barbell biceps curl/barbell biceps curl_5300021.jpg,data/barbell biceps curl/barbell biceps curl_5300031.jpg,data/barbell biceps curl/barbell biceps curl_5300041.jpg,data/barbell biceps curl/barbell biceps curl_5300051.jpg,data/barbell biceps curl/barbell biceps curl_5300061.jpg,data/barbell biceps curl/barbell biceps curl_5300071.jpg,data/barbell biceps curl/barbell biceps curl_5300091.jpg,data/barbell biceps curl/barbell biceps curl_5300101.jpg,data/barbell biceps curl/barbell biceps curl_5300111.jpg,data/barbell biceps curl/barbell biceps curl_5300121.jpg,data/barbell biceps curl/barbell biceps curl_5300131.jpg,data/barbell biceps curl/barbell biceps curl_5300141.jpg,data/barbell biceps curl/barbell biceps curl_5300151.jpg,data/barbell biceps curl/barbell biceps curl_5300171.jpg,0
barbell biceps curl,barbell biceps curl|num_540,train,14,1.0,131.0,numeric,data/barbell biceps curl/barbell biceps curl_5400001.jpg,data/barbell biceps curl/barbell biceps curl_5400011.jpg,data/barbell biceps curl/barbell biceps curl_5400021.jpg,data/barbell biceps curl/barbell biceps curl_5400031.jpg,data/barbell biceps curl/barbell biceps curl_5400041.jpg,data/barbell biceps curl/barbell biceps curl_5400051.jpg,data/barbell biceps curl/barbell biceps curl_5400061.jpg,data/barbell biceps curl/barbell biceps curl_5400071.jpg,data/barbell biceps curl/barbell biceps curl_5400081.jpg,data/barbell biceps curl/barbell biceps curl_5400091.jpg,data/barbell biceps curl/barbell biceps curl_5400101.jpg,data/barbell biceps curl/barbell biceps curl_5400111.jpg,data/barbell biceps curl/barbell biceps curl_5400121.jpg,data/barbell biceps curl/barbell biceps curl_5400131.jpg,data/barbell biceps curl/barbell biceps curl_5400131.jpg,data/barbell biceps curl/barbell biceps curl_5400131.jpg,0
barbell biceps curl,barbell biceps curl|num_550,train,14,1.0,131.0,numeric,data/barbell biceps curl/barbell biceps curl_5500001.jpg,data/barbell biceps curl/barbell biceps curl_5500011.jpg,data/barbell biceps curl/barbell biceps curl_5500021.jpg,data/barbell biceps curl/barbell biceps curl_5500031.jpg,data/barbell biceps curl/barbell biceps curl_5500041.jpg,data/barbell biceps curl/barbell biceps curl_5500051.jpg,data/barbell biceps curl/barbell biceps curl_5500061.jpg,data/barbell biceps curl/barbell biceps curl_5500071.jpg,data/barbell biceps curl/barbell biceps curl_5500081.jpg,data/barbell biceps curl/barbell biceps curl_5500091.jpg,data/barbell biceps curl/barbell biceps curl_5500101.jpg,data/barbell biceps curl/barbell biceps curl_5500111.jpg,data/barbell biceps curl/barbell biceps curl_5500121.jpg,data/barbell biceps curl/barbell biceps curl_5500131.jpg,data/barbell biceps curl/barbell biceps curl_5500131.jpg,data/barbell biceps curl/barbell biceps curl_5500131.jpg,0
barbell biceps curl,barbell biceps curl|num_560,train,21,11.0,211.0,numeric,data/barbell biceps curl/barbell biceps curl_5600011.jpg,data/barbell biceps curl/barbell biceps curl_5600021.jpg,data/barbell biceps curl/barbell biceps curl_5600031.jpg,data/barbell biceps curl/barbell biceps curl_5600051.jpg,data/barbell biceps curl/barbell biceps curl_5600061.jpg,data/barbell biceps curl/barbell biceps curl_5600071.jpg,data/barbell biceps curl/barbell biceps curl_5600091.jpg,data/barbell biceps curl/barbell biceps curl_5600101.jpg,data/barbell biceps curl/barbell biceps curl_5600111.jpg,data/barbell biceps curl/barbell biceps curl_5600131.jpg,data/barbell biceps curl/barbell biceps curl_5600141.jpg,data/barbell biceps curl/barbell biceps curl_5600151.jpg,data/barbell biceps curl/barbell biceps curl_5600171.jpg,data/barbell biceps curl/barbell biceps curl_5600181.jpg,data/barbell biceps curl/barbell biceps curl_5600191.jpg,data/barbell biceps curl/barbell biceps curl_5600211.jpg,0
barbell biceps curl,barbell biceps curl|num_570,train,24,1.0,231.0,numeric,data/barbell biceps curl/barbell biceps curl_5700001.jpg,data/barbell biceps curl/barbell biceps curl_5700011.jpg,data/barbell biceps curl/barbell biceps curl_5700031.jpg,data/barbell biceps curl/barbell biceps curl_5700041.jpg,data/barbell biceps curl/barbell biceps curl_5700061.jpg,data/barbell biceps curl/barbell biceps curl_5700071.jpg,data/barbell biceps curl/barbell biceps curl_5700091.jpg,data/barbell biceps curl/barbell biceps curl_5700101.jpg,data/barbell biceps curl/barbell biceps curl_5700121.jpg,data/barbell biceps curl/barbell biceps curl_5700131.jpg,data/barbell biceps curl/barbell biceps curl_5700151.jpg,data/barbell biceps curl/barbell biceps curl_5700161.jpg,data/barbell biceps curl/barbell biceps curl_5700181.jpg,data/barbell biceps curl/barbell biceps curl_5700191.jpg,data/barbell biceps curl/barbell biceps curl_5700211.jpg,data/barbell biceps curl/barbell biceps curl_5700231.jpg,0
barbell biceps curl,barbell biceps curl|num_580,train,17,1.0,161.0,numeric,data/barbell biceps curl/barbell biceps curl_5800001.jpg,data/barbell biceps curl/barbell biceps curl_5800011.jpg,data/barbell biceps curl/barbell biceps curl_5800021.jpg,data/barbell biceps curl/barbell biceps curl_5800031.jpg,data/barbell biceps curl/barbell biceps curl_5800041.jpg,data/barbell biceps curl/barbell biceps curl_5800051.jpg,data/barbell biceps curl/barbell biceps curl_5800061.jpg,data/barbell biceps curl/barbell biceps curl_5800071.jpg,data/barbell biceps curl/barbell biceps curl_5800081.jpg,data/barbell biceps curl/barbell biceps curl_5800091.jpg,data/barbell biceps curl/barbell biceps curl_5800101.jpg,data/barbell biceps curl/barbell biceps curl_5800111.jpg,data/barbell biceps curl/barbell biceps curl_5800121.jpg,data/barbell biceps curl/barbell biceps curl_5800131.jpg,data/barbell biceps curl/barbell biceps curl_5800141.jpg,data/barbell biceps curl/barbell biceps curl_5800161.jpg,0
barbell biceps curl,barbell biceps curl|num_590,train,18,1.0,171.0,numeric,data/barbell biceps curl/barbell biceps curl_5900001.jpg,data/barbell biceps curl/barbell biceps curl_5900011.jpg,data/barbell biceps curl/barbell biceps curl_5900021.jpg,data/barbell biceps curl/barbell biceps curl_5900031.jpg,data/barbell biceps curl/barbell biceps curl_5900041.jpg,data/barbell biceps curl/barbell biceps curl_5900051.jpg,data/barbell biceps curl/barbell biceps curl_5900061.jpg,data/barbell biceps curl/barbell biceps curl_5900071.jpg,data/barbell biceps curl/barbell biceps curl_5900091.jpg,data/barbell biceps curl/barbell biceps curl_5900101.jpg,data/barbell biceps curl/barbell biceps curl_5900111.jpg,data/barbell biceps curl/barbell biceps curl_5900121.jpg,data/barbell biceps curl/barbell biceps curl_5900131.jpg,data/barbell biceps curl/barbell biceps curl_5900141.jpg,data/barbell biceps curl/barbell biceps curl_5900151.jpg,data/barbell biceps curl/barbell biceps curl_5900171.jpg,0
barbell biceps curl,barbell biceps curl|num_60,train,9,1.0,81.0,numeric,data/barbell biceps curl/barbell biceps curl_600001.jpg,data/barbell biceps curl/barbell biceps curl_600011.jpg,data/barbell biceps curl/barbell biceps curl_600021.jpg,data/barbell biceps curl/barbell biceps curl_600031.jpg,data/barbell biceps curl/barbell biceps curl_600041.jpg,data/barbell biceps curl/barbell biceps curl_600051.jpg,data/barbell biceps curl/barbell biceps curl_600061.jpg,data/barbell biceps curl/barbell biceps curl_600071.jpg,data/barbell biceps curl/barbell biceps curl_600081.jpg,data/barbell biceps curl/barbell biceps curl_600081.jpg,data/barbell biceps curl/barbell biceps curl_600081.jpg,data/barbell biceps curl/barbell biceps curl_600081.jpg,data/barbell biceps curl/barbell biceps curl_600081.jpg,data/barbell biceps curl/barbell biceps curl_600081.jpg,data/barbell biceps curl/barbell biceps curl_600081.jpg,data/barbell biceps curl/barbell biceps curl_600081.jpg,0
barbell biceps curl,barbell biceps curl|num_600,train,25,1.0,241.0,numeric,data/barbell biceps curl/barbell biceps curl_6000001.jpg,data/barbell biceps curl/barbell biceps curl_6000011.jpg,data/barbell biceps curl/barbell biceps curl_6000031.jpg,data/barbell biceps curl/barbell biceps curl_6000041.jpg,data/barbell biceps curl/barbell biceps curl_6000061.jpg,data/barbell biceps curl/barbell biceps curl_6000081.jpg,data/barbell biceps curl/barbell biceps curl_6000091.jpg,data/barbell biceps curl/barbell biceps curl_6000111.jpg,data/barbell biceps curl/barbell biceps curl_6000121.jpg,data/barbell biceps curl/barbell biceps curl_6000141.jpg,data/barbell biceps curl/barbell biceps curl_6000161.jpg,data/barbell biceps curl/barbell biceps curl_6000171.jpg,data/barbell biceps curl/barbell biceps curl_6000191.jpg,data/barbell biceps curl/barbell biceps curl_6000201.jpg,data/barbell biceps curl/barbell biceps curl_6000221.jpg,data/barbell biceps curl/barbell biceps curl_6000241.jpg,0
barbell biceps curl,barbell biceps curl|num_610,train,7,1.0,61.0,numeric,data/barbell biceps curl/barbell biceps curl_6100001.jpg,data/barbell biceps curl/barbell biceps curl_6100011.jpg,data/barbell biceps curl/barbell biceps curl_6100021.jpg,data/barbell biceps curl/barbell biceps curl_6100031.jpg,data/barbell biceps curl/barbell biceps curl_6100041.jpg,data/barbell biceps curl/barbell biceps curl_6100051.jpg,data/barbell biceps curl/barbell biceps curl_6100061.jpg,data/barbell biceps curl/barbell biceps curl_6100061.jpg,data/barbell biceps curl/barbell biceps curl_6100061.jpg,data/barbell biceps curl/barbell biceps curl_6100061.jpg,data/barbell biceps curl/barbell biceps curl_6100061.jpg,data/barbell biceps curl/barbell biceps curl_6100061.jpg,data/barbell biceps curl/barbell biceps curl_6100061.jpg,data/barbell biceps curl/barbell biceps curl_6100061.jpg,data/barbell biceps curl/barbell biceps curl_6100061.jpg,data/barbell biceps curl/barbell biceps curl_6100061.jpg,0
barbell biceps curl,barbell biceps curl|num_620,val,10,1.0,91.0,numeric,data/barbell biceps curl/barbell biceps curl_6200001.jpg,data/barbell biceps curl/barbell biceps curl_6200011.jpg,data/barbell biceps curl/barbell biceps curl_6200021.jpg,data/barbell biceps curl/barbell biceps curl_6200031.jpg,data/barbell biceps curl/barbell biceps curl_6200041.jpg,data/barbell biceps curl/barbell biceps curl_6200051.jpg,data/barbell biceps curl/barbell biceps curl_6200061.jpg,data/barbell biceps curl/barbell biceps curl_6200071.jpg,data/barbell biceps curl/barbell biceps curl_6200081.jpg,data/barbell biceps curl/barbell biceps curl_6200091.jpg,data/barbell biceps curl/barbell biceps curl_6200091.jpg,data/barbell biceps curl/barbell biceps curl_6200091.jpg,data/barbell biceps curl/barbell biceps curl_6200091.jpg,data/barbell biceps curl/barbell biceps curl_6200091.jpg,data/barbell biceps curl/barbell biceps curl_6200091.jpg,data/barbell biceps curl/barbell biceps curl_6200091.jpg,0
barbell biceps curl,barbell biceps curl|num_70,train,13,1.0,121.0,numeric,data/barbell biceps curl/barbell biceps curl_700001.jpg,data/barbell biceps curl/barbell biceps curl_700011.jpg,data/barbell biceps curl/barbell biceps curl_700021.jpg,data/barbell biceps curl/barbell biceps curl_700031.jpg,data/barbell biceps curl/barbell biceps curl_700041.jpg,data/barbell biceps curl/barbell biceps curl_700051.jpg,data/barbell biceps curl/barbell biceps curl_700061.jpg,data/barbell biceps curl/barbell biceps curl_700071.jpg,data/barbell biceps curl/barbell biceps curl_700081.jpg,data/barbell biceps curl/barbell biceps curl_700091.jpg,data/barbell biceps curl/barbell biceps curl_700101.jpg,data/barbell biceps curl/barbell biceps curl_700111.jpg,data/barbell biceps curl/barbell biceps curl_700121.jpg,data/barbell biceps curl/barbell biceps curl_700121.jpg,data/barbell biceps curl/barbell biceps curl_700121.jpg,data/barbell biceps curl/barbell biceps curl_700121.jpg,0
barbell biceps curl,barbell biceps curl|num_80,train,10,1.0,91.0,numeric,data/barbell biceps curl/barbell biceps curl_800001.jpg,data/barbell biceps curl/barbell biceps curl_800011.jpg,data/barbell biceps curl/barbell biceps curl_800021.jpg,data/barbell biceps curl/barbell biceps curl_800031.jpg,data/barbell biceps curl/barbell biceps curl_800041.jpg,data/barbell biceps curl/barbell biceps curl_800051.jpg,data/barbell biceps curl/barbell biceps curl_800061.jpg,data/barbell biceps curl/barbell biceps curl_800071.jpg,data/barbell biceps curl/barbell biceps curl_800081.jpg,data/barbell biceps curl/barbell biceps curl_800091.jpg,data/barbell biceps curl/barbell biceps curl_800091.jpg,data/barbell biceps curl/barbell biceps curl_800091.jpg,data/barbell biceps curl/barbell biceps curl_800091.jpg,data/barbell biceps curl/barbell biceps curl_800091.jpg,data/barbell biceps curl/barbell biceps curl_800091.jpg,data/barbell biceps curl/barbell biceps curl_800091.jpg,0
barbell biceps curl,barbell biceps curl|num_90,train,6,1.0,51.0,numeric,data/barbell biceps curl/barbell biceps curl_900001.jpg,data/barbell biceps curl/barbell biceps curl_900011.jpg,data/barbell biceps curl/barbell biceps curl_900021.jpg,data/barbell biceps curl/barbell biceps curl_900031.jpg,data/barbell biceps curl/barbell biceps curl_900041.jpg,data/barbell biceps curl/barbell biceps curl_900051.jpg,data/barbell biceps curl/barbell biceps curl_900051.jpg,data/barbell biceps curl/barbell biceps curl_900051.jpg,data/barbell biceps curl/barbell biceps curl_900051.jpg,data/barbell biceps curl/barbell biceps curl_900051.jpg,data/barbell biceps curl/barbell biceps curl_900051.jpg,data/barbell biceps curl/barbell biceps curl_900051.jpg,data/barbell biceps curl/barbell biceps curl_900051.jpg,data/barbell biceps curl/barbell biceps curl_900051.jpg,data/barbell biceps curl/barbell biceps curl_900051.jpg,data/barbell biceps curl/barbell biceps curl_900051.jpg,0
bench press,bench press|g1,train,1,,,alpha_num,data/bench press/bench press_g1.jpg,data/bench press/bench press_g1.jpg,data/bench press/bench press_g1.jpg,data/bench press/bench press_g1.jpg,data/bench press/bench press_g1.jpg,data/bench press/bench press_g1.jpg,data/bench press/bench press_g1.jpg,data/bench press/bench press_g1.jpg,data/bench press/bench press_g1.jpg,data/bench press/bench press_g1.jpg,data/bench press/bench press_g1.jpg,data/bench press/bench press_g1.jpg,data/bench press/bench press_g1.jpg,data/bench press/bench press_g1.jpg,data/bench press/bench press_g1.jpg,data/bench press/bench press_g1.jpg,1
bench press,bench press|g10,train,1,,,alpha_num,data/bench press/bench press_g10.jpg,data/bench press/bench press_g10.jpg,data/bench press/bench press_g10.jpg,data/bench press/bench press_g10.jpg,data/bench press/bench press_g10.jpg,data/bench press/bench press_g10.jpg,data/bench press/bench press_g10.jpg,data/bench press/bench press_g10.jpg,data/bench press/bench press_g10.jpg,data/bench press/bench press_g10.jpg,data/bench press/bench press_g10.jpg,data/bench press/bench press_g10.jpg,data/bench press/bench press_g10.jpg,data/bench press/bench press_g10.jpg,data/bench press/bench press_g10.jpg,data/bench press/bench press_g10.jpg,1
bench press,bench press|g11,train,1,,,alpha_num,data/bench press/bench press_g11.jpg,data/bench press/bench press_g11.jpg,data/bench press/bench press_g11.jpg,data/bench press/bench press_g11.jpg,data/bench press/bench press_g11.jpg,data/bench press/bench press_g11.jpg,data/bench press/bench press_g11.jpg,data/bench press/bench press_g11.jpg,data/bench press/bench press_g11.jpg,data/bench press/bench press_g11.jpg,data/bench press/bench press_g11.jpg,data/bench press/bench press_g11.jpg,data/bench press/bench press_g11.jpg,data/bench press/bench press_g11.jpg,data/bench press/bench press_g11.jpg,data/bench press/bench press_g11.jpg,1
bench press,bench press|g12,train,1,,,alpha_num,data/bench press/bench press_g12.jpg,data/bench press/bench press_g12.jpg,data/bench press/bench press_g12.jpg,data/bench press/bench press_g12.jpg,data/bench press/bench press_g12.jpg,data/bench press/bench press_g12.jpg,data/bench press/bench press_g12.jpg,data/bench press/bench press_g12.jpg,data/bench press/bench press_g12.jpg,data/bench press/bench press_g12.jpg,data/bench press/bench press_g12.jpg,data/bench press/bench press_g12.jpg,data/bench press/bench press_g12.jpg,data/bench press/bench press_g12.jpg,data/bench press/bench press_g12.jpg,data/bench press/bench press_g12.jpg,1
bench press,bench press|g13,train,1,,,alpha_num,data/bench press/bench press_g13.jpg,data/bench press/bench press_g13.jpg,data/bench press/bench press_g13.jpg,data/bench press/bench press_g13.jpg,data/bench press/bench press_g13.jpg,data/bench press/bench press_g13.jpg,data/bench press/bench press_g13.jpg,data/bench press/bench press_g13.jpg,data/bench press/bench press_g13.jpg,data/bench press/bench press_g13.jpg,data/bench press/bench press_g13.jpg,data/bench press/bench press_g13.jpg,data/bench press/bench press_g13.jpg,data/bench press/bench press_g13.jpg,data/bench press/bench press_g13.jpg,data/bench press/bench press_g13.jpg,1
bench press,bench press|g14,train,1,,,alpha_num,data/bench press/bench press_g14.jpg,data/bench press/bench press_g14.jpg,data/bench press/bench press_g14.jpg,data/bench press/bench press_g14.jpg,data/bench press/bench press_g14.jpg,data/bench press/bench press_g14.jpg,data/bench press/bench press_g14.jpg,data/bench press/bench press_g14.jpg,data/bench press/bench press_g14.jpg,data/bench press/bench press_g14.jpg,data/bench press/bench press_g14.jpg,data/bench press/bench press_g14.jpg,data/bench press/bench press_g14.jpg,data/bench press/bench press_g14.jpg,data/bench press/bench press_g14.jpg,data/bench press/bench press_g14.jpg,1
bench press,bench press|g15,train,1,,,alpha_num,data/bench press/bench press_g15.jpg,data/bench press/bench press_g15.jpg,data/bench press/bench press_g15.jpg,data/bench press/bench press_g15.jpg,data/bench press/bench press_g15.jpg,data/bench press/bench press_g15.jpg,data/bench press/bench press_g15.jpg,data/bench press/bench press_g15.jpg,data/bench press/bench press_g15.jpg,data/bench press/bench press_g15.jpg,data/bench press/bench press_g15.jpg,data/bench press/bench press_g15.jpg,data/bench press/bench press_g15.jpg,data/bench press/bench press_g15.jpg,data/bench press/bench press_g15.jpg,data/bench press/bench press_g15.jpg,1
bench press,bench press|g16,train,1,,,alpha_num,data/bench press/bench press_g16.jpg,data/bench press/bench press_g16.jpg,data/bench press/bench press_g16.jpg,data/bench press/bench press_g16.jpg,data/bench press/bench press_g16.jpg,data/bench press/bench press_g16.jpg,data/bench press/bench press_g16.jpg,data/bench press/bench press_g16.jpg,data/bench press/bench press_g16.jpg,data/bench press/bench press_g16.jpg,data/bench press/bench press_g16.jpg,data/bench press/bench press_g16.jpg,data/bench press/bench press_g16.jpg,data/bench press/bench press_g16.jpg,data/bench press/bench press_g16.jpg,data/bench press/bench press_g16.jpg,1
bench press,bench press|g17,train,1,,,alpha_num,data/bench press/bench press_g17.jpg,data/bench press/bench press_g17.jpg,data/bench press/bench press_g17.jpg,data/bench press/bench press_g17.jpg,data/bench press/bench press_g17.jpg,data/bench press/bench press_g17.jpg,data/bench press/bench press_g17.jpg,data/bench press/bench press_g17.jpg,data/bench press/bench press_g17.jpg,data/bench press/bench press_g17.jpg,data/bench press/bench press_g17.jpg,data/bench press/bench press_g17.jpg,data/bench press/bench press_g17.jpg,data/bench press/bench press_g17.jpg,data/bench press/bench press_g17.jpg,data/bench press/bench press_g17.jpg,1
bench press,bench press|g18,train,1,,,alpha_num,data/bench press/bench press_g18.jpg,data/bench press/bench press_g18.jpg,data/bench press/bench press_g18.jpg,data/bench press/bench press_g18.jpg,data/bench press/bench press_g18.jpg,data/bench press/bench press_g18.jpg,data/bench press/bench press_g18.jpg,data/bench press/bench press_g18.jpg,data/bench press/bench press_g18.jpg,data/bench press/bench press_g18.jpg,data/bench press/bench press_g18.jpg,data/bench press/bench press_g18.jpg,data/bench press/bench press_g18.jpg,data/bench press/bench press_g18.jpg,data/bench press/bench press_g18.jpg,data/bench press/bench press_g18.jpg,1
bench press,bench press|g19,train,1,,,alpha_num,data/bench press/bench press_g19.jpg,data/bench press/bench press_g19.jpg,data/bench press/bench press_g19.jpg,data/bench press/bench press_g19.jpg,data/bench press/bench press_g19.jpg,data/bench press/bench press_g19.jpg,data/bench press/bench press_g19.jpg,data/bench press/bench press_g19.jpg,data/bench press/bench press_g19.jpg,data/bench press/bench press_g19.jpg,data/bench press/bench press_g19.jpg,data/bench press/bench press_g19.jpg,data/bench press/bench press_g19.jpg,data/bench press/bench press_g19.jpg,data/bench press/bench press_g19.jpg,data/bench press/bench press_g19.jpg,1
bench press,bench press|g2,train,1,,,alpha_num,data/bench press/bench press_g2.jpg,data/bench press/bench press_g2.jpg,data/bench press/bench press_g2.jpg,data/bench press/bench press_g2.jpg,data/bench press/bench press_g2.jpg,data/bench press/bench press_g2.jpg,data/bench press/bench press_g2.jpg,data/bench press/bench press_g2.jpg,data/bench press/bench press_g2.jpg,data/bench press/bench press_g2.jpg,data/bench press/bench press_g2.jpg,data/bench press/bench press_g2.jpg,data/bench press/bench press_g2.jpg,data/bench press/bench press_g2.jpg,data/bench press/bench press_g2.jpg,data/bench press/bench press_g2.jpg,1
bench press,bench press|g20,train,1,,,alpha_num,data/bench press/bench press_g20.jpg,data/bench press/bench press_g20.jpg,data/bench press/bench press_g20.jpg,data/bench press/bench press_g20.jpg,data/bench press/bench press_g20.jpg,data/bench press/bench press_g20.jpg,data/bench press/bench press_g20.jpg,data/bench press/bench press_g20.jpg,data/bench press/bench press_g20.jpg,data/bench press/bench press_g20.jpg,data/bench press/bench press_g20.jpg,data/bench press/bench press_g20.jpg,data/bench press/bench press_g20.jpg,data/bench press/bench press_g20.jpg,data/bench press/bench press_g20.jpg,data/bench press/bench press_g20.jpg,1
bench press,bench press|g3,train,1,,,alpha_num,data/bench press/bench press_g3.jpg,data/bench press/bench press_g3.jpg,data/bench press/bench press_g3.jpg,data/bench press/bench press_g3.jpg,data/bench press/bench press_g3.jpg,data/bench press/bench press_g3.jpg,data/bench press/bench press_g3.jpg,data/bench press/bench press_g3.jpg,data/bench press/bench press_g3.jpg,data/bench press/bench press_g3.jpg,data/bench press/bench press_g3.jpg,data/bench press/bench press_g3.jpg,data/bench press/bench press_g3.jpg,data/bench press/bench press_g3.jpg,data/bench press/bench press_g3.jpg,data/bench press/bench press_g3.jpg,1
bench press,bench press|g4,train,1,,,alpha_num,data/bench press/bench press_g4.jpg,data/bench press/bench press_g4.jpg,data/bench press/bench press_g4.jpg,data/bench press/bench press_g4.jpg,data/bench press/bench press_g4.jpg,data/bench press/bench press_g4.jpg,data/bench press/bench press_g4.jpg,data/bench press/bench press_g4.jpg,data/bench press/bench press_g4.jpg,data/bench press/bench press_g4.jpg,data/bench press/bench press_g4.jpg,data/bench press/bench press_g4.jpg,data/bench press/bench press_g4.jpg,data/bench press/bench press_g4.jpg,data/bench press/bench press_g4.jpg,data/bench press/bench press_g4.jpg,1
bench press,bench press|g5,train,1,,,alpha_num,data/bench press/bench press_g5.jpg,data/bench press/bench press_g5.jpg,data/bench press/bench press_g5.jpg,data/bench press/bench press_g5.jpg,data/bench press/bench press_g5.jpg,data/bench press/bench press_g5.jpg,data/bench press/bench press_g5.jpg,data/bench press/bench press_g5.jpg,data/bench press/bench press_g5.jpg,data/bench press/bench press_g5.jpg,data/bench press/bench press_g5.jpg,data/bench press/bench press_g5.jpg,data/bench press/bench press_g5.jpg,data/bench press/bench press_g5.jpg,data/bench press/bench press_g5.jpg,data/bench press/bench press_g5.jpg,1
bench press,bench press|g6,train,1,,,alpha_num,data/bench press/bench press_g6.jpg,data/bench press/bench press_g6.jpg,data/bench press/bench press_g6.jpg,data/bench press/bench press_g6.jpg,data/bench press/bench press_g6.jpg,data/bench press/bench press_g6.jpg,data/bench press/bench press_g6.jpg,data/bench press/bench press_g6.jpg,data/bench press/bench press_g6.jpg,data/bench press/bench press_g6.jpg,data/bench press/bench press_g6.jpg,data/bench press/bench press_g6.jpg,data/bench press/bench press_g6.jpg,data/bench press/bench press_g6.jpg,data/bench press/bench press_g6.jpg,data/bench press/bench press_g6.jpg,1
bench press,bench press|g7,train,1,,,alpha_num,data/bench press/bench press_g7.jpg,data/bench press/bench press_g7.jpg,data/bench press/bench press_g7.jpg,data/bench press/bench press_g7.jpg,data/bench press/bench press_g7.jpg,data/bench press/bench press_g7.jpg,data/bench press/bench press_g7.jpg,data/bench press/bench press_g7.jpg,data/bench press/bench press_g7.jpg,data/bench press/bench press_g7.jpg,data/bench press/bench press_g7.jpg,data/bench press/bench press_g7.jpg,data/bench press/bench press_g7.jpg,data/bench press/bench press_g7.jpg,data/bench press/bench press_g7.jpg,data/bench press/bench press_g7.jpg,1
bench press,bench press|g8,train,1,,,alpha_num,data/bench press/bench press_g8.jpg,data/bench press/bench press_g8.jpg,data/bench press/bench press_g8.jpg,data/bench press/bench press_g8.jpg,data/bench press/bench press_g8.jpg,data/bench press/bench press_g8.jpg,data/bench press/bench press_g8.jpg,data/bench press/bench press_g8.jpg,data/bench press/bench press_g8.jpg,data/bench press/bench press_g8.jpg,data/bench press/bench press_g8.jpg,data/bench press/bench press_g8.jpg,data/bench press/bench press_g8.jpg,data/bench press/bench press_g8.jpg,data/bench press/bench press_g8.jpg,data/bench press/bench press_g8.jpg,1
bench press,bench press|g9,train,1,,,alpha_num,data/bench press/bench press_g9.jpg,data/bench press/bench press_g9.jpg,data/bench press/bench press_g9.jpg,data/bench press/bench press_g9.jpg,data/bench press/bench press_g9.jpg,data/bench press/bench press_g9.jpg,data/bench press/bench press_g9.jpg,data/bench press/bench press_g9.jpg,data/bench press/bench press_g9.jpg,data/bench press/bench press_g9.jpg,data/bench press/bench press_g9.jpg,data/bench press/bench press_g9.jpg,data/bench press/bench press_g9.jpg,data/bench press/bench press_g9.jpg,data/bench press/bench press_g9.jpg,data/bench press/bench press_g9.jpg,1
bench press,bench press|num_10,train,5,1.0,41.0,numeric,data/bench press/bench press_100001.jpg,data/bench press/bench press_100011.jpg,data/bench press/bench press_100021.jpg,data/bench press/bench press_100031.jpg,data/bench press/bench press_100041.jpg,data/bench press/bench press_100041.jpg,data/bench press/bench press_100041.jpg,data/bench press/bench press_100041.jpg,data/bench press/bench press_100041.jpg,data/bench press/bench press_100041.jpg,data/bench press/bench press_100041.jpg,data/bench press/bench press_100041.jpg,data/bench press/bench press_100041.jpg,data/bench press/bench press_100041.jpg,data/bench press/bench press_100041.jpg,data/bench press/bench press_100041.jpg,1
bench press,bench press|num_100,train,5,1.0,41.0,numeric,data/bench press/bench press_1000001.jpg,data/bench press/bench press_1000011.jpg,data/bench press/bench press_1000021.jpg,data/bench press/bench press_1000031.jpg,data/bench press/bench press_1000041.jpg,data/bench press/bench press_1000041.jpg,data/bench press/bench press_1000041.jpg,data/bench press/bench press_1000041.jpg,data/bench press/bench press_1000041.jpg,data/bench press/bench press_1000041.jpg,data/bench press/bench press_1000041.jpg,data/bench press/bench press_1000041.jpg,data/bench press/bench press_1000041.jpg,data/bench press/bench press_1000041.jpg,data/bench press/bench press_1000041.jpg,data/bench press/bench press_1000041.jpg,1
bench press,bench press|num_110,train,4,1.0,31.0,numeric,data/bench press/bench press_1100001.jpg,data/bench press/bench press_1100011.jpg,data/bench press/bench press_1100021.jpg,data/bench press/bench press_1100031.jpg,data/bench press/bench press_1100031.jpg,data/bench press/bench press_1100031.jpg,data/bench press/bench press_1100031.jpg,data/bench press/bench press_1100031.jpg,data/bench press/bench press_1100031.jpg,data/bench press/bench press_1100031.jpg,data/bench press/bench press_1100031.jpg,data/bench press/bench press_1100031.jpg,data/bench press/bench press_1100031.jpg,data/bench press/bench press_1100031.jpg,data/bench press/bench press_1100031.jpg,data/bench press/bench press_1100031.jpg,1
bench press,bench press|num_120,train,14,1.0,131.0,numeric,data/bench press/bench press_1200001.jpg,data/bench press/bench press_1200011.jpg,data/bench press/bench press_1200021.jpg,data/bench press/bench press_1200031.jpg,data/bench press/bench press_1200041.jpg,data/bench press/bench press_1200051.jpg,data/bench press/bench press_1200061.jpg,data/bench press/bench press_1200071.jpg,data/bench press/bench press_1200081.jpg,data/bench press/bench press_1200091.jpg,data/bench press/bench press_1200101.jpg,data/bench press/bench press_1200111.jpg,data/bench press/bench press_1200121.jpg,data/bench press/bench press_1200131.jpg,data/bench press/bench press_1200131.jpg,data/bench press/bench press_1200131.jpg,1
bench press,bench press|num_130,train,7,1.0,61.0,numeric,data/bench press/bench press_1300001.jpg,data/bench press/bench press_1300011.jpg,data/bench press/bench press_1300021.jpg,data/bench press/bench press_1300031.jpg,data/bench press/bench press_1300041.jpg,data/bench press/bench press_1300051.jpg,data/bench press/bench press_1300061.jpg,data/bench press/bench press_1300061.jpg,data/bench press/bench press_1300061.jpg,data/bench press/bench press_1300061.jpg,data/bench press/bench press_1300061.jpg,data/bench press/bench press_1300061.jpg,data/bench press/bench press_1300061.jpg,data/bench press/bench press_1300061.jpg,data/bench press/bench press_1300061.jpg,data/bench press/bench press_1300061.jpg,1
bench press,bench press|num_140,train,5,1.0,41.0,numeric,data/bench press/bench press_1400001.jpg,data/bench press/bench press_1400011.jpg,data/bench press/bench press_1400021.jpg,data/bench press/bench press_1400031.jpg,data/bench press/bench press_1400041.jpg,data/bench press/bench press_1400041.jpg,data/bench press/bench press_1400041.jpg,data/bench press/bench press_1400041.jpg,data/bench press/bench press_1400041.jpg,data/bench press/bench press_1400041.jpg,data/bench press/bench press_1400041.jpg,data/bench press/bench press_1400041.jpg,data/bench press/bench press_1400041.jpg,data/bench press/bench press_1400041.jpg,data/bench press/bench press_1400041.jpg,data/bench press/bench press_1400041.jpg,1
bench press,bench press|num_150,train,10,1.0,91.0,numeric,data/bench press/bench press_1500001.jpg,data/bench press/bench press_1500011.jpg,data/bench press/bench press_1500021.jpg,data/bench press/bench press_1500031.jpg,data/bench press/bench press_1500041.jpg,data/bench press/bench press_1500051.jpg,data/bench press/bench press_1500061.jpg,data/bench press/bench press_1500071.jpg,data/bench press/bench press_1500081.jpg,data/bench press/bench press_1500091.jpg,data/bench press/bench press_1500091.jpg,data/bench press/bench press_1500091.jpg,data/bench press/bench press_1500091.jpg,data/bench press/bench press_1500091.jpg,data/bench press/bench press_1500091.jpg,data/bench press/bench press_1500091.jpg,1
bench press,bench press|num_160,val,7,1.0,61.0,numeric,data/bench press/bench press_1600001.jpg,data/bench press/bench press_1600011.jpg,data/bench press/bench press_1600021.jpg,data/bench press/bench press_1600031.jpg,data/bench press/bench press_1600041.jpg,data/bench press/bench press_1600051.jpg,data/bench press/bench press_1600061.jpg,data/bench press/bench press_1600061.jpg,data/bench press/bench press_1600061.jpg,data/bench press/bench press_1600061.jpg,data/bench press/bench press_1600061.jpg,data/bench press/bench press_1600061.jpg,data/bench press/bench press_1600061.jpg,data/bench press/bench press_1600061.jpg,data/bench press/bench press_1600061.jpg,data/bench press/bench press_1600061.jpg,1
bench press,bench press|num_170,train,10,1.0,91.0,numeric,data/bench press/bench press_1700001.jpg,data/bench press/bench press_1700011.jpg,data/bench press/bench press_1700021.jpg,data/bench press/bench press_1700031.jpg,data/bench press/bench press_1700041.jpg,data/bench press/bench press_1700051.jpg,data/bench press/bench press_1700061.jpg,data/bench press/bench press_1700071.jpg,data/bench press/bench press_1700081.jpg,data/bench press/bench press_1700091.jpg,data/bench press/bench press_1700091.jpg,data/bench press/bench press_1700091.jpg,data/bench press/bench press_1700091.jpg,data/bench press/bench press_1700091.jpg,data/bench press/bench press_1700091.jpg,data/bench press/bench press_1700091.jpg,1
bench press,bench press|num_180,val,8,1.0,71.0,numeric,data/bench press/bench press_1800001.jpg,data/bench press/bench press_1800011.jpg,data/bench press/bench press_1800021.jpg,data/bench press/bench press_1800031.jpg,data/bench press/bench press_1800041.jpg,data/bench press/bench press_1800051.jpg,data/bench press/bench press_1800061.jpg,data/bench press/bench press_1800071.jpg,data/bench press/bench press_1800071.jpg,data/bench press/bench press_1800071.jpg,data/bench press/bench press_1800071.jpg,data/bench press/bench press_1800071.jpg,data/bench press/bench press_1800071.jpg,data/bench press/bench press_1800071.jpg,data/bench press/bench press_1800071.jpg,data/bench press/bench press_1800071.jpg,1
bench press,bench press|num_190,train,7,1.0,61.0,numeric,data/bench press/bench press_1900001.jpg,data/bench press/bench press_1900011.jpg,data/bench press/bench press_1900021.jpg,data/bench press/bench press_1900031.jpg,data/bench press/bench press_1900041.jpg,data/bench press/bench press_1900051.jpg,data/bench press/bench press_1900061.jpg,data/bench press/bench press_1900061.jpg,data/bench press/bench press_1900061.jpg,data/bench press/bench press_1900061.jpg,data/bench press/bench press_1900061.jpg,data/bench press/bench press_1900061.jpg,data/bench press/bench press_1900061.jpg,data/bench press/bench press_1900061.jpg,data/bench press/bench press_1900061.jpg,data/bench press/bench press_1900061.jpg,1
bench press,bench press|num_20,train,4,1.0,31.0,numeric,data/bench press/bench press_200001.jpg,data/bench press/bench press_200011.jpg,data/bench press/bench press_200021.jpg,data/bench press/bench press_200031.jpg,data/bench press/bench press_200031.jpg,data/bench press/bench press_200031.jpg,data/bench press/bench press_200031.jpg,data/bench press/bench press_200031.jpg,data/bench press/bench press_200031.jpg,data/bench press/bench press_200031.jpg,data/bench press/bench press_200031.jpg,data/bench press/bench press_200031.jpg,data/bench press/bench press_200031.jpg,data/bench press/bench press_200031.jpg,data/bench press/bench press_200031.jpg,data/bench press/bench press_200031.jpg,1
bench press,bench press|num_200,train,6,1.0,51.0,numeric,data/bench press/bench press_2000001.jpg,data/bench press/bench press_2000011.jpg,data/bench press/bench press_2000021.jpg,data/bench press/bench press_2000031.jpg,data/bench press/bench press_2000041.jpg,data/bench press/bench press_2000051.jpg,data/bench press/bench press_2000051.jpg,data/bench press/bench press_2000051.jpg,data/bench press/bench press_2000051.jpg,data/bench press/bench press_2000051.jpg,data/bench press/bench press_2000051.jpg,data/bench press/bench press_2000051.jpg,data/bench press/bench press_2000051.jpg,data/bench press/bench press_2000051.jpg,data/bench press/bench press_2000051.jpg,data/bench press/bench press_2000051.jpg,1
bench press,bench press|num_210,train,8,1.0,71.0,numeric,data/bench press/bench press_2100001.jpg,data/bench press/bench press_2100011.jpg,data/bench press/bench press_2100021.jpg,data/bench press/bench press_2100031.jpg,data/bench press/bench press_2100041.jpg,data/bench press/bench press_2100051.jpg,data/bench press/bench press_2100061.jpg,data/bench press/bench press_2100071.jpg,data/bench press/bench press_2100071.jpg,data/bench press/bench press_2100071.jpg,data/bench press/bench press_2100071.jpg,data/bench press/bench press_2100071.jpg,data/bench press/bench press_2100071.jpg,data/bench press/bench press_2100071.jpg,data/bench press/bench press_2100071.jpg,data/bench press/bench press_2100071.jpg,1
bench press,bench press|num_220,train,6,1.0,51.0,numeric,data/bench press/bench press_2200001.jpg,data/bench press/bench press_2200011.jpg,data/bench press/bench press_2200021.jpg,data/bench press/bench press_2200031.jpg,data/bench press/bench press_2200041.jpg,data/bench press/bench press_2200051.jpg,data/bench press/bench press_2200051.jpg,data/bench press/bench press_2200051.jpg,data/bench press/bench press_2200051.jpg,data/bench press/bench press_2200051.jpg,data/bench press/bench press_2200051.jpg,data/bench press/bench press_2200051.jpg,data/bench press/bench press_2200051.jpg,data/bench press/bench press_2200051.jpg,data/bench press/bench press_2200051.jpg,data/bench press/bench press_2200051.jpg,1
bench press,bench press|num_230,train,6,1.0,51.0,numeric,data/bench press/bench press_2300001.jpg,data/bench press/bench press_2300011.jpg,data/bench press/bench press_2300021.jpg,data/bench press/bench press_2300031.jpg,data/bench press/bench press_2300041.jpg,data/bench press/bench press_2300051.jpg,data/bench press/bench press_2300051.jpg,data/bench press/bench press_2300051.jpg,data/bench press/bench press_2300051.jpg,data/bench press/bench press_2300051.jpg,data/bench press/bench press_2300051.jpg,data/bench press/bench press_2300051.jpg,data/bench press/bench press_2300051.jpg,data/bench press/bench press_2300051.jpg,data/bench press/bench press_2300051.jpg,data/bench press/bench press_2300051.jpg,1
bench press,bench press|num_240,train,6,1.0,51.0,numeric,data/bench press/bench press_2400001.jpg,data/bench press/bench press_2400011.jpg,data/bench press/bench press_2400021.jpg,data/bench press/bench press_2400031.jpg,data/bench press/bench press_2400041.jpg,data/bench press/bench press_2400051.jpg,data/bench press/bench press_2400051.jpg,data/bench press/bench press_2400051.jpg,data/bench press/bench press_2400051.jpg,data/bench press/bench press_2400051.jpg,data/bench press/bench press_2400051.jpg,data/bench press/bench press_2400051.jpg,data/bench press/bench press_2400051.jpg,data/bench press/bench press_2400051.jpg,data/bench press/bench press_2400051.jpg,data/bench press/bench press_2400051.jpg,1
bench press,bench press|num_250,train,5,1.0,41.0,numeric,data/bench press/bench press_2500001.jpg,data/bench press/bench press_2500011.jpg,data/bench press/bench press_2500021.jpg,data/bench press/bench press_2500031.jpg,data/bench press/bench press_2500041.jpg,data/bench press/bench press_2500041.jpg,data/bench press/bench press_2500041.jpg,data/bench press/bench press_2500041.jpg,data/bench press/bench press_2500041.jpg,data/bench press/bench press_2500041.jpg,data/bench press/bench press_2500041.jpg,data/bench press/bench press_2500041.jpg,data/bench press/bench press_2500041.jpg,data/bench press/bench press_2500041.jpg,data/bench press/bench press_2500041.jpg,data/bench press/bench press_2500041.jpg,1
bench press,bench press|num_260,test,6,1.0,51.0,numeric,data/bench press/bench press_2600001.jpg,data/bench press/bench press_2600011.jpg,data/bench press/bench press_2600021.jpg,data/bench press/bench press_2600031.jpg,data/bench press/bench press_2600041.jpg,data/bench press/bench press_2600051.jpg,data/bench press/bench press_2600051.jpg,data/bench press/bench press_2600051.jpg,data/bench press/bench press_2600051.jpg,data/bench press/bench press_2600051.jpg,data/bench press/bench press_2600051.jpg,data/bench press/bench press_2600051.jpg,data/bench press/bench press_2600051.jpg,data/bench press/bench press_2600051.jpg,data/bench press/bench press_2600051.jpg,data/bench press/bench press_2600051.jpg,1
bench press,bench press|num_270,train,6,1.0,51.0,numeric,data/bench press/bench press_2700001.jpg,data/bench press/bench press_2700011.jpg,data/bench press/bench press_2700021.jpg,data/bench press/bench press_2700031.jpg,data/bench press/bench press_2700041.jpg,data/bench press/bench press_2700051.jpg,data/bench press/bench press_2700051.jpg,data/bench press/bench press_2700051.jpg,data/bench press/bench press_2700051.jpg,data/bench press/bench press_2700051.jpg,data/bench press/bench press_2700051.jpg,data/bench press/bench press_2700051.jpg,data/bench press/bench press_2700051.jpg,data/bench press/bench press_2700051.jpg,data/bench press/bench press_2700051.jpg,data/bench press/bench press_2700051.jpg,1
bench press,bench press|num_280,train,10,1.0,91.0,numeric,data/bench press/bench press_2800001.jpg,data/bench press/bench press_2800011.jpg,data/bench press/bench press_2800021.jpg,data/bench press/bench press_2800031.jpg,data/bench press/bench press_2800041.jpg,data/bench press/bench press_2800051.jpg,data/bench press/bench press_2800061.jpg,data/bench press/bench press_2800071.jpg,data/bench press/bench press_2800081.jpg,data/bench press/bench press_2800091.jpg,data/bench press/bench press_2800091.jpg,data/bench press/bench press_2800091.jpg,data/bench press/bench press_2800091.jpg,data/bench press/bench press_2800091.jpg,data/bench press/bench press_2800091.jpg,data/bench press/bench press_2800091.jpg,1
bench press,bench press|num_290,train,21,1.0,201.0,numeric,data/bench press/bench press_2900001.jpg,data/bench press/bench press_2900011.jpg,data/bench press/bench press_2900021.jpg,data/bench press/bench press_2900041.jpg,data/bench press/bench press_2900051.jpg,data/bench press/bench press_2900061.jpg,data/bench press/bench press_2900081.jpg,data/bench press/bench press_2900091.jpg,data/bench press/bench press_2900101.jpg,data/bench press/bench press_2900121.jpg,data/bench press/bench press_2900131.jpg,data/bench press/bench press_2900141.jpg,data/bench press/bench press_2900161.jpg,data/bench press/bench press_2900171.jpg,data/bench press/bench press_2900181.jpg,data/bench press/bench press_2900201.jpg,1
bench press,bench press|num_30,val,8,1.0,71.0,numeric,data/bench press/bench press_300001.jpg,data/bench press/bench press_300011.jpg,data/bench press/bench press_300021.jpg,data/bench press/bench press_300031.jpg,data/bench press/bench press_300041.jpg,data/bench press/bench press_300051.jpg,data/bench press/bench press_300061.jpg,data/bench press/bench press_300071.jpg,data/bench press/bench press_300071.jpg,data/bench press/bench press_300071.jpg,data/bench press/bench press_300071.jpg,data/bench press/bench press_300071.jpg,data/bench press/bench press_300071.jpg,data/bench press/bench press_300071.jpg,data/bench press/bench press_300071.jpg,data/bench press/bench press_300071.jpg,1
bench press,bench press|num_300,val,7,1.0,61.0,numeric,data/bench press/bench press_3000001.jpg,data/bench press/bench press_3000011.jpg,data/bench press/bench press_3000021.jpg,data/bench press/bench press_3000031.jpg,data/bench press/bench press_3000041.jpg,data/bench press/bench press_3000051.jpg,data/bench press/bench press_3000061.jpg,data/bench press/bench press_3000061.jpg,data/bench press/bench press_3000061.jpg,data/bench press/bench press_3000061.jpg,data/bench press/bench press_3000061.jpg,data/bench press/bench press_3000061.jpg,data/bench press/bench press_3000061.jpg,data/bench press/bench press_3000061.jpg,data/bench press/bench press_3000061.jpg,data/bench press/bench press_3000061.jpg,1
bench press,bench press|num_310,train,8,1.0,71.0,numeric,data/bench press/bench press_3100001.jpg,data/bench press/bench press_3100011.jpg,data/bench press/bench press_3100021.jpg,data/bench press/bench press_3100031.jpg,data/bench press/bench press_3100041.jpg,data/bench press/bench press_3100051.jpg,data/bench press/bench press_3100061.jpg,data/bench press/bench press_3100071.jpg,data/bench press/bench press_3100071.jpg,data/bench press/bench press_3100071.jpg,data/bench press/bench press_3100071.jpg,data/bench press/bench press_3100071.jpg,data/bench press/bench press_3100071.jpg,data/bench press/bench press_3100071.jpg,data/bench press/bench press_3100071.jpg,data/bench press/bench press_3100071.jpg,1
bench press,bench press|num_320,train,11,1.0,101.0,numeric,data/bench press/bench press_3200001.jpg,data/bench press/bench press_3200011.jpg,data/bench press/bench press_3200021.jpg,data/bench press/bench press_3200031.jpg,data/bench press/bench press_3200041.jpg,data/bench press/bench press_3200051.jpg,data/bench press/bench press_3200061.jpg,data/bench press/bench press_3200071.jpg,data/bench press/bench press_3200081.jpg,data/bench press/bench press_3200091.jpg,data/bench press/bench press_3200101.jpg,data/bench press/bench press_3200101.jpg,data/bench press/bench press_3200101.jpg,data/bench press/bench press_3200101.jpg,data/bench press/bench press_3200101.jpg,data/bench press/bench press_3200101.jpg,1
bench press,bench press|num_330,train,7,1.0,61.0,numeric,data/bench press/bench press_3300001.jpg,data/bench press/bench press_3300011.jpg,data/bench press/bench press_3300021.jpg,data/bench press/bench press_3300031.jpg,data/bench press/bench press_3300041.jpg,data/bench press/bench press_3300051.jpg,data/bench press/bench press_3300061.jpg,data/bench press/bench press_3300061.jpg,data/bench press/bench press_3300061.jpg,data/bench press/bench press_3300061.jpg,data/bench press/bench press_3300061.jpg,data/bench press/bench press_3300061.jpg,data/bench press/bench press_3300061.jpg,data/bench press/bench press_3300061.jpg,data/bench press/bench press_3300061.jpg,data/bench press/bench press_3300061.jpg,1
bench press,bench press|num_340,train,15,1.0,141.0,numeric,data/bench press/bench press_3400001.jpg,data/bench press/bench press_3400011.jpg,data/bench press/bench press_3400021.jpg,data/bench press/bench press_3400031.jpg,data/bench press/bench press_3400041.jpg,data/bench press/bench press_3400051.jpg,data/bench press/bench press_3400061.jpg,data/bench press/bench press_3400071.jpg,data/bench press/bench press_3400081.jpg,data/bench press/bench press_3400091.jpg,data/bench press/bench press_3400101.jpg,data/bench press/bench press_3400111.jpg,data/bench press/bench press_3400121.jpg,data/bench press/bench press_3400131.jpg,data/bench press/bench press_3400141.jpg,data/bench press/bench press_3400141.jpg,1
bench press,bench press|num_350,train,7,1.0,61.0,numeric,data/bench press/bench press_3500001.jpg,data/bench press/bench press_3500011.jpg,data/bench press/bench press_3500021.jpg,data/bench press/bench press_3500031.jpg,data/bench press/bench press_3500041.jpg,data/bench press/bench press_3500051.jpg,data/bench press/bench press_3500061.jpg,data/bench press/bench press_3500061.jpg,data/bench press/bench press_3500061.jpg,data/bench press/bench press_3500061.jpg,data/bench press/bench press_3500061.jpg,data/bench press/bench press_3500061.jpg,data/bench press/bench press_3500061.jpg,data/bench press/bench press_3500061.jpg,data/bench press/bench press_3500061.jpg,data/bench press/bench press_3500061.jpg,1
bench press,bench press|num_360,train,14,1.0,131.0,numeric,data/bench press/bench press_3600001.jpg,data/bench press/bench press_3600011.jpg,data/bench press/bench press_3600021.jpg,data/bench press/bench press_3600031.jpg,data/bench press/bench press_3600041.jpg,data/bench press/bench press_3600051.jpg,data/bench press/bench press_3600061.jpg,data/bench press/bench press_3600071.jpg,data/bench press/bench press_3600081.jpg,data/bench press/bench press_3600091.jpg,data/bench press/bench press_3600101.jpg,data/bench press/bench press_3600111.jpg,data/bench press/bench press_3600121.jpg,data/bench press/bench press_3600131.jpg,data/bench press/bench press_3600131.jpg,data/bench press/bench press_3600131.jpg,1
bench press,bench press|num_370,train,39,1.0,381.0,numeric,data/bench press/bench press_3700001.jpg,data/bench press/bench press_3700021.jpg,data/bench press/bench press_3700051.jpg,data/bench press/bench press_3700071.jpg,data/bench press/bench press_3700101.jpg,data/bench press/bench press_3700121.jpg,data/bench press/bench press_3700151.jpg,data/bench press/bench press_3700171.jpg,data/bench press/bench press_3700201.jpg,data/bench press/bench press_3700221.jpg,data/bench press/bench press_3700251.jpg,data/bench press/bench press_3700271.jpg,data/bench press/bench press_3700301.jpg,data/bench press/bench press_3700321.jpg,data/bench press/bench press_3700351.jpg,data/bench press/bench press_3700381.jpg,1
bench press,bench press|num_380,train,6,1.0,51.0,numeric,data/bench press/bench press_3800001.jpg,data/bench press/bench press_3800011.jpg,data/bench press/bench press_3800021.jpg,data/bench press/bench press_3800031.jpg,data/bench press/bench press_3800041.jpg,data/bench press/bench press_3800051.jpg,data/bench press/bench press_3800051.jpg,data/bench press/bench press_3800051.jpg,data/bench press/bench press_3800051.jpg,data/bench press/bench press_3800051.jpg,data/bench press/bench press_3800051.jpg,data/bench press/bench press_3800051.jpg,data/bench press/bench press_3800051.jpg,data/bench press/bench press_3800051.jpg,data/bench press/bench press_3800051.jpg,data/bench press/bench press_3800051.jpg,1
bench press,bench press|num_390,train,76,1.0,751.0,numeric,data/bench press/bench press_3900001.jpg,data/bench press/bench press_3900051.jpg,data/bench press/bench press_3900101.jpg,data/bench press/bench press_3900151.jpg,data/bench press/bench press_3900201.jpg,data/bench press/bench press_3900251.jpg,data/bench press/bench press_3900301.jpg,data/bench press/bench press_3900351.jpg,data/bench press/bench press_3900401.jpg,data/bench press/bench press_3900451.jpg,data/bench press/bench press_3900501.jpg,data/bench press/bench press_3900551.jpg,data/bench press/bench press_3900601.jpg,data/bench press/bench press_3900651.jpg,data/bench press/bench press_3900701.jpg,data/bench press/bench press_3900751.jpg,1
bench press,bench press|num_40,train,5,1.0,41.0,numeric,data/bench press/bench press_400001.jpg,data/bench press/bench press_400011.jpg,data/bench press/bench press_400021.jpg,data/bench press/bench press_400031.jpg,data/bench press/bench press_400041.jpg,data/bench press/bench press_400041.jpg,data/bench press/bench press_400041.jpg,data/bench press/bench press_400041.jpg,data/bench press/bench press_400041.jpg,data/bench press/bench press_400041.jpg,data/bench press/bench press_400041.jpg,data/bench press/bench press_400041.jpg,data/bench press/bench press_400041.jpg,data/bench press/bench press_400041.jpg,data/bench press/bench press_400041.jpg,data/bench press/bench press_400041.jpg,1
bench press,bench press|num_400,train,23,1.0,221.0,numeric,data/bench press/bench press_4000001.jpg,data/bench press/bench press_4000011.jpg,data/bench press/bench press_4000021.jpg,data/bench press/bench press_4000041.jpg,data/bench press/bench press_4000051.jpg,data/bench press/bench press_4000071.jpg,data/bench press/bench press_4000081.jpg,data/bench press/bench press_4000101.jpg,data/bench press/bench press_4000111.jpg,data/bench press/bench press_4000131.jpg,data/bench press/bench press_4000141.jpg,data/bench press/bench press_4000161.jpg,data/bench press/bench press_4000171.jpg,data/bench press/bench press_4000191.jpg,data/bench press/bench press_4000201.jpg,data/bench press/bench press_4000221.jpg,1
bench press,bench press|num_410,train,7,1.0,61.0,numeric,data/bench press/bench press_4100001.jpg,data/bench press/bench press_4100011.jpg,data/bench press/bench press_4100021.jpg,data/bench press/bench press_4100031.jpg,data/bench press/bench press_4100041.jpg,data/bench press/bench press_4100051.jpg,data/bench press/bench press_4100061.jpg,data/bench press/bench press_4100061.jpg,data/bench press/bench press_4100061.jpg,data/bench press/bench press_4100061.jpg,data/bench press/bench press_4100061.jpg,data/bench press/bench press_4100061.jpg,data/bench press/bench press_4100061.jpg,data/bench press/bench press_4100061.jpg,data/bench press/bench press_4100061.jpg,data/bench press/bench press_4100061.jpg,1
bench press,bench press|num_420,train,13,1.0,121.0,numeric,data/bench press/bench press_4200001.jpg,data/bench press/bench press_4200011.jpg,data/bench press/bench press_4200021.jpg,data/bench press/bench press_4200031.jpg,data/bench press/bench press_4200041.jpg,data/bench press/bench press_4200051.jpg,data/bench press/bench press_4200061.jpg,data/bench press/bench press_4200071.jpg,data/bench press/bench press_4200081.jpg,data/bench press/bench press_4200091.jpg,data/bench press/bench press_4200101.jpg,data/bench press/bench press_4200111.jpg,data/bench press/bench press_4200121.jpg,data/bench press/bench press_4200121.jpg,data/bench press/bench press_4200121.jpg,data/bench press/bench press_4200121.jpg,1
bench press,bench press|num_430,train,7,1.0,61.0,numeric,data/bench press/bench press_4300001.jpg,data/bench press/bench press_4300011.jpg,data/bench press/bench press_4300021.jpg,data/bench press/bench press_4300031.jpg,data/bench press/bench press_4300041.jpg,data/bench press/bench press_4300051.jpg,data/bench press/bench press_4300061.jpg,data/bench press/bench press_4300061.jpg,data/bench press/bench press_4300061.jpg,data/bench press/bench press_4300061.jpg,data/bench press/bench press_4300061.jpg,data/bench press/bench press_4300061.jpg,data/bench press/bench press_4300061.jpg,data/bench press/bench press_4300061.jpg,data/bench press/bench press_4300061.jpg,data/bench press/bench press_4300061.jpg,1
bench press,bench press|num_440,train,13,1.0,121.0,numeric,data/bench press/bench press_4400001.jpg,data/bench press/bench press_4400011.jpg,data/bench press/bench press_4400021.jpg,data/bench press/bench press_4400031.jpg,data/bench press/bench press_4400041.jpg,data/bench press/bench press_4400051.jpg,data/bench press/bench press_4400061.jpg,data/bench press/bench press_4400071.jpg,data/bench press/bench press_4400081.jpg,data/bench press/bench press_4400091.jpg,data/bench press/bench press_4400101.jpg,data/bench press/bench press_4400111.jpg,data/bench press/bench press_4400121.jpg,data/bench press/bench press_4400121.jpg,data/bench press/bench press_4400121.jpg,data/bench press/bench press_4400121.jpg,1
bench press,bench press|num_450,val,9,1.0,81.0,numeric,data/bench press/bench press_4500001.jpg,data/bench press/bench press_4500011.jpg,data/bench press/bench press_4500021.jpg,data/bench press/bench press_4500031.jpg,data/bench press/bench press_4500041.jpg,data/bench press/bench press_4500051.jpg,data/bench press/bench press_4500061.jpg,data/bench press/bench press_4500071.jpg,data/bench press/bench press_4500081.jpg,data/bench press/bench press_4500081.jpg,data/bench press/bench press_4500081.jpg,data/bench press/bench press_4500081.jpg,data/bench press/bench press_4500081.jpg,data/bench press/bench press_4500081.jpg,data/bench press/bench press_4500081.jpg,data/bench press/bench press_4500081.jpg,1
bench press,bench press|num_460,train,5,1.0,41.0,numeric,data/bench press/bench press_4600001.jpg,data/bench press/bench press_4600011.jpg,data/bench press/bench press_4600021.jpg,data/bench press/bench press_4600031.jpg,data/bench press/bench press_4600041.jpg,data/bench press/bench press_4600041.jpg,data/bench press/bench press_4600041.jpg,data/bench press/bench press_4600041.jpg,data/bench press/bench press_4600041.jpg,data/bench press/bench press_4600041.jpg,data/bench press/bench press_4600041.jpg,data/bench press/bench press_4600041.jpg,data/bench press/bench press_4600041.jpg,data/bench press/bench press_4600041.jpg,data/bench press/bench press_4600041.jpg,data/bench press/bench press_4600041.jpg,1
bench press,bench press|num_470,val,7,1.0,61.0,numeric,data/bench press/bench press_4700001.jpg,data/bench press/bench press_4700011.jpg,data/bench press/bench press_4700021.jpg,data/bench press/bench press_4700031.jpg,data/bench press/bench press_4700041.jpg,data/bench press/bench press_4700051.jpg,data/bench press/bench press_4700061.jpg,data/bench press/bench press_4700061.jpg,data/bench press/bench press_4700061.jpg,data/bench press/bench press_4700061.jpg,data/bench press/bench press_4700061.jpg,data/bench press/bench press_4700061.jpg,data/bench press/bench press_4700061.jpg,data/bench press/bench press_4700061.jpg,data/bench press/bench press_4700061.jpg,data/bench press/bench press_4700061.jpg,1
bench press,bench press|num_480,train,16,1.0,151.0,numeric,data/bench press/bench press_4800001.jpg,data/bench press/bench press_4800011.jpg,data/bench press/bench press_4800021.jpg,data/bench press/bench press_4800031.jpg,data/bench press/bench press_4800041.jpg,data/bench press/bench press_4800051.jpg,data/bench press/bench press_4800061.jpg,data/bench press/bench press_4800071.jpg,data/bench press/bench press_4800081.jpg,data/bench press/bench press_4800091.jpg,data/bench press/bench press_4800101.jpg,data/bench press/bench press_4800111.jpg,data/bench press/bench press_4800121.jpg,data/bench press/bench press_4800131.jpg,data/bench press/bench press_4800141.jpg,data/bench press/bench press_4800151.jpg,1
bench press,bench press|num_490,train,8,1.0,71.0,numeric,data/bench press/bench press_4900001.jpg,data/bench press/bench press_4900011.jpg,data/bench press/bench press_4900021.jpg,data/bench press/bench press_4900031.jpg,data/bench press/bench press_4900041.jpg,data/bench press/bench press_4900051.jpg,data/bench press/bench press_4900061.jpg,data/bench press/bench press_4900071.jpg,data/bench press/bench press_4900071.jpg,data/bench press/bench press_4900071.jpg,data/bench press/bench press_4900071.jpg,data/bench press/bench press_4900071.jpg,data/bench press/bench press_4900071.jpg,data/bench press/bench press_4900071.jpg,data/bench press/bench press_4900071.jpg,data/bench press/bench press_4900071.jpg,1
bench press,bench press|num_50,train,4,1.0,31.0,numeric,data/bench press/bench press_500001.jpg,data/bench press/bench press_500011.jpg,data/bench press/bench press_500021.jpg,data/bench press/bench press_500031.jpg,data/bench press/bench press_500031.jpg,data/bench press/bench press_500031.jpg,data/bench press/bench press_500031.jpg,data/bench press/bench press_500031.jpg,data/bench press/bench press_500031.jpg,data/bench press/bench press_500031.jpg,data/bench press/bench press_500031.jpg,data/bench press/bench press_500031.jpg,data/bench press/bench press_500031.jpg,data/bench press/bench press_500031.jpg,data/bench press/bench press_500031.jpg,data/bench press/bench press_500031.jpg,1
bench press,bench press|num_500,train,5,1.0,41.0,numeric,data/bench press/bench press_5000001.jpg,data/bench press/bench press_5000011.jpg,data/bench press/bench press_5000021.jpg,data/bench press/bench press_5000031.jpg,data/bench press/bench press_5000041.jpg,data/bench press/bench press_5000041.jpg,data/bench press/bench press_5000041.jpg,data/bench press/bench press_5000041.jpg,data/bench press/bench press_5000041.jpg,data/bench press/bench press_5000041.jpg,data/bench press/bench press_5000041.jpg,data/bench press/bench press_5000041.jpg,data/bench press/bench press_5000041.jpg,data/bench press/bench press_5000041.jpg,data/bench press/bench press_5000041.jpg,data/bench press/bench press_5000041.jpg,1
bench press,bench press|num_510,train,6,1.0,51.0,numeric,data/bench press/bench press_5100001.jpg,data/bench press/bench press_5100011.jpg,data/bench press/bench press_5100021.jpg,data/bench press/bench press_5100031.jpg,data/bench press/bench press_5100041.jpg,data/bench press/bench press_5100051.jpg,data/bench press/bench press_5100051.jpg,data/bench press/bench press_5100051.jpg,data/bench press/bench press_5100051.jpg,data/bench press/bench press_5100051.jpg,data/bench press/bench press_5100051.jpg,data/bench press/bench press_5100051.jpg,data/bench press/bench press_5100051.jpg,data/bench press/bench press_5100051.jpg,data/bench press/bench press_5100051.jpg,data/bench press/bench press_5100051.jpg,1
bench press,bench press|num_520,train,4,1.0,31.0,numeric,data/bench press/bench press_5200001.jpg,data/bench press/bench press_5200011.jpg,data/bench press/bench press_5200021.jpg,data/bench press/bench press_5200031.jpg,data/bench press/bench press_5200031.jpg,data/bench press/bench press_5200031.jpg,data/bench press/bench press_5200031.jpg,data/bench press/bench press_5200031.jpg,data/bench press/bench press_5200031.jpg,data/bench press/bench press_5200031.jpg,data/bench press/bench press_5200031.jpg,data/bench press/bench press_5200031.jpg,data/bench press/bench press_5200031.jpg,data/bench press/bench press_5200031.jpg,data/bench press/bench press_5200031.jpg,data/bench press/bench press_5200031.jpg,1
bench press,bench press|num_530,train,5,1.0,41.0,numeric,data/bench press/bench press_5300001.jpg,data/bench press/bench press_5300011.jpg,data/bench press/bench press_5300021.jpg,data/bench press/bench press_5300031.jpg,data/bench press/bench press_5300041.jpg,data/bench press/bench press_5300041.jpg,data/bench press/bench press_5300041.jpg,data/bench press/bench press_5300041.jpg,data/bench press/bench press_5300041.jpg,data/bench press/bench press_5300041.jpg,data/bench press/bench press_5300041.jpg,data/bench press/bench press_5300041.jpg,data/bench press/bench press_5300041.jpg,data/bench press/bench press_5300041.jpg,data/bench press/bench press_5300041.jpg,data/bench press/bench press_5300041.jpg,1
bench press,bench press|num_540,train,8,1.0,71.0,numeric,data/bench press/bench press_5400001.jpg,data/bench press/bench press_5400011.jpg,data/bench press/bench press_5400021.jpg,data/bench press/bench press_5400031.jpg,data/bench press/bench press_5400041.jpg,data/bench press/bench press_5400051.jpg,data/bench press/bench press_5400061.jpg,data/bench press/bench press_5400071.jpg,data/bench press/bench press_5400071.jpg,data/bench press/bench press_5400071.jpg,data/bench press/bench press_5400071.jpg,data/bench press/bench press_5400071.jpg,data/bench press/bench press_5400071.jpg,data/bench press/bench press_5400071.jpg,data/bench press/bench press_5400071.jpg,data/bench press/bench press_5400071.jpg,1
bench press,bench press|num_550,train,3,1.0,21.0,numeric,data/bench press/bench press_5500001.jpg,data/bench press/bench press_5500011.jpg,data/bench press/bench press_5500021.jpg,data/bench press/bench press_5500021.jpg,data/bench press/bench press_5500021.jpg,data/bench press/bench press_5500021.jpg,data/bench press/bench press_5500021.jpg,data/bench press/bench press_5500021.jpg,data/bench press/bench press_5500021.jpg,data/bench press/bench press_5500021.jpg,data/bench press/bench press_5500021.jpg,data/bench press/bench press_5500021.jpg,data/bench press/bench press_5500021.jpg,data/bench press/bench press_5500021.jpg,data/bench press/bench press_5500021.jpg,data/bench press/bench press_5500021.jpg,1
bench press,bench press|num_560,train,11,1.0,101.0,numeric,data/bench press/bench press_5600001.jpg,data/bench press/bench press_5600011.jpg,data/bench press/bench press_5600021.jpg,data/bench press/bench press_5600031.jpg,data/bench press/bench press_5600041.jpg,data/bench press/bench press_5600051.jpg,data/bench press/bench press_5600061.jpg,data/bench press/bench press_5600071.jpg,data/bench press/bench press_5600081.jpg,data/bench press/bench press_5600091.jpg,data/bench press/bench press_5600101.jpg,data/bench press/bench press_5600101.jpg,data/bench press/bench press_5600101.jpg,data/bench press/bench press_5600101.jpg,data/bench press/bench press_5600101.jpg,data/bench press/bench press_5600101.jpg,1
bench press,bench press|num_570,train,10,1.0,91.0,numeric,data/bench press/bench press_5700001.jpg,data/bench press/bench press_5700011.jpg,data/bench press/bench press_5700021.jpg,data/bench press/bench press_5700031.jpg,data/bench press/bench press_5700041.jpg,data/bench press/bench press_5700051.jpg,data/bench press/bench press_5700061.jpg,data/bench press/bench press_5700071.jpg,data/bench press/bench press_5700081.jpg,data/bench press/bench press_5700091.jpg,data/bench press/bench press_5700091.jpg,data/bench press/bench press_5700091.jpg,data/bench press/bench press_5700091.jpg,data/bench press/bench press_5700091.jpg,data/bench press/bench press_5700091.jpg,data/bench press/bench press_5700091.jpg,1
bench press,bench press|num_580,train,5,1.0,41.0,numeric,data/bench press/bench press_5800001.jpg,data/bench press/bench press_5800011.jpg,data/bench press/bench press_5800021.jpg,data/bench press/bench press_5800031.jpg,data/bench press/bench press_5800041.jpg,data/bench press/bench press_5800041.jpg,data/bench press/bench press_5800041.jpg,data/bench press/bench press_5800041.jpg,data/bench press/bench press_5800041.jpg,data/bench press/bench press_5800041.jpg,data/bench press/bench press_5800041.jpg,data/bench press/bench press_5800041.jpg,data/bench press/bench press_5800041.jpg,data/bench press/bench press_5800041.jpg,data/bench press/bench press_5800041.jpg,data/bench press/bench press_5800041.jpg,1
bench press,bench press|num_590,train,15,1.0,141.0,numeric,data/bench press/bench press_5900001.jpg,data/bench press/bench press_5900011.jpg,data/bench press/bench press_5900021.jpg,data/bench press/bench press_5900031.jpg,data/bench press/bench press_5900041.jpg,data/bench press/bench press_5900051.jpg,data/bench press/bench press_5900061.jpg,data/bench press/bench press_5900071.jpg,data/bench press/bench press_5900081.jpg,data/bench press/bench press_5900091.jpg,data/bench press/bench press_5900101.jpg,data/bench press/bench press_5900111.jpg,data/bench press/bench press_5900121.jpg,data/bench press/bench press_5900131.jpg,data/bench press/bench press_5900141.jpg,data/bench press/bench press_5900141.jpg,1
bench press,bench press|num_60,train,6,1.0,51.0,numeric,data/bench press/bench press_600001.jpg,data/bench press/bench press_600011.jpg,data/bench press/bench press_600021.jpg,data/bench press/bench press_600031.jpg,data/bench press/bench press_600041.jpg,data/bench press/bench press_600051.jpg,data/bench press/bench press_600051.jpg,data/bench press/bench press_600051.jpg,data/bench press/bench press_600051.jpg,data/bench press/bench press_600051.jpg,data/bench press/bench press_600051.jpg,data/bench press/bench press_600051.jpg,data/bench press/bench press_600051.jpg,data/bench press/bench press_600051.jpg,data/bench press/bench press_600051.jpg,data/bench press/bench press_600051.jpg,1
bench press,bench press|num_600,train,15,1.0,141.0,numeric,data/bench press/bench press_6000001.jpg,data/bench press/bench press_6000011.jpg,data/bench press/bench press_6000021.jpg,data/bench press/bench press_6000031.jpg,data/bench press/bench press_6000041.jpg,data/bench press/bench press_6000051.jpg,data/bench press/bench press_6000061.jpg,data/bench press/bench press_6000071.jpg,data/bench press/bench press_6000081.jpg,data/bench press/bench press_6000091.jpg,data/bench press/bench press_6000101.jpg,data/bench press/bench press_6000111.jpg,data/bench press/bench press_6000121.jpg,data/bench press/bench press_6000131.jpg,data/bench press/bench press_6000141.jpg,data/bench press/bench press_6000141.jpg,1
bench press,bench press|num_610,train,11,1.0,101.0,numeric,data/bench press/bench press_6100001.jpg,data/bench press/bench press_6100011.jpg,data/bench press/bench press_6100021.jpg,data/bench press/bench press_6100031.jpg,data/bench press/bench press_6100041.jpg,data/bench press/bench press_6100051.jpg,data/bench press/bench press_6100061.jpg,data/bench press/bench press_6100071.jpg,data/bench press/bench press_6100081.jpg,data/bench press/bench press_6100091.jpg,data/bench press/bench press_6100101.jpg,data/bench press/bench press_6100101.jpg,data/bench press/bench press_6100101.jpg,data/bench press/bench press_6100101.jpg,data/bench press/bench press_6100101.jpg,data/bench press/bench press_6100101.jpg,1
bench press,bench press|num_70,val,8,1.0,71.0,numeric,data/bench press/bench press_700001.jpg,data/bench press/bench press_700011.jpg,data/bench press/bench press_700021.jpg,data/bench press/bench press_700031.jpg,data/bench press/bench press_700041.jpg,data/bench press/bench press_700051.jpg,data/bench press/bench press_700061.jpg,data/bench press/bench press_700071.jpg,data/bench press/bench press_700071.jpg,data/bench press/bench press_700071.jpg,data/bench press/bench press_700071.jpg,data/bench press/bench press_700071.jpg,data/bench press/bench press_700071.jpg,data/bench press/bench press_700071.jpg,data/bench press/bench press_700071.jpg,data/bench press/bench press_700071.jpg,1
bench press,bench press|num_80,train,8,1.0,71.0,numeric,data/bench press/bench press_800001.jpg,data/bench press/bench press_800011.jpg,data/bench press/bench press_800021.jpg,data/bench press/bench press_800031.jpg,data/bench press/bench press_800041.jpg,data/bench press/bench press_800051.jpg,data/bench press/bench press_800061.jpg,data/bench press/bench press_800071.jpg,data/bench press/bench press_800071.jpg,data/bench press/bench press_800071.jpg,data/bench press/bench press_800071.jpg,data/bench press/bench press_800071.jpg,data/bench press/bench press_800071.jpg,data/bench press/bench press_800071.jpg,data/bench press/bench press_800071.jpg,data/bench press/bench press_800071.jpg,1
bench press,bench press|num_90,train,4,1.0,31.0,numeric,data/bench press/bench press_900001.jpg,data/bench press/bench press_900011.jpg,data/bench press/bench press_900021.jpg,data/bench press/bench press_900031.jpg,data/bench press/bench press_900031.jpg,data/bench press/bench press_900031.jpg,data/bench press/bench press_900031.jpg,data/bench press/bench press_900031.jpg,data/bench press/bench press_900031.jpg,data/bench press/bench press_900031.jpg,data/bench press/bench press_900031.jpg,data/bench press/bench press_900031.jpg,data/bench press/bench press_900031.jpg,data/bench press/bench press_900031.jpg,data/bench press/bench press_900031.jpg,data/bench press/bench press_900031.jpg,1
chest fly machine,chest fly machine|g1,train,1,,,alpha_num,data/chest fly machine/cfm_g1.jpg,data/chest fly machine/cfm_g1.jpg,data/chest fly machine/cfm_g1.jpg,data/chest fly machine/cfm_g1.jpg,data/chest fly machine/cfm_g1.jpg,data/chest fly machine/cfm_g1.jpg,data/chest fly machine/cfm_g1.jpg,data/chest fly machine/cfm_g1.jpg,data/chest fly machine/cfm_g1.jpg,data/chest fly machine/cfm_g1.jpg,data/chest fly machine/cfm_g1.jpg,data/chest fly machine/cfm_g1.jpg,data/chest fly machine/cfm_g1.jpg,data/chest fly machine/cfm_g1.jpg,data/chest fly machine/cfm_g1.jpg,data/chest fly machine/cfm_g1.jpg,2
chest fly machine,chest fly machine|g10,train,1,,,alpha_num,data/chest fly machine/cfm_g10.jpg,data/chest fly machine/cfm_g10.jpg,data/chest fly machine/cfm_g10.jpg,data/chest fly machine/cfm_g10.jpg,data/chest fly machine/cfm_g10.jpg,data/chest fly machine/cfm_g10.jpg,data/chest fly machine/cfm_g10.jpg,data/chest fly machine/cfm_g10.jpg,data/chest fly machine/cfm_g10.jpg,data/chest fly machine/cfm_g10.jpg,data/chest fly machine/cfm_g10.jpg,data/chest fly machine/cfm_g10.jpg,data/chest fly machine/cfm_g10.jpg,data/chest fly machine/cfm_g10.jpg,data/chest fly machine/cfm_g10.jpg,data/chest fly machine/cfm_g10.jpg,2
chest fly machine,chest fly machine|g11,train,1,,,alpha_num,data/chest fly machine/cfm_g11.jpg,data/chest fly machine/cfm_g11.jpg,data/chest fly machine/cfm_g11.jpg,data/chest fly machine/cfm_g11.jpg,data/chest fly machine/cfm_g11.jpg,data/chest fly machine/cfm_g11.jpg,data/chest fly machine/cfm_g11.jpg,data/chest fly machine/cfm_g11.jpg,data/chest fly machine/cfm_g11.jpg,data/chest fly machine/cfm_g11.jpg,data/chest fly machine/cfm_g11.jpg,data/chest fly machine/cfm_g11.jpg,data/chest fly machine/cfm_g11.jpg,data/chest fly machine/cfm_g11.jpg,data/chest fly machine/cfm_g11.jpg,data/chest fly machine/cfm_g11.jpg,2
chest fly machine,chest fly machine|g12,train,1,,,alpha_num,data/chest fly machine/cfm_g12.jpg,data/chest fly machine/cfm_g12.jpg,data/chest fly machine/cfm_g12.jpg,data/chest fly machine/cfm_g12.jpg,data/chest fly machine/cfm_g12.jpg,data/chest fly machine/cfm_g12.jpg,data/chest fly machine/cfm_g12.jpg,data/chest fly machine/cfm_g12.jpg,data/chest fly machine/cfm_g12.jpg,data/chest fly machine/cfm_g12.jpg,data/chest fly machine/cfm_g12.jpg,data/chest fly machine/cfm_g12.jpg,data/chest fly machine/cfm_g12.jpg,data/chest fly machine/cfm_g12.jpg,data/chest fly machine/cfm_g12.jpg,data/chest fly machine/cfm_g12.jpg,2
chest fly machine,chest fly machine|g13,train,1,,,alpha_num,data/chest fly machine/cfm_g13.jpg,data/chest fly machine/cfm_g13.jpg,data/chest fly machine/cfm_g13.jpg,data/chest fly machine/cfm_g13.jpg,data/chest fly machine/cfm_g13.jpg,data/chest fly machine/cfm_g13.jpg,data/chest fly machine/cfm_g13.jpg,data/chest fly machine/cfm_g13.jpg,data/chest fly machine/cfm_g13.jpg,data/chest fly machine/cfm_g13.jpg,data/chest fly machine/cfm_g13.jpg,data/chest fly machine/cfm_g13.jpg,data/chest fly machine/cfm_g13.jpg,data/chest fly machine/cfm_g13.jpg,data/chest fly machine/cfm_g13.jpg,data/chest fly machine/cfm_g13.jpg,2
chest fly machine,chest fly machine|g14,train,1,,,alpha_num,data/chest fly machine/cfm_g14.jpg,data/chest fly machine/cfm_g14.jpg,data/chest fly machine/cfm_g14.jpg,data/chest fly machine/cfm_g14.jpg,data/chest fly machine/cfm_g14.jpg,data/chest fly machine/cfm_g14.jpg,data/chest fly machine/cfm_g14.jpg,data/chest fly machine/cfm_g14.jpg,data/chest fly machine/cfm_g14.jpg,data/chest fly machine/cfm_g14.jpg,data/chest fly machine/cfm_g14.jpg,data/chest fly machine/cfm_g14.jpg,data/chest fly machine/cfm_g14.jpg,data/chest fly machine/cfm_g14.jpg,data/chest fly machine/cfm_g14.jpg,data/chest fly machine/cfm_g14.jpg,2
chest fly machine,chest fly machine|g15,train,1,,,alpha_num,data/chest fly machine/cfm_g15.jpg,data/chest fly machine/cfm_g15.jpg,data/chest fly machine/cfm_g15.jpg,data/chest fly machine/cfm_g15.jpg,data/chest fly machine/cfm_g15.jpg,data/chest fly machine/cfm_g15.jpg,data/chest fly machine/cfm_g15.jpg,data/chest fly machine/cfm_g15.jpg,data/chest fly machine/cfm_g15.jpg,data/chest fly machine/cfm_g15.jpg,data/chest fly machine/cfm_g15.jpg,data/chest fly machine/cfm_g15.jpg,data/chest fly machine/cfm_g15.jpg,data/chest fly machine/cfm_g15.jpg,data/chest fly machine/cfm_g15.jpg,data/chest fly machine/cfm_g15.jpg,2
chest fly machine,chest fly machine|g16,train,1,,,alpha_num,data/chest fly machine/cfm_g16.jpg,data/chest fly machine/cfm_g16.jpg,data/chest fly machine/cfm_g16.jpg,data/chest fly machine/cfm_g16.jpg,data/chest fly machine/cfm_g16.jpg,data/chest fly machine/cfm_g16.jpg,data/chest fly machine/cfm_g16.jpg,data/chest fly machine/cfm_g16.jpg,data/chest fly machine/cfm_g16.jpg,data/chest fly machine/cfm_g16.jpg,data/chest fly machine/cfm_g16.jpg,data/chest fly machine/cfm_g16.jpg,data/chest fly machine/cfm_g16.jpg,data/chest fly machine/cfm_g16.jpg,data/chest fly machine/cfm_g16.jpg,data/chest fly machine/cfm_g16.jpg,2
chest fly machine,chest fly machine|g17,train,1,,,alpha_num,data/chest fly machine/cfm_g17.jpg,data/chest fly machine/cfm_g17.jpg,data/chest fly machine/cfm_g17.jpg,data/chest fly machine/cfm_g17.jpg,data/chest fly machine/cfm_g17.jpg,data/chest fly machine/cfm_g17.jpg,data/chest fly machine/cfm_g17.jpg,data/chest fly machine/cfm_g17.jpg,data/chest fly machine/cfm_g17.jpg,data/chest fly machine/cfm_g17.jpg,data/chest fly machine/cfm_g17.jpg,data/chest fly machine/cfm_g17.jpg,data/chest fly machine/cfm_g17.jpg,data/chest fly machine/cfm_g17.jpg,data/chest fly machine/cfm_g17.jpg,data/chest fly machine/cfm_g17.jpg,2
chest fly machine,chest fly machine|g18,train,1,,,alpha_num,data/chest fly machine/cfm_g18.jpg,data/chest fly machine/cfm_g18.jpg,data/chest fly machine/cfm_g18.jpg,data/chest fly machine/cfm_g18.jpg,data/chest fly machine/cfm_g18.jpg,data/chest fly machine/cfm_g18.jpg,data/chest fly machine/cfm_g18.jpg,data/chest fly machine/cfm_g18.jpg,data/chest fly machine/cfm_g18.jpg,data/chest fly machine/cfm_g18.jpg,data/chest fly machine/cfm_g18.jpg,data/chest fly machine/cfm_g18.jpg,data/chest fly machine/cfm_g18.jpg,data/chest fly machine/cfm_g18.jpg,data/chest fly machine/cfm_g18.jpg,data/chest fly machine/cfm_g18.jpg,2
chest fly machine,chest fly machine|g19,train,1,,,alpha_num,data/chest fly machine/cfm_g19.jpg,data/chest fly machine/cfm_g19.jpg,data/chest fly machine/cfm_g19.jpg,data/chest fly machine/cfm_g19.jpg,data/chest fly machine/cfm_g19.jpg,data/chest fly machine/cfm_g19.jpg,data/chest fly machine/cfm_g19.jpg,data/chest fly machine/cfm_g19.jpg,data/chest fly machine/cfm_g19.jpg,data/chest fly machine/cfm_g19.jpg,data/chest fly machine/cfm_g19.jpg,data/chest fly machine/cfm_g19.jpg,data/chest fly machine/cfm_g19.jpg,data/chest fly machine/cfm_g19.jpg,data/chest fly machine/cfm_g19.jpg,data/chest fly machine/cfm_g19.jpg,2
chest fly machine,chest fly machine|g2,train,1,,,alpha_num,data/chest fly machine/cfm_g2.jpg,data/chest fly machine/cfm_g2.jpg,data/chest fly machine/cfm_g2.jpg,data/chest fly machine/cfm_g2.jpg,data/chest fly machine/cfm_g2.jpg,data/chest fly machine/cfm_g2.jpg,data/chest fly machine/cfm_g2.jpg,data/chest fly machine/cfm_g2.jpg,data/chest fly machine/cfm_g2.jpg,data/chest fly machine/cfm_g2.jpg,data/chest fly machine/cfm_g2.jpg,data/chest fly machine/cfm_g2.jpg,data/chest fly machine/cfm_g2.jpg,data/chest fly machine/cfm_g2.jpg,data/chest fly machine/cfm_g2.jpg,data/chest fly machine/cfm_g2.jpg,2
chest fly machine,chest fly machine|g20,train,1,,,alpha_num,data/chest fly machine/cfm_g20.jpg,data/chest fly machine/cfm_g20.jpg,data/chest fly machine/cfm_g20.jpg,data/chest fly machine/cfm_g20.jpg,data/chest fly machine/cfm_g20.jpg,data/chest fly machine/cfm_g20.jpg,data/chest fly machine/cfm_g20.jpg,data/chest fly machine/cfm_g20.jpg,data/chest fly machine/cfm_g20.jpg,data/chest fly machine/cfm_g20.jpg,data/chest fly machine/cfm_g20.jpg,data/chest fly machine/cfm_g20.jpg,data/chest fly machine/cfm_g20.jpg,data/chest fly machine/cfm_g20.jpg,data/chest fly machine/cfm_g20.jpg,data/chest fly machine/cfm_g20.jpg,2
chest fly machine,chest fly machine|g21,train,1,,,alpha_num,data/chest fly machine/cfm_g21.jpg,data/chest fly machine/cfm_g21.jpg,data/chest fly machine/cfm_g21.jpg,data/chest fly machine/cfm_g21.jpg,data/chest fly machine/cfm_g21.jpg,data/chest fly machine/cfm_g21.jpg,data/chest fly machine/cfm_g21.jpg,data/chest fly machine/cfm_g21.jpg,data/chest fly machine/cfm_g21.jpg,data/chest fly machine/cfm_g21.jpg,data/chest fly machine/cfm_g21.jpg,data/chest fly machine/cfm_g21.jpg,data/chest fly machine/cfm_g21.jpg,data/chest fly machine/cfm_g21.jpg,data/chest fly machine/cfm_g21.jpg,data/chest fly machine/cfm_g21.jpg,2
chest fly machine,chest fly machine|g22,train,1,,,alpha_num,data/chest fly machine/cfm_g22.jpg,data/chest fly machine/cfm_g22.jpg,data/chest fly machine/cfm_g22.jpg,data/chest fly machine/cfm_g22.jpg,data/chest fly machine/cfm_g22.jpg,data/chest fly machine/cfm_g22.jpg,data/chest fly machine/cfm_g22.jpg,data/chest fly machine/cfm_g22.jpg,data/chest fly machine/cfm_g22.jpg,data/chest fly machine/cfm_g22.jpg,data/chest fly machine/cfm_g22.jpg,data/chest fly machine/cfm_g22.jpg,data/chest fly machine/cfm_g22.jpg,data/chest fly machine/cfm_g22.jpg,data/chest fly machine/cfm_g22.jpg,data/chest fly machine/cfm_g22.jpg,2
chest fly machine,chest fly machine|g23,val,1,,,alpha_num,data/chest fly machine/cfm_g23.jpg,data/chest fly machine/cfm_g23.jpg,data/chest fly machine/cfm_g23.jpg,data/chest fly machine/cfm_g23.jpg,data/chest fly machine/cfm_g23.jpg,data/chest fly machine/cfm_g23.jpg,data/chest fly machine/cfm_g23.jpg,data/chest fly machine/cfm_g23.jpg,data/chest fly machine/cfm_g23.jpg,data/chest fly machine/cfm_g23.jpg,data/chest fly machine/cfm_g23.jpg,data/chest fly machine/cfm_g23.jpg,data/chest fly machine/cfm_g23.jpg,data/chest fly machine/cfm_g23.jpg,data/chest fly machine/cfm_g23.jpg,data/chest fly machine/cfm_g23.jpg,2
chest fly machine,chest fly machine|g24,train,1,,,alpha_num,data/chest fly machine/cfm_g24.jpg,data/chest fly machine/cfm_g24.jpg,data/chest fly machine/cfm_g24.jpg,data/chest fly machine/cfm_g24.jpg,data/chest fly machine/cfm_g24.jpg,data/chest fly machine/cfm_g24.jpg,data/chest fly machine/cfm_g24.jpg,data/chest fly machine/cfm_g24.jpg,data/chest fly machine/cfm_g24.jpg,data/chest fly machine/cfm_g24.jpg,data/chest fly machine/cfm_g24.jpg,data/chest fly machine/cfm_g24.jpg,data/chest fly machine/cfm_g24.jpg,data/chest fly machine/cfm_g24.jpg,data/chest fly machine/cfm_g24.jpg,data/chest fly machine/cfm_g24.jpg,2
chest fly machine,chest fly machine|g25,train,1,,,alpha_num,data/chest fly machine/cfm_g25.jpg,data/chest fly machine/cfm_g25.jpg,data/chest fly machine/cfm_g25.jpg,data/chest fly machine/cfm_g25.jpg,data/chest fly machine/cfm_g25.jpg,data/chest fly machine/cfm_g25.jpg,data/chest fly machine/cfm_g25.jpg,data/chest fly machine/cfm_g25.jpg,data/chest fly machine/cfm_g25.jpg,data/chest fly machine/cfm_g25.jpg,data/chest fly machine/cfm_g25.jpg,data/chest fly machine/cfm_g25.jpg,data/chest fly machine/cfm_g25.jpg,data/chest fly machine/cfm_g25.jpg,data/chest fly machine/cfm_g25.jpg,data/chest fly machine/cfm_g25.jpg,2
chest fly machine,chest fly machine|g26,train,1,,,alpha_num,data/chest fly machine/cfm_g26.jpg,data/chest fly machine/cfm_g26.jpg,data/chest fly machine/cfm_g26.jpg,data/chest fly machine/cfm_g26.jpg,data/chest fly machine/cfm_g26.jpg,data/chest fly machine/cfm_g26.jpg,data/chest fly machine/cfm_g26.jpg,data/chest fly machine/cfm_g26.jpg,data/chest fly machine/cfm_g26.jpg,data/chest fly machine/cfm_g26.jpg,data/chest fly machine/cfm_g26.jpg,data/chest fly machine/cfm_g26.jpg,data/chest fly machine/cfm_g26.jpg,data/chest fly machine/cfm_g26.jpg,data/chest fly machine/cfm_g26.jpg,data/chest fly machine/cfm_g26.jpg,2
chest fly machine,chest fly machine|g27,train,1,,,alpha_num,data/chest fly machine/cfm_g27.jpg,data/chest fly machine/cfm_g27.jpg,data/chest fly machine/cfm_g27.jpg,data/chest fly machine/cfm_g27.jpg,data/chest fly machine/cfm_g27.jpg,data/chest fly machine/cfm_g27.jpg,data/chest fly machine/cfm_g27.jpg,data/chest fly machine/cfm_g27.jpg,data/chest fly machine/cfm_g27.jpg,data/chest fly machine/cfm_g27.jpg,data/chest fly machine/cfm_g27.jpg,data/chest fly machine/cfm_g27.jpg,data/chest fly machine/cfm_g27.jpg,data/chest fly machine/cfm_g27.jpg,data/chest fly machine/cfm_g27.jpg,data/chest fly machine/cfm_g27.jpg,2
chest fly machine,chest fly machine|g28,train,1,,,alpha_num,data/chest fly machine/cfm_g28.jpg,data/chest fly machine/cfm_g28.jpg,data/chest fly machine/cfm_g28.jpg,data/chest fly machine/cfm_g28.jpg,data/chest fly machine/cfm_g28.jpg,data/chest fly machine/cfm_g28.jpg,data/chest fly machine/cfm_g28.jpg,data/chest fly machine/cfm_g28.jpg,data/chest fly machine/cfm_g28.jpg,data/chest fly machine/cfm_g28.jpg,data/chest fly machine/cfm_g28.jpg,data/chest fly machine/cfm_g28.jpg,data/chest fly machine/cfm_g28.jpg,data/chest fly machine/cfm_g28.jpg,data/chest fly machine/cfm_g28.jpg,data/chest fly machine/cfm_g28.jpg,2
chest fly machine,chest fly machine|g3,train,1,,,alpha_num,data/chest fly machine/cfm_g3.jpg,data/chest fly machine/cfm_g3.jpg,data/chest fly machine/cfm_g3.jpg,data/chest fly machine/cfm_g3.jpg,data/chest fly machine/cfm_g3.jpg,data/chest fly machine/cfm_g3.jpg,data/chest fly machine/cfm_g3.jpg,data/chest fly machine/cfm_g3.jpg,data/chest fly machine/cfm_g3.jpg,data/chest fly machine/cfm_g3.jpg,data/chest fly machine/cfm_g3.jpg,data/chest fly machine/cfm_g3.jpg,data/chest fly machine/cfm_g3.jpg,data/chest fly machine/cfm_g3.jpg,data/chest fly machine/cfm_g3.jpg,data/chest fly machine/cfm_g3.jpg,2
chest fly machine,chest fly machine|g4,train,1,,,alpha_num,data/chest fly machine/cfm_g4.jpg,data/chest fly machine/cfm_g4.jpg,data/chest fly machine/cfm_g4.jpg,data/chest fly machine/cfm_g4.jpg,data/chest fly machine/cfm_g4.jpg,data/chest fly machine/cfm_g4.jpg,data/chest fly machine/cfm_g4.jpg,data/chest fly machine/cfm_g4.jpg,data/chest fly machine/cfm_g4.jpg,data/chest fly machine/cfm_g4.jpg,data/chest fly machine/cfm_g4.jpg,data/chest fly machine/cfm_g4.jpg,data/chest fly machine/cfm_g4.jpg,data/chest fly machine/cfm_g4.jpg,data/chest fly machine/cfm_g4.jpg,data/chest fly machine/cfm_g4.jpg,2
chest fly machine,chest fly machine|g5,val,1,,,alpha_num,data/chest fly machine/cfm_g5.jpg,data/chest fly machine/cfm_g5.jpg,data/chest fly machine/cfm_g5.jpg,data/chest fly machine/cfm_g5.jpg,data/chest fly machine/cfm_g5.jpg,data/chest fly machine/cfm_g5.jpg,data/chest fly machine/cfm_g5.jpg,data/chest fly machine/cfm_g5.jpg,data/chest fly machine/cfm_g5.jpg,data/chest fly machine/cfm_g5.jpg,data/chest fly machine/cfm_g5.jpg,data/chest fly machine/cfm_g5.jpg,data/chest fly machine/cfm_g5.jpg,data/chest fly machine/cfm_g5.jpg,data/chest fly machine/cfm_g5.jpg,data/chest fly machine/cfm_g5.jpg,2
chest fly machine,chest fly machine|g6,train,1,,,alpha_num,data/chest fly machine/cfm_g6.jpg,data/chest fly machine/cfm_g6.jpg,data/chest fly machine/cfm_g6.jpg,data/chest fly machine/cfm_g6.jpg,data/chest fly machine/cfm_g6.jpg,data/chest fly machine/cfm_g6.jpg,data/chest fly machine/cfm_g6.jpg,data/chest fly machine/cfm_g6.jpg,data/chest fly machine/cfm_g6.jpg,data/chest fly machine/cfm_g6.jpg,data/chest fly machine/cfm_g6.jpg,data/chest fly machine/cfm_g6.jpg,data/chest fly machine/cfm_g6.jpg,data/chest fly machine/cfm_g6.jpg,data/chest fly machine/cfm_g6.jpg,data/chest fly machine/cfm_g6.jpg,2
chest fly machine,chest fly machine|g7,train,1,,,alpha_num,data/chest fly machine/cfm_g7.jpg,data/chest fly machine/cfm_g7.jpg,data/chest fly machine/cfm_g7.jpg,data/chest fly machine/cfm_g7.jpg,data/chest fly machine/cfm_g7.jpg,data/chest fly machine/cfm_g7.jpg,data/chest fly machine/cfm_g7.jpg,data/chest fly machine/cfm_g7.jpg,data/chest fly machine/cfm_g7.jpg,data/chest fly machine/cfm_g7.jpg,data/chest fly machine/cfm_g7.jpg,data/chest fly machine/cfm_g7.jpg,data/chest fly machine/cfm_g7.jpg,data/chest fly machine/cfm_g7.jpg,data/chest fly machine/cfm_g7.jpg,data/chest fly machine/cfm_g7.jpg,2
chest fly machine,chest fly machine|g8,train,1,,,alpha_num,data/chest fly machine/cfm_g8.jpg,data/chest fly machine/cfm_g8.jpg,data/chest fly machine/cfm_g8.jpg,data/chest fly machine/cfm_g8.jpg,data/chest fly machine/cfm_g8.jpg,data/chest fly machine/cfm_g8.jpg,data/chest fly machine/cfm_g8.jpg,data/chest fly machine/cfm_g8.jpg,data/chest fly machine/cfm_g8.jpg,data/chest fly machine/cfm_g8.jpg,data/chest fly machine/cfm_g8.jpg,data/chest fly machine/cfm_g8.jpg,data/chest fly machine/cfm_g8.jpg,data/chest fly machine/cfm_g8.jpg,data/chest fly machine/cfm_g8.jpg,data/chest fly machine/cfm_g8.jpg,2
chest fly machine,chest fly machine|g9,train,1,,,alpha_num,data/chest fly machine/cfm_g9.jpg,data/chest fly machine/cfm_g9.jpg,data/chest fly machine/cfm_g9.jpg,data/chest fly machine/cfm_g9.jpg,data/chest fly machine/cfm_g9.jpg,data/chest fly machine/cfm_g9.jpg,data/chest fly machine/cfm_g9.jpg,data/chest fly machine/cfm_g9.jpg,data/chest fly machine/cfm_g9.jpg,data/chest fly machine/cfm_g9.jpg,data/chest fly machine/cfm_g9.jpg,data/chest fly machine/cfm_g9.jpg,data/chest fly machine/cfm_g9.jpg,data/chest fly machine/cfm_g9.jpg,data/chest fly machine/cfm_g9.jpg,data/chest fly machine/cfm_g9.jpg,2
chest fly machine,chest fly machine|num_10,train,15,1.0,141.0,numeric,data/chest fly machine/cfm_100001.jpg,data/chest fly machine/cfm_100011.jpg,data/chest fly machine/cfm_100021.jpg,data/chest fly machine/cfm_100031.jpg,data/chest fly machine/cfm_100041.jpg,data/chest fly machine/cfm_100051.jpg,data/chest fly machine/cfm_100061.jpg,data/chest fly machine/cfm_100071.jpg,data/chest fly machine/cfm_100081.jpg,data/chest fly machine/cfm_100091.jpg,data/chest fly machine/cfm_100101.jpg,data/chest fly machine/cfm_100111.jpg,data/chest fly machine/cfm_100121.jpg,data/chest fly machine/cfm_100131.jpg,data/chest fly machine/cfm_100141.jpg,data/chest fly machine/cfm_100141.jpg,2
chest fly machine,chest fly machine|num_100,train,10,1.0,91.0,numeric,data/chest fly machine/cfm_1000001.jpg,data/chest fly machine/cfm_1000011.jpg,data/chest fly machine/cfm_1000021.jpg,data/chest fly machine/cfm_1000031.jpg,data/chest fly machine/cfm_1000041.jpg,data/chest fly machine/cfm_1000051.jpg,data/chest fly machine/cfm_1000061.jpg,data/chest fly machine/cfm_1000071.jpg,data/chest fly machine/cfm_1000081.jpg,data/chest fly machine/cfm_1000091.jpg,data/chest fly machine/cfm_1000091.jpg,data/chest fly machine/cfm_1000091.jpg,data/chest fly machine/cfm_1000091.jpg,data/chest fly machine/cfm_1000091.jpg,data/chest fly machine/cfm_1000091.jpg,data/chest fly machine/cfm_1000091.jpg,2
chest fly machine,chest fly machine|num_110,train,11,1.0,101.0,numeric,data/chest fly machine/cfm_1100001.jpg,data/chest fly machine/cfm_1100011.jpg,data/chest fly machine/cfm_1100021.jpg,data/chest fly machine/cfm_1100031.jpg,data/chest fly machine/cfm_1100041.jpg,data/chest fly machine/cfm_1100051.jpg,data/chest fly machine/cfm_1100061.jpg,data/chest fly machine/cfm_1100071.jpg,data/chest fly machine/cfm_1100081.jpg,data/chest fly machine/cfm_1100091.jpg,data/chest fly machine/cfm_1100101.jpg,data/chest fly machine/cfm_1100101.jpg,data/chest fly machine/cfm_1100101.jpg,data/chest fly machine/cfm_1100101.jpg,data/chest fly machine/cfm_1100101.jpg,data/chest fly machine/cfm_1100101.jpg,2
chest fly machine,chest fly machine|num_120,val,11,1.0,101.0,numeric,data/chest fly machine/cfm_1200001.jpg,data/chest fly machine/cfm_1200011.jpg,data/chest fly machine/cfm_1200021.jpg,data/chest fly machine/cfm_1200031.jpg,data/chest fly machine/cfm_1200041.jpg,data/chest fly machine/cfm_1200051.jpg,data/chest fly machine/cfm_1200061.jpg,data/chest fly machine/cfm_1200071.jpg,data/chest fly machine/cfm_1200081.jpg,data/chest fly machine/cfm_1200091.jpg,data/chest fly machine/cfm_1200101.jpg,data/chest fly machine/cfm_1200101.jpg,data/chest fly machine/cfm_1200101.jpg,data/chest fly machine/cfm_1200101.jpg,data/chest fly machine/cfm_1200101.jpg,data/chest fly machine/cfm_1200101.jpg,2
chest fly machine,chest fly machine|num_130,train,9,1.0,81.0,numeric,data/chest fly machine/cfm_1300001.jpg,data/chest fly machine/cfm_1300011.jpg,data/chest fly machine/cfm_1300021.jpg,data/chest fly machine/cfm_1300031.jpg,data/chest fly machine/cfm_1300041.jpg,data/chest fly machine/cfm_1300051.jpg,data/chest fly machine/cfm_1300061.jpg,data/chest fly machine/cfm_1300071.jpg,data/chest fly machine/cfm_1300081.jpg,data/chest fly machine/cfm_1300081.jpg,data/chest fly machine/cfm_1300081.jpg,data/chest fly machine/cfm_1300081.jpg,data/chest fly machine/cfm_1300081.jpg,data/chest fly machine/cfm_1300081.jpg,data/chest fly machine/cfm_1300081.jpg,data/chest fly machine/cfm_1300081.jpg,2
chest fly machine,chest fly machine|num_140,train,11,1.0,101.0,numeric,data/chest fly machine/cfm_1400001.jpg,data/chest fly machine/cfm_1400011.jpg,data/chest fly machine/cfm_1400021.jpg,data/chest fly machine/cfm_1400031.jpg,data/chest fly machine/cfm_1400041.jpg,data/chest fly machine/cfm_1400051.jpg,data/chest fly machine/cfm_1400061.jpg,data/chest fly machine/cfm_1400071.jpg,data/chest fly machine/cfm_1400081.jpg,data/chest fly machine/cfm_1400091.jpg,data/chest fly machine/cfm_1400101.jpg,data/chest fly machine/cfm_1400101.jpg,data/chest fly machine/cfm_1400101.jpg,data/chest fly machine/cfm_1400101.jpg,data/chest fly machine/cfm_1400101.jpg,data/chest fly machine/cfm_1400101.jpg,2
chest fly machine,chest fly machine|num_150,train,15,1.0,141.0,numeric,data/chest fly machine/cfm_1500001.jpg,data/chest fly machine/cfm_1500011.jpg,data/chest fly machine/cfm_1500021.jpg,data/chest fly machine/cfm_1500031.jpg,data/chest fly machine/cfm_1500041.jpg,data/chest fly machine/cfm_1500051.jpg,data/chest fly machine/cfm_1500061.jpg,data/chest fly machine/cfm_1500071.jpg,data/chest fly machine/cfm_1500081.jpg,data/chest fly machine/cfm_1500091.jpg,data/chest fly machine/cfm_1500101.jpg,data/chest fly machine/cfm_1500111.jpg,data/chest fly machine/cfm_1500121.jpg,data/chest fly machine/cfm_1500131.jpg,data/chest fly machine/cfm_1500141.jpg,data/chest fly machine/cfm_1500141.jpg,2
chest fly machine,chest fly machine|num_160,train,6,1.0,51.0,numeric,data/chest fly machine/cfm_1600001.jpg,data/chest fly machine/cfm_1600011.jpg,data/chest fly machine/cfm_1600021.jpg,data/chest fly machine/cfm_1600031.jpg,data/chest fly machine/cfm_1600041.jpg,data/chest fly machine/cfm_1600051.jpg,data/chest fly machine/cfm_1600051.jpg,data/chest fly machine/cfm_1600051.jpg,data/chest fly machine/cfm_1600051.jpg,data/chest fly machine/cfm_1600051.jpg,data/chest fly machine/cfm_1600051.jpg,data/chest fly machine/cfm_1600051.jpg,data/chest fly machine/cfm_1600051.jpg,data/chest fly machine/cfm_1600051.jpg,data/chest fly machine/cfm_1600051.jpg,data/chest fly machine/cfm_1600051.jpg,2
chest fly machine,chest fly machine|num_170,val,13,1.0,121.0,numeric,data/chest fly machine/cfm_1700001.jpg,data/chest fly machine/cfm_1700011.jpg,data/chest fly machine/cfm_1700021.jpg,data/chest fly machine/cfm_1700031.jpg,data/chest fly machine/cfm_1700041.jpg,data/chest fly machine/cfm_1700051.jpg,data/chest fly machine/cfm_1700061.jpg,data/chest fly machine/cfm_1700071.jpg,data/chest fly machine/cfm_1700081.jpg,data/chest fly machine/cfm_1700091.jpg,data/chest fly machine/cfm_1700101.jpg,data/chest fly machine/cfm_1700111.jpg,data/chest fly machine/cfm_1700121.jpg,data/chest fly machine/cfm_1700121.jpg,data/chest fly machine/cfm_1700121.jpg,data/chest fly machine/cfm_1700121.jpg,2
chest fly machine,chest fly machine|num_180,train,12,1.0,111.0,numeric,data/chest fly machine/cfm_1800001.jpg,data/chest fly machine/cfm_1800011.jpg,data/chest fly machine/cfm_1800021.jpg,data/chest fly machine/cfm_1800031.jpg,data/chest fly machine/cfm_1800041.jpg,data/chest fly machine/cfm_1800051.jpg,data/chest fly machine/cfm_1800061.jpg,data/chest fly machine/cfm_1800071.jpg,data/chest fly machine/cfm_1800081.jpg,data/chest fly machine/cfm_1800091.jpg,data/chest fly machine/cfm_1800101.jpg,data/chest fly machine/cfm_1800111.jpg,data/chest fly machine/cfm_1800111.jpg,data/chest fly machine/cfm_1800111.jpg,data/chest fly machine/cfm_1800111.jpg,data/chest fly machine/cfm_1800111.jpg,2
chest fly machine,chest fly machine|num_190,train,31,1.0,301.0,numeric,data/chest fly machine/cfm_1900001.jpg,data/chest fly machine/cfm_1900021.jpg,data/chest fly machine/cfm_1900041.jpg,data/chest fly machine/cfm_1900061.jpg,data/chest fly machine/cfm_1900081.jpg,data/chest fly machine/cfm_1900101.jpg,data/chest fly machine/cfm_1900121.jpg,data/chest fly machine/cfm_1900141.jpg,data/chest fly machine/cfm_1900161.jpg,data/chest fly machine/cfm_1900181.jpg,data/chest fly machine/cfm_1900201.jpg,data/chest fly machine/cfm_1900221.jpg,data/chest fly machine/cfm_1900241.jpg,data/chest fly machine/cfm_1900261.jpg,data/chest fly machine/cfm_1900281.jpg,data/chest fly machine/cfm_1900301.jpg,2
chest fly machine,chest fly machine|num_20,train,10,1.0,91.0,numeric,data/chest fly machine/cfm_200001.jpg,data/chest fly machine/cfm_200011.jpg,data/chest fly machine/cfm_200021.jpg,data/chest fly machine/cfm_200031.jpg,data/chest fly machine/cfm_200041.jpg,data/chest fly machine/cfm_200051.jpg,data/chest fly machine/cfm_200061.jpg,data/chest fly machine/cfm_200071.jpg,data/chest fly machine/cfm_200081.jpg,data/chest fly machine/cfm_200091.jpg,data/chest fly machine/cfm_200091.jpg,data/chest fly machine/cfm_200091.jpg,data/chest fly machine/cfm_200091.jpg,data/chest fly machine/cfm_200091.jpg,data/chest fly machine/cfm_200091.jpg,data/chest fly machine/cfm_200091.jpg,2
chest fly machine,chest fly machine|num_200,train,20,1.0,191.0,numeric,data/chest fly machine/cfm_2000001.jpg,data/chest fly machine/cfm_2000011.jpg,data/chest fly machine/cfm_2000021.jpg,data/chest fly machine/cfm_2000031.jpg,data/chest fly machine/cfm_2000051.jpg,data/chest fly machine/cfm_2000061.jpg,data/chest fly machine/cfm_2000071.jpg,data/chest fly machine/cfm_2000081.jpg,data/chest fly machine/cfm_2000101.jpg,data/chest fly machine/cfm_2000111.jpg,data/chest fly machine/cfm_2000121.jpg,data/chest fly machine/cfm_2000131.jpg,data/chest fly machine/cfm_2000151.jpg,data/chest fly machine/cfm_2000161.jpg,data/chest fly machine/cfm_2000171.jpg,data/chest fly machine/cfm_2000191.jpg,2
chest fly machine,chest fly machine|num_210,test,19,1.0,181.0,numeric,data/chest fly machine/cfm_2100001.jpg,data/chest fly machine/cfm_2100011.jpg,data/chest fly machine/cfm_2100021.jpg,data/chest fly machine/cfm_2100031.jpg,data/chest fly machine/cfm_2100041.jpg,data/chest fly machine/cfm_2100061.jpg,data/chest fly machine/cfm_2100071.jpg,data/chest fly machine/cfm_2100081.jpg,data/chest fly machine/cfm_2100091.jpg,data/chest fly machine/cfm_2100101.jpg,data/chest fly machine/cfm_2100121.jpg,data/chest fly machine/cfm_2100131.jpg,data/chest fly machine/cfm_2100141.jpg,data/chest fly machine/cfm_2100151.jpg,data/chest fly machine/cfm_2100161.jpg,data/chest fly machine/cfm_2100181.jpg,2
chest fly machine,chest fly machine|num_220,train,45,1.0,441.0,numeric,data/chest fly machine/cfm_2200001.jpg,data/chest fly machine/cfm_2200021.jpg,data/chest fly machine/cfm_2200051.jpg,data/chest fly machine/cfm_2200081.jpg,data/chest fly machine/cfm_2200111.jpg,data/chest fly machine/cfm_2200141.jpg,data/chest fly machine/cfm_2200171.jpg,data/chest fly machine/cfm_2200201.jpg,data/chest fly machine/cfm_2200231.jpg,data/chest fly machine/cfm_2200261.jpg,data/chest fly machine/cfm_2200291.jpg,data/chest fly machine/cfm_2200321.jpg,data/chest fly machine/cfm_2200351.jpg,data/chest fly machine/cfm_2200381.jpg,data/chest fly machine/cfm_2200411.jpg,data/chest fly machine/cfm_2200441.jpg,2
chest fly machine,chest fly machine|num_230,train,42,1.0,411.0,numeric,data/chest fly machine/cfm_2300001.jpg,data/chest fly machine/cfm_2300021.jpg,data/chest fly machine/cfm_2300051.jpg,data/chest fly machine/cfm_2300081.jpg,data/chest fly machine/cfm_2300101.jpg,data/chest fly machine/cfm_2300131.jpg,data/chest fly machine/cfm_2300161.jpg,data/chest fly machine/cfm_2300191.jpg,data/chest fly machine/cfm_2300211.jpg,data/chest fly machine/cfm_2300241.jpg,data/chest fly machine/cfm_2300271.jpg,data/chest fly machine/cfm_2300301.jpg,data/chest fly machine/cfm_2300321.jpg,data/chest fly machine/cfm_2300351.jpg,data/chest fly machine/cfm_2300381.jpg,data/chest fly machine/cfm_2300411.jpg,2
chest fly machine,chest fly machine|num_240,val,18,1.0,171.0,numeric,data/chest fly machine/cfm_2400001.jpg,data/chest fly machine/cfm_2400011.jpg,data/chest fly machine/cfm_2400021.jpg,data/chest fly machine/cfm_2400031.jpg,data/chest fly machine/cfm_2400041.jpg,data/chest fly machine/cfm_2400051.jpg,data/chest fly machine/cfm_2400061.jpg,data/chest fly machine/cfm_2400071.jpg,data/chest fly machine/cfm_2400091.jpg,data/chest fly machine/cfm_2400101.jpg,data/chest fly machine/cfm_2400111.jpg,data/chest fly machine/cfm_2400121.jpg,data/chest fly machine/cfm_2400131.jpg,data/chest fly machine/cfm_2400141.jpg,data/chest fly machine/cfm_2400151.jpg,data/chest fly machine/cfm_2400171.jpg,2
chest fly machine,chest fly machine|num_250,train,26,1.0,251.0,numeric,data/chest fly machine/cfm_2500001.jpg,data/chest fly machine/cfm_2500011.jpg,data/chest fly machine/cfm_2500031.jpg,data/chest fly machine/cfm_2500051.jpg,data/chest fly machine/cfm_2500061.jpg,data/chest fly machine/cfm_2500081.jpg,data/chest fly machine/cfm_2500101.jpg,data/chest fly machine/cfm_2500111.jpg,data/chest fly machine/cfm_2500131.jpg,data/chest fly machine/cfm_2500151.jpg,data/chest fly machine/cfm_2500161.jpg,data/chest fly machine/cfm_2500181.jpg,data/chest fly machine/cfm_2500201.jpg,data/chest fly machine/cfm_2500211.jpg,data/chest fly machine/cfm_2500231.jpg,data/chest fly machine/cfm_2500251.jpg,2
chest fly machine,chest fly machine|num_260,train,76,1.0,751.0,numeric,data/chest fly machine/cfm_2600001.jpg,data/chest fly machine/cfm_2600051.jpg,data/chest fly machine/cfm_2600101.jpg,data/chest fly machine/cfm_2600151.jpg,data/chest fly machine/cfm_2600201.jpg,data/chest fly machine/cfm_2600251.jpg,data/chest fly machine/cfm_2600301.jpg,data/chest fly machine/cfm_2600351.jpg,data/chest fly machine/cfm_2600401.jpg,data/chest fly machine/cfm_2600451.jpg,data/chest fly machine/cfm_2600501.jpg,data/chest fly machine/cfm_2600551.jpg,data/chest fly machine/cfm_2600601.jpg,data/chest fly machine/cfm_2600651.jpg,data/chest fly machine/cfm_2600701.jpg,data/chest fly machine/cfm_2600751.jpg,2
chest fly machine,chest fly machine|num_270,train,9,1.0,81.0,numeric,data/chest fly machine/cfm_2700001.jpg,data/chest fly machine/cfm_2700011.jpg,data/chest fly machine/cfm_2700021.jpg,data/chest fly machine/cfm_2700031.jpg,data/chest fly machine/cfm_2700041.jpg,data/chest fly machine/cfm_2700051.jpg,data/chest fly machine/cfm_2700061.jpg,data/chest fly machine/cfm_2700071.jpg,data/chest fly machine/cfm_2700081.jpg,data/chest fly machine/cfm_2700081.jpg,data/chest fly machine/cfm_2700081.jpg,data/chest fly machine/cfm_2700081.jpg,data/chest fly machine/cfm_2700081.jpg,data/chest fly machine/cfm_2700081.jpg,data/chest fly machine/cfm_2700081.jpg,data/chest fly machine/cfm_2700081.jpg,2
chest fly machine,chest fly machine|num_280,train,8,1.0,71.0,numeric,data/chest fly machine/cfm_2800001.jpg,data/chest fly machine/cfm_2800011.jpg,data/chest fly machine/cfm_2800021.jpg,data/chest fly machine/cfm_2800031.jpg,data/chest fly machine/cfm_2800041.jpg,data/chest fly machine/cfm_2800051.jpg,data/chest fly machine/cfm_2800061.jpg,data/chest fly machine/cfm_2800071.jpg,data/chest fly machine/cfm_2800071.jpg,data/chest fly machine/cfm_2800071.jpg,data/chest fly machine/cfm_2800071.jpg,data/chest fly machine/cfm_2800071.jpg,data/chest fly machine/cfm_2800071.jpg,data/chest fly machine/cfm_2800071.jpg,data/chest fly machine/cfm_2800071.jpg,data/chest fly machine/cfm_2800071.jpg,2
chest fly machine,chest fly machine|num_30,train,7,1.0,61.0,numeric,data/chest fly machine/cfm_300001.jpg,data/chest fly machine/cfm_300011.jpg,data/chest fly machine/cfm_300021.jpg,data/chest fly machine/cfm_300031.jpg,data/chest fly machine/cfm_300041.jpg,data/chest fly machine/cfm_300051.jpg,data/chest fly machine/cfm_300061.jpg,data/chest fly machine/cfm_300061.jpg,data/chest fly machine/cfm_300061.jpg,data/chest fly machine/cfm_300061.jpg,data/chest fly machine/cfm_300061.jpg,data/chest fly machine/cfm_300061.jpg,data/chest fly machine/cfm_300061.jpg,data/chest fly machine/cfm_300061.jpg,data/chest fly machine/cfm_300061.jpg,data/chest fly machine/cfm_300061.jpg,2
chest fly machine,chest fly machine|num_40,train,13,1.0,121.0,numeric,data/chest fly machine/cfm_400001.jpg,data/chest fly machine/cfm_400011.jpg,data/chest fly machine/cfm_400021.jpg,data/chest fly machine/cfm_400031.jpg,data/chest fly machine/cfm_400041.jpg,data/chest fly machine/cfm_400051.jpg,data/chest fly machine/cfm_400061.jpg,data/chest fly machine/cfm_400071.jpg,data/chest fly machine/cfm_400081.jpg,data/chest fly machine/cfm_400091.jpg,data/chest fly machine/cfm_400101.jpg,data/chest fly machine/cfm_400111.jpg,data/chest fly machine/cfm_400121.jpg,data/chest fly machine/cfm_400121.jpg,data/chest fly machine/cfm_400121.jpg,data/chest fly machine/cfm_400121.jpg,2
chest fly machine,chest fly machine|num_50,train,9,1.0,81.0,numeric,data/chest fly machine/cfm_500001.jpg,data/chest fly machine/cfm_500011.jpg,data/chest fly machine/cfm_500021.jpg,data/chest fly machine/cfm_500031.jpg,data/chest fly machine/cfm_500041.jpg,data/chest fly machine/cfm_500051.jpg,data/chest fly machine/cfm_500061.jpg,data/chest fly machine/cfm_500071.jpg,data/chest fly machine/cfm_500081.jpg,data/chest fly machine/cfm_500081.jpg,data/chest fly machine/cfm_500081.jpg,data/chest fly machine/cfm_500081.jpg,data/chest fly machine/cfm_500081.jpg,data/chest fly machine/cfm_500081.jpg,data/chest fly machine/cfm_500081.jpg,data/chest fly machine/cfm_500081.jpg,2
chest fly machine,chest fly machine|num_60,train,13,1.0,121.0,numeric,data/chest fly machine/cfm_600001.jpg,data/chest fly machine/cfm_600011.jpg,data/chest fly machine/cfm_600021.jpg,data/chest fly machine/cfm_600031.jpg,data/chest fly machine/cfm_600041.jpg,data/chest fly machine/cfm_600051.jpg,data/chest fly machine/cfm_600061.jpg,data/chest fly machine/cfm_600071.jpg,data/chest fly machine/cfm_600081.jpg,data/chest fly machine/cfm_600091.jpg,data/chest fly machine/cfm_600101.jpg,data/chest fly machine/cfm_600111.jpg,data/chest fly machine/cfm_600121.jpg,data/chest fly machine/cfm_600121.jpg,data/chest fly machine/cfm_600121.jpg,data/chest fly machine/cfm_600121.jpg,2
chest fly machine,chest fly machine|num_70,train,10,1.0,91.0,numeric,data/chest fly machine/cfm_700001.jpg,data/chest fly machine/cfm_700011.jpg,data/chest fly machine/cfm_700021.jpg,data/chest fly machine/cfm_700031.jpg,data/chest fly machine/cfm_700041.jpg,data/chest fly machine/cfm_700051.jpg,data/chest fly machine/cfm_700061.jpg,data/chest fly machine/cfm_700071.jpg,data/chest fly machine/cfm_700081.jpg,data/chest fly machine/cfm_700091.jpg,data/chest fly machine/cfm_700091.jpg,data/chest fly machine/cfm_700091.jpg,data/chest fly machine/cfm_700091.jpg,data/chest fly machine/cfm_700091.jpg,data/chest fly machine/cfm_700091.jpg,data/chest fly machine/cfm_700091.jpg,2
chest fly machine,chest fly machine|num_80,train,15,1.0,141.0,numeric,data/chest fly machine/cfm_800001.jpg,data/chest fly machine/cfm_800011.jpg,data/chest fly machine/cfm_800021.jpg,data/chest fly machine/cfm_800031.jpg,data/chest fly machine/cfm_800041.jpg,data/chest fly machine/cfm_800051.jpg,data/chest fly machine/cfm_800061.jpg,data/chest fly machine/cfm_800071.jpg,data/chest fly machine/cfm_800081.jpg,data/chest fly machine/cfm_800091.jpg,data/chest fly machine/cfm_800101.jpg,data/chest fly machine/cfm_800111.jpg,data/chest fly machine/cfm_800121.jpg,data/chest fly machine/cfm_800131.jpg,data/chest fly machine/cfm_800141.jpg,data/chest fly machine/cfm_800141.jpg,2
chest fly machine,chest fly machine|num_90,train,15,1.0,141.0,numeric,data/chest fly machine/cfm_900001.jpg,data/chest fly machine/cfm_900011.jpg,data/chest fly machine/cfm_900021.jpg,data/chest fly machine/cfm_900031.jpg,data/chest fly machine/cfm_900041.jpg,data/chest fly machine/cfm_900051.jpg,data/chest fly machine/cfm_900061.jpg,data/chest fly machine/cfm_900071.jpg,data/chest fly machine/cfm_900081.jpg,data/chest fly machine/cfm_900091.jpg,data/chest fly machine/cfm_900101.jpg,data/chest fly machine/cfm_900111.jpg,data/chest fly machine/cfm_900121.jpg,data/chest fly machine/cfm_900131.jpg,data/chest fly machine/cfm_900141.jpg,data/chest fly machine/cfm_900141.jpg,2
deadlift,deadlift|g1,train,1,,,alpha_num,data/deadlift/deadlift_g1.jpg,data/deadlift/deadlift_g1.jpg,data/deadlift/deadlift_g1.jpg,data/deadlift/deadlift_g1.jpg,data/deadlift/deadlift_g1.jpg,data/deadlift/deadlift_g1.jpg,data/deadlift/deadlift_g1.jpg,data/deadlift/deadlift_g1.jpg,data/deadlift/deadlift_g1.jpg,data/deadlift/deadlift_g1.jpg,data/deadlift/deadlift_g1.jpg,data/deadlift/deadlift_g1.jpg,data/deadlift/deadlift_g1.jpg,data/deadlift/deadlift_g1.jpg,data/deadlift/deadlift_g1.jpg,data/deadlift/deadlift_g1.jpg,3
deadlift,deadlift|g10,train,1,,,alpha_num,data/deadlift/deadlift_g10.jpg,data/deadlift/deadlift_g10.jpg,data/deadlift/deadlift_g10.jpg,data/deadlift/deadlift_g10.jpg,data/deadlift/deadlift_g10.jpg,data/deadlift/deadlift_g10.jpg,data/deadlift/deadlift_g10.jpg,data/deadlift/deadlift_g10.jpg,data/deadlift/deadlift_g10.jpg,data/deadlift/deadlift_g10.jpg,data/deadlift/deadlift_g10.jpg,data/deadlift/deadlift_g10.jpg,data/deadlift/deadlift_g10.jpg,data/deadlift/deadlift_g10.jpg,data/deadlift/deadlift_g10.jpg,data/deadlift/deadlift_g10.jpg,3
deadlift,deadlift|g11,train,1,,,alpha_num,data/deadlift/deadlift_g11.jpg,data/deadlift/deadlift_g11.jpg,data/deadlift/deadlift_g11.jpg,data/deadlift/deadlift_g11.jpg,data/deadlift/deadlift_g11.jpg,data/deadlift/deadlift_g11.jpg,data/deadlift/deadlift_g11.jpg,data/deadlift/deadlift_g11.jpg,data/deadlift/deadlift_g11.jpg,data/deadlift/deadlift_g11.jpg,data/deadlift/deadlift_g11.jpg,data/deadlift/deadlift_g11.jpg,data/deadlift/deadlift_g11.jpg,data/deadlift/deadlift_g11.jpg,data/deadlift/deadlift_g11.jpg,data/deadlift/deadlift_g11.jpg,3
deadlift,deadlift|g12,train,1,,,alpha_num,data/deadlift/deadlift_g12.jpg,data/deadlift/deadlift_g12.jpg,data/deadlift/deadlift_g12.jpg,data/deadlift/deadlift_g12.jpg,data/deadlift/deadlift_g12.jpg,data/deadlift/deadlift_g12.jpg,data/deadlift/deadlift_g12.jpg,data/deadlift/deadlift_g12.jpg,data/deadlift/deadlift_g12.jpg,data/deadlift/deadlift_g12.jpg,data/deadlift/deadlift_g12.jpg,data/deadlift/deadlift_g12.jpg,data/deadlift/deadlift_g12.jpg,data/deadlift/deadlift_g12.jpg,data/deadlift/deadlift_g12.jpg,data/deadlift/deadlift_g12.jpg,3
deadlift,deadlift|g13,train,1,,,alpha_num,data/deadlift/deadlift_g13.jpg,data/deadlift/deadlift_g13.jpg,data/deadlift/deadlift_g13.jpg,data/deadlift/deadlift_g13.jpg,data/deadlift/deadlift_g13.jpg,data/deadlift/deadlift_g13.jpg,data/deadlift/deadlift_g13.jpg,data/deadlift/deadlift_g13.jpg,data/deadlift/deadlift_g13.jpg,data/deadlift/deadlift_g13.jpg,data/deadlift/deadlift_g13.jpg,data/deadlift/deadlift_g13.jpg,data/deadlift/deadlift_g13.jpg,data/deadlift/deadlift_g13.jpg,data/deadlift/deadlift_g13.jpg,data/deadlift/deadlift_g13.jpg,3
deadlift,deadlift|g14,train,1,,,alpha_num,data/deadlift/deadlift_g14.jpg,data/deadlift/deadlift_g14.jpg,data/deadlift/deadlift_g14.jpg,data/deadlift/deadlift_g14.jpg,data/deadlift/deadlift_g14.jpg,data/deadlift/deadlift_g14.jpg,data/deadlift/deadlift_g14.jpg,data/deadlift/deadlift_g14.jpg,data/deadlift/deadlift_g14.jpg,data/deadlift/deadlift_g14.jpg,data/deadlift/deadlift_g14.jpg,data/deadlift/deadlift_g14.jpg,data/deadlift/deadlift_g14.jpg,data/deadlift/deadlift_g14.jpg,data/deadlift/deadlift_g14.jpg,data/deadlift/deadlift_g14.jpg,3
deadlift,deadlift|g15,train,1,,,alpha_num,data/deadlift/deadlift_g15.jpg,data/deadlift/deadlift_g15.jpg,data/deadlift/deadlift_g15.jpg,data/deadlift/deadlift_g15.jpg,data/deadlift/deadlift_g15.jpg,data/deadlift/deadlift_g15.jpg,data/deadlift/deadlift_g15.jpg,data/deadlift/deadlift_g15.jpg,data/deadlift/deadlift_g15.jpg,data/deadlift/deadlift_g15.jpg,data/deadlift/deadlift_g15.jpg,data/deadlift/deadlift_g15.jpg,data/deadlift/deadlift_g15.jpg,data/deadlift/deadlift_g15.jpg,data/deadlift/deadlift_g15.jpg,data/deadlift/deadlift_g15.jpg,3
deadlift,deadlift|g16,train,1,,,alpha_num,data/deadlift/deadlift_g16.jpg,data/deadlift/deadlift_g16.jpg,data/deadlift/deadlift_g16.jpg,data/deadlift/deadlift_g16.jpg,data/deadlift/deadlift_g16.jpg,data/deadlift/deadlift_g16.jpg,data/deadlift/deadlift_g16.jpg,data/deadlift/deadlift_g16.jpg,data/deadlift/deadlift_g16.jpg,data/deadlift/deadlift_g16.jpg,data/deadlift/deadlift_g16.jpg,data/deadlift/deadlift_g16.jpg,data/deadlift/deadlift_g16.jpg,data/deadlift/deadlift_g16.jpg,data/deadlift/deadlift_g16.jpg,data/deadlift/deadlift_g16.jpg,3
deadlift,deadlift|g17,train,1,,,alpha_num,data/deadlift/deadlift_g17.jpg,data/deadlift/deadlift_g17.jpg,data/deadlift/deadlift_g17.jpg,data/deadlift/deadlift_g17.jpg,data/deadlift/deadlift_g17.jpg,data/deadlift/deadlift_g17.jpg,data/deadlift/deadlift_g17.jpg,data/deadlift/deadlift_g17.jpg,data/deadlift/deadlift_g17.jpg,data/deadlift/deadlift_g17.jpg,data/deadlift/deadlift_g17.jpg,data/deadlift/deadlift_g17.jpg,data/deadlift/deadlift_g17.jpg,data/deadlift/deadlift_g17.jpg,data/deadlift/deadlift_g17.jpg,data/deadlift/deadlift_g17.jpg,3
deadlift,deadlift|g18,train,1,,,alpha_num,data/deadlift/deadlift_g18.jpg,data/deadlift/deadlift_g18.jpg,data/deadlift/deadlift_g18.jpg,data/deadlift/deadlift_g18.jpg,data/deadlift/deadlift_g18.jpg,data/deadlift/deadlift_g18.jpg,data/deadlift/deadlift_g18.jpg,data/deadlift/deadlift_g18.jpg,data/deadlift/deadlift_g18.jpg,data/deadlift/deadlift_g18.jpg,data/deadlift/deadlift_g18.jpg,data/deadlift/deadlift_g18.jpg,data/deadlift/deadlift_g18.jpg,data/deadlift/deadlift_g18.jpg,data/deadlift/deadlift_g18.jpg,data/deadlift/deadlift_g18.jpg,3
deadlift,deadlift|g19,train,1,,,alpha_num,data/deadlift/deadlift_g19.jpg,data/deadlift/deadlift_g19.jpg,data/deadlift/deadlift_g19.jpg,data/deadlift/deadlift_g19.jpg,data/deadlift/deadlift_g19.jpg,data/deadlift/deadlift_g19.jpg,data/deadlift/deadlift_g19.jpg,data/deadlift/deadlift_g19.jpg,data/deadlift/deadlift_g19.jpg,data/deadlift/deadlift_g19.jpg,data/deadlift/deadlift_g19.jpg,data/deadlift/deadlift_g19.jpg,data/deadlift/deadlift_g19.jpg,data/deadlift/deadlift_g19.jpg,data/deadlift/deadlift_g19.jpg,data/deadlift/deadlift_g19.jpg,3
deadlift,deadlift|g2,train,1,,,alpha_num,data/deadlift/deadlift_g2.jpg,data/deadlift/deadlift_g2.jpg,data/deadlift/deadlift_g2.jpg,data/deadlift/deadlift_g2.jpg,data/deadlift/deadlift_g2.jpg,data/deadlift/deadlift_g2.jpg,data/deadlift/deadlift_g2.jpg,data/deadlift/deadlift_g2.jpg,data/deadlift/deadlift_g2.jpg,data/deadlift/deadlift_g2.jpg,data/deadlift/deadlift_g2.jpg,data/deadlift/deadlift_g2.jpg,data/deadlift/deadlift_g2.jpg,data/deadlift/deadlift_g2.jpg,data/deadlift/deadlift_g2.jpg,data/deadlift/deadlift_g2.jpg,3
deadlift,deadlift|g20,train,1,,,alpha_num,data/deadlift/deadlift_g20.jpg,data/deadlift/deadlift_g20.jpg,data/deadlift/deadlift_g20.jpg,data/deadlift/deadlift_g20.jpg,data/deadlift/deadlift_g20.jpg,data/deadlift/deadlift_g20.jpg,data/deadlift/deadlift_g20.jpg,data/deadlift/deadlift_g20.jpg,data/deadlift/deadlift_g20.jpg,data/deadlift/deadlift_g20.jpg,data/deadlift/deadlift_g20.jpg,data/deadlift/deadlift_g20.jpg,data/deadlift/deadlift_g20.jpg,data/deadlift/deadlift_g20.jpg,data/deadlift/deadlift_g20.jpg,data/deadlift/deadlift_g20.jpg,3
deadlift,deadlift|g21,train,1,,,alpha_num,data/deadlift/deadlift_g21.jpg,data/deadlift/deadlift_g21.jpg,data/deadlift/deadlift_g21.jpg,data/deadlift/deadlift_g21.jpg,data/deadlift/deadlift_g21.jpg,data/deadlift/deadlift_g21.jpg,data/deadlift/deadlift_g21.jpg,data/deadlift/deadlift_g21.jpg,data/deadlift/deadlift_g21.jpg,data/deadlift/deadlift_g21.jpg,data/deadlift/deadlift_g21.jpg,data/deadlift/deadlift_g21.jpg,data/deadlift/deadlift_g21.jpg,data/deadlift/deadlift_g21.jpg,data/deadlift/deadlift_g21.jpg,data/deadlift/deadlift_g21.jpg,3
deadlift,deadlift|g3,train,1,,,alpha_num,data/deadlift/deadlift_g3.jpg,data/deadlift/deadlift_g3.jpg,data/deadlift/deadlift_g3.jpg,data/deadlift/deadlift_g3.jpg,data/deadlift/deadlift_g3.jpg,data/deadlift/deadlift_g3.jpg,data/deadlift/deadlift_g3.jpg,data/deadlift/deadlift_g3.jpg,data/deadlift/deadlift_g3.jpg,data/deadlift/deadlift_g3.jpg,data/deadlift/deadlift_g3.jpg,data/deadlift/deadlift_g3.jpg,data/deadlift/deadlift_g3.jpg,data/deadlift/deadlift_g3.jpg,data/deadlift/deadlift_g3.jpg,data/deadlift/deadlift_g3.jpg,3
deadlift,deadlift|g4,train,1,,,alpha_num,data/deadlift/deadlift_g4.jpg,data/deadlift/deadlift_g4.jpg,data/deadlift/deadlift_g4.jpg,data/deadlift/deadlift_g4.jpg,data/deadlift/deadlift_g4.jpg,data/deadlift/deadlift_g4.jpg,data/deadlift/deadlift_g4.jpg,data/deadlift/deadlift_g4.jpg,data/deadlift/deadlift_g4.jpg,data/deadlift/deadlift_g4.jpg,data/deadlift/deadlift_g4.jpg,data/deadlift/deadlift_g4.jpg,data/deadlift/deadlift_g4.jpg,data/deadlift/deadlift_g4.jpg,data/deadlift/deadlift_g4.jpg,data/deadlift/deadlift_g4.jpg,3
deadlift,deadlift|g5,train,1,,,alpha_num,data/deadlift/deadlift_g5.jpg,data/deadlift/deadlift_g5.jpg,data/deadlift/deadlift_g5.jpg,data/deadlift/deadlift_g5.jpg,data/deadlift/deadlift_g5.jpg,data/deadlift/deadlift_g5.jpg,data/deadlift/deadlift_g5.jpg,data/deadlift/deadlift_g5.jpg,data/deadlift/deadlift_g5.jpg,data/deadlift/deadlift_g5.jpg,data/deadlift/deadlift_g5.jpg,data/deadlift/deadlift_g5.jpg,data/deadlift/deadlift_g5.jpg,data/deadlift/deadlift_g5.jpg,data/deadlift/deadlift_g5.jpg,data/deadlift/deadlift_g5.jpg,3
deadlift,deadlift|g6,train,1,,,alpha_num,data/deadlift/deadlift_g6.jpg,data/deadlift/deadlift_g6.jpg,data/deadlift/deadlift_g6.jpg,data/deadlift/deadlift_g6.jpg,data/deadlift/deadlift_g6.jpg,data/deadlift/deadlift_g6.jpg,data/deadlift/deadlift_g6.jpg,data/deadlift/deadlift_g6.jpg,data/deadlift/deadlift_g6.jpg,data/deadlift/deadlift_g6.jpg,data/deadlift/deadlift_g6.jpg,data/deadlift/deadlift_g6.jpg,data/deadlift/deadlift_g6.jpg,data/deadlift/deadlift_g6.jpg,data/deadlift/deadlift_g6.jpg,data/deadlift/deadlift_g6.jpg,3
deadlift,deadlift|g7,train,1,,,alpha_num,data/deadlift/deadlift_g7.jpg,data/deadlift/deadlift_g7.jpg,data/deadlift/deadlift_g7.jpg,data/deadlift/deadlift_g7.jpg,data/deadlift/deadlift_g7.jpg,data/deadlift/deadlift_g7.jpg,data/deadlift/deadlift_g7.jpg,data/deadlift/deadlift_g7.jpg,data/deadlift/deadlift_g7.jpg,data/deadlift/deadlift_g7.jpg,data/deadlift/deadlift_g7.jpg,data/deadlift/deadlift_g7.jpg,data/deadlift/deadlift_g7.jpg,data/deadlift/deadlift_g7.jpg,data/deadlift/deadlift_g7.jpg,data/deadlift/deadlift_g7.jpg,3
deadlift,deadlift|g8,train,1,,,alpha_num,data/deadlift/deadlift_g8.jpg,data/deadlift/deadlift_g8.jpg,data/deadlift/deadlift_g8.jpg,data/deadlift/deadlift_g8.jpg,data/deadlift/deadlift_g8.jpg,data/deadlift/deadlift_g8.jpg,data/deadlift/deadlift_g8.jpg,data/deadlift/deadlift_g8.jpg,data/deadlift/deadlift_g8.jpg,data/deadlift/deadlift_g8.jpg,data/deadlift/deadlift_g8.jpg,data/deadlift/deadlift_g8.jpg,data/deadlift/deadlift_g8.jpg,data/deadlift/deadlift_g8.jpg,data/deadlift/deadlift_g8.jpg,data/deadlift/deadlift_g8.jpg,3
deadlift,deadlift|g9,train,1,,,alpha_num,data/deadlift/deadlift_g9.jpg,data/deadlift/deadlift_g9.jpg,data/deadlift/deadlift_g9.jpg,data/deadlift/deadlift_g9.jpg,data/deadlift/deadlift_g9.jpg,data/deadlift/deadlift_g9.jpg,data/deadlift/deadlift_g9.jpg,data/deadlift/deadlift_g9.jpg,data/deadlift/deadlift_g9.jpg,data/deadlift/deadlift_g9.jpg,data/deadlift/deadlift_g9.jpg,data/deadlift/deadlift_g9.jpg,data/deadlift/deadlift_g9.jpg,data/deadlift/deadlift_g9.jpg,data/deadlift/deadlift_g9.jpg,data/deadlift/deadlift_g9.jpg,3
deadlift,deadlift|num_10,train,15,1.0,141.0,numeric,data/deadlift/deadlift_100001.jpg,data/deadlift/deadlift_100011.jpg,data/deadlift/deadlift_100021.jpg,data/deadlift/deadlift_100031.jpg,data/deadlift/deadlift_100041.jpg,data/deadlift/deadlift_100051.jpg,data/deadlift/deadlift_100061.jpg,data/deadlift/deadlift_100071.jpg,data/deadlift/deadlift_100081.jpg,data/deadlift/deadlift_100091.jpg,data/deadlift/deadlift_100101.jpg,data/deadlift/deadlift_100111.jpg,data/deadlift/deadlift_100121.jpg,data/deadlift/deadlift_100131.jpg,data/deadlift/deadlift_100141.jpg,data/deadlift/deadlift_100141.jpg,3
deadlift,deadlift|num_100,train,15,1.0,141.0,numeric,data/deadlift/deadlift_1000001.jpg,data/deadlift/deadlift_1000011.jpg,data/deadlift/deadlift_1000021.jpg,data/deadlift/deadlift_1000031.jpg,data/deadlift/deadlift_1000041.jpg,data/deadlift/deadlift_1000051.jpg,data/deadlift/deadlift_1000061.jpg,data/deadlift/deadlift_1000071.jpg,data/deadlift/deadlift_1000081.jpg,data/deadlift/deadlift_1000091.jpg,data/deadlift/deadlift_1000101.jpg,data/deadlift/deadlift_1000111.jpg,data/deadlift/deadlift_1000121.jpg,data/deadlift/deadlift_1000131.jpg,data/deadlift/deadlift_1000141.jpg,data/deadlift/deadlift_1000141.jpg,3
deadlift,deadlift|num_110,train,12,1.0,111.0,numeric,data/deadlift/deadlift_1100001.jpg,data/deadlift/deadlift_1100011.jpg,data/deadlift/deadlift_1100021.jpg,data/deadlift/deadlift_1100031.jpg,data/deadlift/deadlift_1100041.jpg,data/deadlift/deadlift_1100051.jpg,data/deadlift/deadlift_1100061.jpg,data/deadlift/deadlift_1100071.jpg,data/deadlift/deadlift_1100081.jpg,data/deadlift/deadlift_1100091.jpg,data/deadlift/deadlift_1100101.jpg,data/deadlift/deadlift_1100111.jpg,data/deadlift/deadlift_1100111.jpg,data/deadlift/deadlift_1100111.jpg,data/deadlift/deadlift_1100111.jpg,data/deadlift/deadlift_1100111.jpg,3
deadlift,deadlift|num_120,train,9,1.0,81.0,numeric,data/deadlift/deadlift_1200001.jpg,data/deadlift/deadlift_1200011.jpg,data/deadlift/deadlift_1200021.jpg,data/deadlift/deadlift_1200031.jpg,data/deadlift/deadlift_1200041.jpg,data/deadlift/deadlift_1200051.jpg,data/deadlift/deadlift_1200061.jpg,data/deadlift/deadlift_1200071.jpg,data/deadlift/deadlift_1200081.jpg,data/deadlift/deadlift_1200081.jpg,data/deadlift/deadlift_1200081.jpg,data/deadlift/deadlift_1200081.jpg,data/deadlift/deadlift_1200081.jpg,data/deadlift/deadlift_1200081.jpg,data/deadlift/deadlift_1200081.jpg,data/deadlift/deadlift_1200081.jpg,3
deadlift,deadlift|num_130,train,26,1.0,251.0,numeric,data/deadlift/deadlift_1300001.jpg,data/deadlift/deadlift_1300011.jpg,data/deadlift/deadlift_1300031.jpg,data/deadlift/deadlift_1300051.jpg,data/deadlift/deadlift_1300061.jpg,data/deadlift/deadlift_1300081.jpg,data/deadlift/deadlift_1300101.jpg,data/deadlift/deadlift_1300111.jpg,data/deadlift/deadlift_1300131.jpg,data/deadlift/deadlift_1300151.jpg,data/deadlift/deadlift_1300161.jpg,data/deadlift/deadlift_1300181.jpg,data/deadlift/deadlift_1300201.jpg,data/deadlift/deadlift_1300211.jpg,data/deadlift/deadlift_1300231.jpg,data/deadlift/deadlift_1300251.jpg,3
deadlift,deadlift|num_140,val,15,1.0,141.0,numeric,data/deadlift/deadlift_1400001.jpg,data/deadlift/deadlift_1400011.jpg,data/deadlift/deadlift_1400021.jpg,data/deadlift/deadlift_1400031.jpg,data/deadlift/deadlift_1400041.jpg,data/deadlift/deadlift_1400051.jpg,data/deadlift/deadlift_1400061.jpg,data/deadlift/deadlift_1400071.jpg,data/deadlift/deadlift_1400081.jpg,data/deadlift/deadlift_1400091.jpg,data/deadlift/deadlift_1400101.jpg,data/deadlift/deadlift_1400111.jpg,data/deadlift/deadlift_1400121.jpg,data/deadlift/deadlift_1400131.jpg,data/deadlift/deadlift_1400141.jpg,data/deadlift/deadlift_1400141.jpg,3
deadlift,deadlift|num_150,train,7,1.0,61.0,numeric,data/deadlift/deadlift_1500001.jpg,data/deadlift/deadlift_1500011.jpg,data/deadlift/deadlift_1500021.jpg,data/deadlift/deadlift_1500031.jpg,data/deadlift/deadlift_1500041.jpg,data/deadlift/deadlift_1500051.jpg,data/deadlift/deadlift_1500061.jpg,data/deadlift/deadlift_1500061.jpg,data/deadlift/deadlift_1500061.jpg,data/deadlift/deadlift_1500061.jpg,data/deadlift/deadlift_1500061.jpg,data/deadlift/deadlift_1500061.jpg,data/deadlift/deadlift_1500061.jpg,data/deadlift/deadlift_1500061.jpg,data/deadlift/deadlift_1500061.jpg,data/deadlift/deadlift_1500061.jpg,3
deadlift,deadlift|num_160,train,11,1.0,101.0,numeric,data/deadlift/deadlift_1600001.jpg,data/deadlift/deadlift_1600011.jpg,data/deadlift/deadlift_1600021.jpg,data/deadlift/deadlift_1600031.jpg,data/deadlift/deadlift_1600041.jpg,data/deadlift/deadlift_1600051.jpg,data/deadlift/deadlift_1600061.jpg,data/deadlift/deadlift_1600071.jpg,data/deadlift/deadlift_1600081.jpg,data/deadlift/deadlift_1600091.jpg,data/deadlift/deadlift_1600101.jpg,data/deadlift/deadlift_1600101.jpg,data/deadlift/deadlift_1600101.jpg,data/deadlift/deadlift_1600101.jpg,data/deadlift/deadlift_1600101.jpg,data/deadlift/deadlift_1600101.jpg,3
deadlift,deadlift|num_170,train,15,1.0,141.0,numeric,data/deadlift/deadlift_1700001.jpg,data/deadlift/deadlift_1700011.jpg,data/deadlift/deadlift_1700021.jpg,data/deadlift/deadlift_1700031.jpg,data/deadlift/deadlift_1700041.jpg,data/deadlift/deadlift_1700051.jpg,data/deadlift/deadlift_1700061.jpg,data/deadlift/deadlift_1700071.jpg,data/deadlift/deadlift_1700081.jpg,data/deadlift/deadlift_1700091.jpg,data/deadlift/deadlift_1700101.jpg,data/deadlift/deadlift_1700111.jpg,data/deadlift/deadlift_1700121.jpg,data/deadlift/deadlift_1700131.jpg,data/deadlift/deadlift_1700141.jpg,data/deadlift/deadlift_1700141.jpg,3
deadlift,deadlift|num_180,train,10,1.0,91.0,numeric,data/deadlift/deadlift_1800001.jpg,data/deadlift/deadlift_1800011.jpg,data/deadlift/deadlift_1800021.jpg,data/deadlift/deadlift_1800031.jpg,data/deadlift/deadlift_1800041.jpg,data/deadlift/deadlift_1800051.jpg,data/deadlift/deadlift_1800061.jpg,data/deadlift/deadlift_1800071.jpg,data/deadlift/deadlift_1800081.jpg,data/deadlift/deadlift_1800091.jpg,data/deadlift/deadlift_1800091.jpg,data/deadlift/deadlift_1800091.jpg,data/deadlift/deadlift_1800091.jpg,data/deadlift/deadlift_1800091.jpg,data/deadlift/deadlift_1800091.jpg,data/deadlift/deadlift_1800091.jpg,3
deadlift,deadlift|num_190,train,6,1.0,51.0,numeric,data/deadlift/deadlift_1900001.jpg,data/deadlift/deadlift_1900011.jpg,data/deadlift/deadlift_1900021.jpg,data/deadlift/deadlift_1900031.jpg,data/deadlift/deadlift_1900041.jpg,data/deadlift/deadlift_1900051.jpg,data/deadlift/deadlift_1900051.jpg,data/deadlift/deadlift_1900051.jpg,data/deadlift/deadlift_1900051.jpg,data/deadlift/deadlift_1900051.jpg,data/deadlift/deadlift_1900051.jpg,data/deadlift/deadlift_1900051.jpg,data/deadlift/deadlift_1900051.jpg,data/deadlift/deadlift_1900051.jpg,data/deadlift/deadlift_1900051.jpg,data/deadlift/deadlift_1900051.jpg,3
deadlift,deadlift|num_20,val,14,1.0,131.0,numeric,data/deadlift/deadlift_200001.jpg,data/deadlift/deadlift_200011.jpg,data/deadlift/deadlift_200021.jpg,data/deadlift/deadlift_200031.jpg,data/deadlift/deadlift_200041.jpg,data/deadlift/deadlift_200051.jpg,data/deadlift/deadlift_200061.jpg,data/deadlift/deadlift_200071.jpg,data/deadlift/deadlift_200081.jpg,data/deadlift/deadlift_200091.jpg,data/deadlift/deadlift_200101.jpg,data/deadlift/deadlift_200111.jpg,data/deadlift/deadlift_200121.jpg,data/deadlift/deadlift_200131.jpg,data/deadlift/deadlift_200131.jpg,data/deadlift/deadlift_200131.jpg,3
deadlift,deadlift|num_200,train,5,1.0,41.0,numeric,data/deadlift/deadlift_2000001.jpg,data/deadlift/deadlift_2000011.jpg,data/deadlift/deadlift_2000021.jpg,data/deadlift/deadlift_2000031.jpg,data/deadlift/deadlift_2000041.jpg,data/deadlift/deadlift_2000041.jpg,data/deadlift/deadlift_2000041.jpg,data/deadlift/deadlift_2000041.jpg,data/deadlift/deadlift_2000041.jpg,data/deadlift/deadlift_2000041.jpg,data/deadlift/deadlift_2000041.jpg,data/deadlift/deadlift_2000041.jpg,data/deadlift/deadlift_2000041.jpg,data/deadlift/deadlift_2000041.jpg,data/deadlift/deadlift_2000041.jpg,data/deadlift/deadlift_2000041.jpg,3
deadlift,deadlift|num_210,train,19,1.0,181.0,numeric,data/deadlift/deadlift_2100001.jpg,data/deadlift/deadlift_2100011.jpg,data/deadlift/deadlift_2100021.jpg,data/deadlift/deadlift_2100031.jpg,data/deadlift/deadlift_2100041.jpg,data/deadlift/deadlift_2100061.jpg,data/deadlift/deadlift_2100071.jpg,data/deadlift/deadlift_2100081.jpg,data/deadlift/deadlift_2100091.jpg,data/deadlift/deadlift_2100101.jpg,data/deadlift/deadlift_2100121.jpg,data/deadlift/deadlift_2100131.jpg,data/deadlift/deadlift_2100141.jpg,data/deadlift/deadlift_2100151.jpg,data/deadlift/deadlift_2100161.jpg,data/deadlift/deadlift_2100181.jpg,3
deadlift,deadlift|num_220,train,7,1.0,61.0,numeric,data/deadlift/deadlift_2200001.jpg,data/deadlift/deadlift_2200011.jpg,data/deadlift/deadlift_2200021.jpg,data/deadlift/deadlift_2200031.jpg,data/deadlift/deadlift_2200041.jpg,data/deadlift/deadlift_2200051.jpg,data/deadlift/deadlift_2200061.jpg,data/deadlift/deadlift_2200061.jpg,data/deadlift/deadlift_2200061.jpg,data/deadlift/deadlift_2200061.jpg,data/deadlift/deadlift_2200061.jpg,data/deadlift/deadlift_2200061.jpg,data/deadlift/deadlift_2200061.jpg,data/deadlift/deadlift_2200061.jpg,data/deadlift/deadlift_2200061.jpg,data/deadlift/deadlift_2200061.jpg,3
deadlift,deadlift|num_230,train,7,1.0,61.0,numeric,data/deadlift/deadlift_2300001.jpg,data/deadlift/deadlift_2300011.jpg,data/deadlift/deadlift_2300021.jpg,data/deadlift/deadlift_2300031.jpg,data/deadlift/deadlift_2300041.jpg,data/deadlift/deadlift_2300051.jpg,data/deadlift/deadlift_2300061.jpg,data/deadlift/deadlift_2300061.jpg,data/deadlift/deadlift_2300061.jpg,data/deadlift/deadlift_2300061.jpg,data/deadlift/deadlift_2300061.jpg,data/deadlift/deadlift_2300061.jpg,data/deadlift/deadlift_2300061.jpg,data/deadlift/deadlift_2300061.jpg,data/deadlift/deadlift_2300061.jpg,data/deadlift/deadlift_2300061.jpg,3
deadlift,deadlift|num_240,train,10,1.0,91.0,numeric,data/deadlift/deadlift_2400001.jpg,data/deadlift/deadlift_2400011.jpg,data/deadlift/deadlift_2400021.jpg,data/deadlift/deadlift_2400031.jpg,data/deadlift/deadlift_2400041.jpg,data/deadlift/deadlift_2400051.jpg,data/deadlift/deadlift_2400061.jpg,data/deadlift/deadlift_2400071.jpg,data/deadlift/deadlift_2400081.jpg,data/deadlift/deadlift_2400091.jpg,data/deadlift/deadlift_2400091.jpg,data/deadlift/deadlift_2400091.jpg,data/deadlift/deadlift_2400091.jpg,data/deadlift/deadlift_2400091.jpg,data/deadlift/deadlift_2400091.jpg,data/deadlift/deadlift_2400091.jpg,3
deadlift,deadlift|num_250,train,93,1.0,921.0,numeric,data/deadlift/deadlift_2500001.jpg,data/deadlift/deadlift_2500061.jpg,data/deadlift/deadlift_2500121.jpg,data/deadlift/deadlift_2500181.jpg,data/deadlift/deadlift_2500241.jpg,data/deadlift/deadlift_2500301.jpg,data/deadlift/deadlift_2500361.jpg,data/deadlift/deadlift_2500421.jpg,data/deadlift/deadlift_2500491.jpg,data/deadlift/deadlift_2500551.jpg,data/deadlift/deadlift_2500611.jpg,data/deadlift/deadlift_2500671.jpg,data/deadlift/deadlift_2500731.jpg,data/deadlift/deadlift_2500791.jpg,data/deadlift/deadlift_2500851.jpg,data/deadlift/deadlift_2500921.jpg,3
deadlift,deadlift|num_260,train,18,1.0,171.0,numeric,data/deadlift/deadlift_2600001.jpg,data/deadlift/deadlift_2600011.jpg,data/deadlift/deadlift_2600021.jpg,data/deadlift/deadlift_2600031.jpg,data/deadlift/deadlift_2600041.jpg,data/deadlift/deadlift_2600051.jpg,data/deadlift/deadlift_2600061.jpg,data/deadlift/deadlift_2600071.jpg,data/deadlift/deadlift_2600091.jpg,data/deadlift/deadlift_2600101.jpg,data/deadlift/deadlift_2600111.jpg,data/deadlift/deadlift_2600121.jpg,data/deadlift/deadlift_2600131.jpg,data/deadlift/deadlift_2600141.jpg,data/deadlift/deadlift_2600151.jpg,data/deadlift/deadlift_2600171.jpg,3
deadlift,deadlift|num_270,train,16,1.0,151.0,numeric,data/deadlift/deadlift_2700001.jpg,data/deadlift/deadlift_2700011.jpg,data/deadlift/deadlift_2700021.jpg,data/deadlift/deadlift_2700031.jpg,data/deadlift/deadlift_2700041.jpg,data/deadlift/deadlift_2700051.jpg,data/deadlift/deadlift_2700061.jpg,data/deadlift/deadlift_2700071.jpg,data/deadlift/deadlift_2700081.jpg,data/deadlift/deadlift_2700091.jpg,data/deadlift/deadlift_2700101.jpg,data/deadlift/deadlift_2700111.jpg,data/deadlift/deadlift_2700121.jpg,data/deadlift/deadlift_2700131.jpg,data/deadlift/deadlift_2700141.jpg,data/deadlift/deadlift_2700151.jpg,3
deadlift,deadlift|num_280,train,20,1.0,191.0,numeric,data/deadlift/deadlift_2800001.jpg,data/deadlift/deadlift_2800011.jpg,data/deadlift/deadlift_2800021.jpg,data/deadlift/deadlift_2800031.jpg,data/deadlift/deadlift_2800051.jpg,data/deadlift/deadlift_2800061.jpg,data/deadlift/deadlift_2800071.jpg,data/deadlift/deadlift_2800081.jpg,data/deadlift/deadlift_2800101.jpg,data/deadlift/deadlift_2800111.jpg,data/deadlift/deadlift_2800121.jpg,data/deadlift/deadlift_2800131.jpg,data/deadlift/deadlift_2800151.jpg,data/deadlift/deadlift_2800161.jpg,data/deadlift/deadlift_2800171.jpg,data/deadlift/deadlift_2800191.jpg,3
deadlift,deadlift|num_290,train,10,1.0,91.0,numeric,data/deadlift/deadlift_2900001.jpg,data/deadlift/deadlift_2900011.jpg,data/deadlift/deadlift_2900021.jpg,data/deadlift/deadlift_2900031.jpg,data/deadlift/deadlift_2900041.jpg,data/deadlift/deadlift_2900051.jpg,data/deadlift/deadlift_2900061.jpg,data/deadlift/deadlift_2900071.jpg,data/deadlift/deadlift_2900081.jpg,data/deadlift/deadlift_2900091.jpg,data/deadlift/deadlift_2900091.jpg,data/deadlift/deadlift_2900091.jpg,data/deadlift/deadlift_2900091.jpg,data/deadlift/deadlift_2900091.jpg,data/deadlift/deadlift_2900091.jpg,data/deadlift/deadlift_2900091.jpg,3
deadlift,deadlift|num_30,train,15,1.0,141.0,numeric,data/deadlift/deadlift_300001.jpg,data/deadlift/deadlift_300011.jpg,data/deadlift/deadlift_300021.jpg,data/deadlift/deadlift_300031.jpg,data/deadlift/deadlift_300041.jpg,data/deadlift/deadlift_300051.jpg,data/deadlift/deadlift_300061.jpg,data/deadlift/deadlift_300071.jpg,data/deadlift/deadlift_300081.jpg,data/deadlift/deadlift_300091.jpg,data/deadlift/deadlift_300101.jpg,data/deadlift/deadlift_300111.jpg,data/deadlift/deadlift_300121.jpg,data/deadlift/deadlift_300131.jpg,data/deadlift/deadlift_300141.jpg,data/deadlift/deadlift_300141.jpg,3
deadlift,deadlift|num_300,train,18,1.0,171.0,numeric,data/deadlift/deadlift_3000001.jpg,data/deadlift/deadlift_3000011.jpg,data/deadlift/deadlift_3000021.jpg,data/deadlift/deadlift_3000031.jpg,data/deadlift/deadlift_3000041.jpg,data/deadlift/deadlift_3000051.jpg,data/deadlift/deadlift_3000061.jpg,data/deadlift/deadlift_3000071.jpg,data/deadlift/deadlift_3000091.jpg,data/deadlift/deadlift_3000101.jpg,data/deadlift/deadlift_3000111.jpg,data/deadlift/deadlift_3000121.jpg,data/deadlift/deadlift_3000131.jpg,data/deadlift/deadlift_3000141.jpg,data/deadlift/deadlift_3000151.jpg,data/deadlift/deadlift_3000171.jpg,3
deadlift,deadlift|num_310,test,15,1.0,141.0,numeric,data/deadlift/deadlift_3100001.jpg,data/deadlift/deadlift_3100011.jpg,data/deadlift/deadlift_3100021.jpg,data/deadlift/deadlift_3100031.jpg,data/deadlift/deadlift_3100041.jpg,data/deadlift/deadlift_3100051.jpg,data/deadlift/deadlift_3100061.jpg,data/deadlift/deadlift_3100071.jpg,data/deadlift/deadlift_3100081.jpg,data/deadlift/deadlift_3100091.jpg,data/deadlift/deadlift_3100101.jpg,data/deadlift/deadlift_3100111.jpg,data/deadlift/deadlift_3100121.jpg,data/deadlift/deadlift_3100131.jpg,data/deadlift/deadlift_3100141.jpg,data/deadlift/deadlift_3100141.jpg,3
deadlift,deadlift|num_320,val,11,1.0,101.0,numeric,data/deadlift/deadlift_3200001.jpg,data/deadlift/deadlift_3200011.jpg,data/deadlift/deadlift_3200021.jpg,data/deadlift/deadlift_3200031.jpg,data/deadlift/deadlift_3200041.jpg,data/deadlift/deadlift_3200051.jpg,data/deadlift/deadlift_3200061.jpg,data/deadlift/deadlift_3200071.jpg,data/deadlift/deadlift_3200081.jpg,data/deadlift/deadlift_3200091.jpg,data/deadlift/deadlift_3200101.jpg,data/deadlift/deadlift_3200101.jpg,data/deadlift/deadlift_3200101.jpg,data/deadlift/deadlift_3200101.jpg,data/deadlift/deadlift_3200101.jpg,data/deadlift/deadlift_3200101.jpg,3
deadlift,deadlift|num_40,train,15,1.0,141.0,numeric,data/deadlift/deadlift_400001.jpg,data/deadlift/deadlift_400011.jpg,data/deadlift/deadlift_400021.jpg,data/deadlift/deadlift_400031.jpg,data/deadlift/deadlift_400041.jpg,data/deadlift/deadlift_400051.jpg,data/deadlift/deadlift_400061.jpg,data/deadlift/deadlift_400071.jpg,data/deadlift/deadlift_400081.jpg,data/deadlift/deadlift_400091.jpg,data/deadlift/deadlift_400101.jpg,data/deadlift/deadlift_400111.jpg,data/deadlift/deadlift_400121.jpg,data/deadlift/deadlift_400131.jpg,data/deadlift/deadlift_400141.jpg,data/deadlift/deadlift_400141.jpg,3
deadlift,deadlift|num_50,train,15,1.0,141.0,numeric,data/deadlift/deadlift_500001.jpg,data/deadlift/deadlift_500011.jpg,data/deadlift/deadlift_500021.jpg,data/deadlift/deadlift_500031.jpg,data/deadlift/deadlift_500041.jpg,data/deadlift/deadlift_500051.jpg,data/deadlift/deadlift_500061.jpg,data/deadlift/deadlift_500071.jpg,data/deadlift/deadlift_500081.jpg,data/deadlift/deadlift_500091.jpg,data/deadlift/deadlift_500101.jpg,data/deadlift/deadlift_500111.jpg,data/deadlift/deadlift_500121.jpg,data/deadlift/deadlift_500131.jpg,data/deadlift/deadlift_500141.jpg,data/deadlift/deadlift_500141.jpg,3
deadlift,deadlift|num_60,val,15,1.0,141.0,numeric,data/deadlift/deadlift_600001.jpg,data/deadlift/deadlift_600011.jpg,data/deadlift/deadlift_600021.jpg,data/deadlift/deadlift_600031.jpg,data/deadlift/deadlift_600041.jpg,data/deadlift/deadlift_600051.jpg,data/deadlift/deadlift_600061.jpg,data/deadlift/deadlift_600071.jpg,data/deadlift/deadlift_600081.jpg,data/deadlift/deadlift_600091.jpg,data/deadlift/deadlift_600101.jpg,data/deadlift/deadlift_600111.jpg,data/deadlift/deadlift_600121.jpg,data/deadlift/deadlift_600131.jpg,data/deadlift/deadlift_600141.jpg,data/deadlift/deadlift_600141.jpg,3
deadlift,deadlift|num_70,train,15,1.0,141.0,numeric,data/deadlift/deadlift_700001.jpg,data/deadlift/deadlift_700011.jpg,data/deadlift/deadlift_700021.jpg,data/deadlift/deadlift_700031.jpg,data/deadlift/deadlift_700041.jpg,data/deadlift/deadlift_700051.jpg,data/deadlift/deadlift_700061.jpg,data/deadlift/deadlift_700071.jpg,data/deadlift/deadlift_700081.jpg,data/deadlift/deadlift_700091.jpg,data/deadlift/deadlift_700101.jpg,data/deadlift/deadlift_700111.jpg,data/deadlift/deadlift_700121.jpg,data/deadlift/deadlift_700131.jpg,data/deadlift/deadlift_700141.jpg,data/deadlift/deadlift_700141.jpg,3
deadlift,deadlift|num_80,train,15,1.0,141.0,numeric,data/deadlift/deadlift_800001.jpg,data/deadlift/deadlift_800011.jpg,data/deadlift/deadlift_800021.jpg,data/deadlift/deadlift_800031.jpg,data/deadlift/deadlift_800041.jpg,data/deadlift/deadlift_800051.jpg,data/deadlift/deadlift_800061.jpg,data/deadlift/deadlift_800071.jpg,data/deadlift/deadlift_800081.jpg,data/deadlift/deadlift_800091.jpg,data/deadlift/deadlift_800101.jpg,data/deadlift/deadlift_800111.jpg,data/deadlift/deadlift_800121.jpg,data/deadlift/deadlift_800131.jpg,data/deadlift/deadlift_800141.jpg,data/deadlift/deadlift_800141.jpg,3
deadlift,deadlift|num_90,train,15,1.0,141.0,numeric,data/deadlift/deadlift_900001.jpg,data/deadlift/deadlift_900011.jpg,data/deadlift/deadlift_900021.jpg,data/deadlift/deadlift_900031.jpg,data/deadlift/deadlift_900041.jpg,data/deadlift/deadlift_900051.jpg,data/deadlift/deadlift_900061.jpg,data/deadlift/deadlift_900071.jpg,data/deadlift/deadlift_900081.jpg,data/deadlift/deadlift_900091.jpg,data/deadlift/deadlift_900101.jpg,data/deadlift/deadlift_900111.jpg,data/deadlift/deadlift_900121.jpg,data/deadlift/deadlift_900131.jpg,data/deadlift/deadlift_900141.jpg,data/deadlift/deadlift_900141.jpg,3
decline bench press,decline bench press|g1,val,1,,,alpha_num,data/decline bench press/dbp_g1.jpg,data/decline bench press/dbp_g1.jpg,data/decline bench press/dbp_g1.jpg,data/decline bench press/dbp_g1.jpg,data/decline bench press/dbp_g1.jpg,data/decline bench press/dbp_g1.jpg,data/decline bench press/dbp_g1.jpg,data/decline bench press/dbp_g1.jpg,data/decline bench press/dbp_g1.jpg,data/decline bench press/dbp_g1.jpg,data/decline bench press/dbp_g1.jpg,data/decline bench press/dbp_g1.jpg,data/decline bench press/dbp_g1.jpg,data/decline bench press/dbp_g1.jpg,data/decline bench press/dbp_g1.jpg,data/decline bench press/dbp_g1.jpg,4
decline bench press,decline bench press|g10,train,1,,,alpha_num,data/decline bench press/dbp_g10.jpg,data/decline bench press/dbp_g10.jpg,data/decline bench press/dbp_g10.jpg,data/decline bench press/dbp_g10.jpg,data/decline bench press/dbp_g10.jpg,data/decline bench press/dbp_g10.jpg,data/decline bench press/dbp_g10.jpg,data/decline bench press/dbp_g10.jpg,data/decline bench press/dbp_g10.jpg,data/decline bench press/dbp_g10.jpg,data/decline bench press/dbp_g10.jpg,data/decline bench press/dbp_g10.jpg,data/decline bench press/dbp_g10.jpg,data/decline bench press/dbp_g10.jpg,data/decline bench press/dbp_g10.jpg,data/decline bench press/dbp_g10.jpg,4
decline bench press,decline bench press|g11,train,1,,,alpha_num,data/decline bench press/dbp_g11.jpg,data/decline bench press/dbp_g11.jpg,data/decline bench press/dbp_g11.jpg,data/decline bench press/dbp_g11.jpg,data/decline bench press/dbp_g11.jpg,data/decline bench press/dbp_g11.jpg,data/decline bench press/dbp_g11.jpg,data/decline bench press/dbp_g11.jpg,data/decline bench press/dbp_g11.jpg,data/decline bench press/dbp_g11.jpg,data/decline bench press/dbp_g11.jpg,data/decline bench press/dbp_g11.jpg,data/decline bench press/dbp_g11.jpg,data/decline bench press/dbp_g11.jpg,data/decline bench press/dbp_g11.jpg,data/decline bench press/dbp_g11.jpg,4
decline bench press,decline bench press|g12,train,1,,,alpha_num,data/decline bench press/dbp_g12.jpg,data/decline bench press/dbp_g12.jpg,data/decline bench press/dbp_g12.jpg,data/decline bench press/dbp_g12.jpg,data/decline bench press/dbp_g12.jpg,data/decline bench press/dbp_g12.jpg,data/decline bench press/dbp_g12.jpg,data/decline bench press/dbp_g12.jpg,data/decline bench press/dbp_g12.jpg,data/decline bench press/dbp_g12.jpg,data/decline bench press/dbp_g12.jpg,data/decline bench press/dbp_g12.jpg,data/decline bench press/dbp_g12.jpg,data/decline bench press/dbp_g12.jpg,data/decline bench press/dbp_g12.jpg,data/decline bench press/dbp_g12.jpg,4
decline bench press,decline bench press|g13,train,1,,,alpha_num,data/decline bench press/dbp_g13.jpg,data/decline bench press/dbp_g13.jpg,data/decline bench press/dbp_g13.jpg,data/decline bench press/dbp_g13.jpg,data/decline bench press/dbp_g13.jpg,data/decline bench press/dbp_g13.jpg,data/decline bench press/dbp_g13.jpg,data/decline bench press/dbp_g13.jpg,data/decline bench press/dbp_g13.jpg,data/decline bench press/dbp_g13.jpg,data/decline bench press/dbp_g13.jpg,data/decline bench press/dbp_g13.jpg,data/decline bench press/dbp_g13.jpg,data/decline bench press/dbp_g13.jpg,data/decline bench press/dbp_g13.jpg,data/decline bench press/dbp_g13.jpg,4
decline bench press,decline bench press|g14,train,1,,,alpha_num,data/decline bench press/dbp_g14.jpg,data/decline bench press/dbp_g14.jpg,data/decline bench press/dbp_g14.jpg,data/decline bench press/dbp_g14.jpg,data/decline bench press/dbp_g14.jpg,data/decline bench press/dbp_g14.jpg,data/decline bench press/dbp_g14.jpg,data/decline bench press/dbp_g14.jpg,data/decline bench press/dbp_g14.jpg,data/decline bench press/dbp_g14.jpg,data/decline bench press/dbp_g14.jpg,data/decline bench press/dbp_g14.jpg,data/decline bench press/dbp_g14.jpg,data/decline bench press/dbp_g14.jpg,data/decline bench press/dbp_g14.jpg,data/decline bench press/dbp_g14.jpg,4
decline bench press,decline bench press|g15,train,1,,,alpha_num,data/decline bench press/dbp_g15.jpg,data/decline bench press/dbp_g15.jpg,data/decline bench press/dbp_g15.jpg,data/decline bench press/dbp_g15.jpg,data/decline bench press/dbp_g15.jpg,data/decline bench press/dbp_g15.jpg,data/decline bench press/dbp_g15.jpg,data/decline bench press/dbp_g15.jpg,data/decline bench press/dbp_g15.jpg,data/decline bench press/dbp_g15.jpg,data/decline bench press/dbp_g15.jpg,data/decline bench press/dbp_g15.jpg,data/decline bench press/dbp_g15.jpg,data/decline bench press/dbp_g15.jpg,data/decline bench press/dbp_g15.jpg,data/decline bench press/dbp_g15.jpg,4
decline bench press,decline bench press|g16,train,1,,,alpha_num,data/decline bench press/dbp_g16.jpg,data/decline bench press/dbp_g16.jpg,data/decline bench press/dbp_g16.jpg,data/decline bench press/dbp_g16.jpg,data/decline bench press/dbp_g16.jpg,data/decline bench press/dbp_g16.jpg,data/decline bench press/dbp_g16.jpg,data/decline bench press/dbp_g16.jpg,data/decline bench press/dbp_g16.jpg,data/decline bench press/dbp_g16.jpg,data/decline bench press/dbp_g16.jpg,data/decline bench press/dbp_g16.jpg,data/decline bench press/dbp_g16.jpg,data/decline bench press/dbp_g16.jpg,data/decline bench press/dbp_g16.jpg,data/decline bench press/dbp_g16.jpg,4
decline bench press,decline bench press|g17,train,1,,,alpha_num,data/decline bench press/dbp_g17.jpg,data/decline bench press/dbp_g17.jpg,data/decline bench press/dbp_g17.jpg,data/decline bench press/dbp_g17.jpg,data/decline bench press/dbp_g17.jpg,data/decline bench press/dbp_g17.jpg,data/decline bench press/dbp_g17.jpg,data/decline bench press/dbp_g17.jpg,data/decline bench press/dbp_g17.jpg,data/decline bench press/dbp_g17.jpg,data/decline bench press/dbp_g17.jpg,data/decline bench press/dbp_g17.jpg,data/decline bench press/dbp_g17.jpg,data/decline bench press/dbp_g17.jpg,data/decline bench press/dbp_g17.jpg,data/decline bench press/dbp_g17.jpg,4
decline bench press,decline bench press|g18,train,1,,,alpha_num,data/decline bench press/dbp_g18.jpg,data/decline bench press/dbp_g18.jpg,data/decline bench press/dbp_g18.jpg,data/decline bench press/dbp_g18.jpg,data/decline bench press/dbp_g18.jpg,data/decline bench press/dbp_g18.jpg,data/decline bench press/dbp_g18.jpg,data/decline bench press/dbp_g18.jpg,data/decline bench press/dbp_g18.jpg,data/decline bench press/dbp_g18.jpg,data/decline bench press/dbp_g18.jpg,data/decline bench press/dbp_g18.jpg,data/decline bench press/dbp_g18.jpg,data/decline bench press/dbp_g18.jpg,data/decline bench press/dbp_g18.jpg,data/decline bench press/dbp_g18.jpg,4
decline bench press,decline bench press|g19,test,1,,,alpha_num,data/decline bench press/dbp_g19.jpg,data/decline bench press/dbp_g19.jpg,data/decline bench press/dbp_g19.jpg,data/decline bench press/dbp_g19.jpg,data/decline bench press/dbp_g19.jpg,data/decline bench press/dbp_g19.jpg,data/decline bench press/dbp_g19.jpg,data/decline bench press/dbp_g19.jpg,data/decline bench press/dbp_g19.jpg,data/decline bench press/dbp_g19.jpg,data/decline bench press/dbp_g19.jpg,data/decline bench press/dbp_g19.jpg,data/decline bench press/dbp_g19.jpg,data/decline bench press/dbp_g19.jpg,data/decline bench press/dbp_g19.jpg,data/decline bench press/dbp_g19.jpg,4
decline bench press,decline bench press|g2,train,1,,,alpha_num,data/decline bench press/dbp_g2.jpg,data/decline bench press/dbp_g2.jpg,data/decline bench press/dbp_g2.jpg,data/decline bench press/dbp_g2.jpg,data/decline bench press/dbp_g2.jpg,data/decline bench press/dbp_g2.jpg,data/decline bench press/dbp_g2.jpg,data/decline bench press/dbp_g2.jpg,data/decline bench press/dbp_g2.jpg,data/decline bench press/dbp_g2.jpg,data/decline bench press/dbp_g2.jpg,data/decline bench press/dbp_g2.jpg,data/decline bench press/dbp_g2.jpg,data/decline bench press/dbp_g2.jpg,data/decline bench press/dbp_g2.jpg,data/decline bench press/dbp_g2.jpg,4
decline bench press,decline bench press|g20,train,1,,,alpha_num,data/decline bench press/dbp_g20.jpg,data/decline bench press/dbp_g20.jpg,data/decline bench press/dbp_g20.jpg,data/decline bench press/dbp_g20.jpg,data/decline bench press/dbp_g20.jpg,data/decline bench press/dbp_g20.jpg,data/decline bench press/dbp_g20.jpg,data/decline bench press/dbp_g20.jpg,data/decline bench press/dbp_g20.jpg,data/decline bench press/dbp_g20.jpg,data/decline bench press/dbp_g20.jpg,data/decline bench press/dbp_g20.jpg,data/decline bench press/dbp_g20.jpg,data/decline bench press/dbp_g20.jpg,data/decline bench press/dbp_g20.jpg,data/decline bench press/dbp_g20.jpg,4
decline bench press,decline bench press|g21,train,1,,,alpha_num,data/decline bench press/dbp_g21.jpg,data/decline bench press/dbp_g21.jpg,data/decline bench press/dbp_g21.jpg,data/decline bench press/dbp_g21.jpg,data/decline bench press/dbp_g21.jpg,data/decline bench press/dbp_g21.jpg,data/decline bench press/dbp_g21.jpg,data/decline bench press/dbp_g21.jpg,data/decline bench press/dbp_g21.jpg,data/decline bench press/dbp_g21.jpg,data/decline bench press/dbp_g21.jpg,data/decline bench press/dbp_g21.jpg,data/decline bench press/dbp_g21.jpg,data/decline bench press/dbp_g21.jpg,data/decline bench press/dbp_g21.jpg,data/decline bench press/dbp_g21.jpg,4
decline bench press,decline bench press|g22,train,1,,,alpha_num,data/decline bench press/dbp_g22.jpg,data/decline bench press/dbp_g22.jpg,data/decline bench press/dbp_g22.jpg,data/decline bench press/dbp_g22.jpg,data/decline bench press/dbp_g22.jpg,data/decline bench press/dbp_g22.jpg,data/decline bench press/dbp_g22.jpg,data/decline bench press/dbp_g22.jpg,data/decline bench press/dbp_g22.jpg,data/decline bench press/dbp_g22.jpg,data/decline bench press/dbp_g22.jpg,data/decline bench press/dbp_g22.jpg,data/decline bench press/dbp_g22.jpg,data/decline bench press/dbp_g22.jpg,data/decline bench press/dbp_g22.jpg,data/decline bench press/dbp_g22.jpg,4
decline bench press,decline bench press|g3,train,1,,,alpha_num,data/decline bench press/dbp_g3.jpg,data/decline bench press/dbp_g3.jpg,data/decline bench press/dbp_g3.jpg,data/decline bench press/dbp_g3.jpg,data/decline bench press/dbp_g3.jpg,data/decline bench press/dbp_g3.jpg,data/decline bench press/dbp_g3.jpg,data/decline bench press/dbp_g3.jpg,data/decline bench press/dbp_g3.jpg,data/decline bench press/dbp_g3.jpg,data/decline bench press/dbp_g3.jpg,data/decline bench press/dbp_g3.jpg,data/decline bench press/dbp_g3.jpg,data/decline bench press/dbp_g3.jpg,data/decline bench press/dbp_g3.jpg,data/decline bench press/dbp_g3.jpg,4
decline bench press,decline bench press|g4,train,1,,,alpha_num,data/decline bench press/dbp_g4.jpg,data/decline bench press/dbp_g4.jpg,data/decline bench press/dbp_g4.jpg,data/decline bench press/dbp_g4.jpg,data/decline bench press/dbp_g4.jpg,data/decline bench press/dbp_g4.jpg,data/decline bench press/dbp_g4.jpg,data/decline bench press/dbp_g4.jpg,data/decline bench press/dbp_g4.jpg,data/decline bench press/dbp_g4.jpg,data/decline bench press/dbp_g4.jpg,data/decline bench press/dbp_g4.jpg,data/decline bench press/dbp_g4.jpg,data/decline bench press/dbp_g4.jpg,data/decline bench press/dbp_g4.jpg,data/decline bench press/dbp_g4.jpg,4
decline bench press,decline bench press|g5,train,1,,,alpha_num,data/decline bench press/dbp_g5.jpg,data/decline bench press/dbp_g5.jpg,data/decline bench press/dbp_g5.jpg,data/decline bench press/dbp_g5.jpg,data/decline bench press/dbp_g5.jpg,data/decline bench press/dbp_g5.jpg,data/decline bench press/dbp_g5.jpg,data/decline bench press/dbp_g5.jpg,data/decline bench press/dbp_g5.jpg,data/decline bench press/dbp_g5.jpg,data/decline bench press/dbp_g5.jpg,data/decline bench press/dbp_g5.jpg,data/decline bench press/dbp_g5.jpg,data/decline bench press/dbp_g5.jpg,data/decline bench press/dbp_g5.jpg,data/decline bench press/dbp_g5.jpg,4
decline bench press,decline bench press|g6,val,1,,,alpha_num,data/decline bench press/dbp_g6.jpg,data/decline bench press/dbp_g6.jpg,data/decline bench press/dbp_g6.jpg,data/decline bench press/dbp_g6.jpg,data/decline bench press/dbp_g6.jpg,data/decline bench press/dbp_g6.jpg,data/decline bench press/dbp_g6.jpg,data/decline bench press/dbp_g6.jpg,data/decline bench press/dbp_g6.jpg,data/decline bench press/dbp_g6.jpg,data/decline bench press/dbp_g6.jpg,data/decline bench press/dbp_g6.jpg,data/decline bench press/dbp_g6.jpg,data/decline bench press/dbp_g6.jpg,data/decline bench press/dbp_g6.jpg,data/decline bench press/dbp_g6.jpg,4
decline bench press,decline bench press|g7,train,1,,,alpha_num,data/decline bench press/dbp_g7.jpg,data/decline bench press/dbp_g7.jpg,data/decline bench press/dbp_g7.jpg,data/decline bench press/dbp_g7.jpg,data/decline bench press/dbp_g7.jpg,data/decline bench press/dbp_g7.jpg,data/decline bench press/dbp_g7.jpg,data/decline bench press/dbp_g7.jpg,data/decline bench press/dbp_g7.jpg,data/decline bench press/dbp_g7.jpg,data/decline bench press/dbp_g7.jpg,data/decline bench press/dbp_g7.jpg,data/decline bench press/dbp_g7.jpg,data/decline bench press/dbp_g7.jpg,data/decline bench press/dbp_g7.jpg,data/decline bench press/dbp_g7.jpg,4
decline bench press,decline bench press|g8,train,1,,,alpha_num,data/decline bench press/dbp_g8.jpg,data/decline bench press/dbp_g8.jpg,data/decline bench press/dbp_g8.jpg,data/decline bench press/dbp_g8.jpg,data/decline bench press/dbp_g8.jpg,data/decline bench press/dbp_g8.jpg,data/decline bench press/dbp_g8.jpg,data/decline bench press/dbp_g8.jpg,data/decline bench press/dbp_g8.jpg,data/decline bench press/dbp_g8.jpg,data/decline bench press/dbp_g8.jpg,data/decline bench press/dbp_g8.jpg,data/decline bench press/dbp_g8.jpg,data/decline bench press/dbp_g8.jpg,data/decline bench press/dbp_g8.jpg,data/decline bench press/dbp_g8.jpg,4
decline bench press,decline bench press|g9,train,1,,,alpha_num,data/decline bench press/dbp_g9.jpg,data/decline bench press/dbp_g9.jpg,data/decline bench press/dbp_g9.jpg,data/decline bench press/dbp_g9.jpg,data/decline bench press/dbp_g9.jpg,data/decline bench press/dbp_g9.jpg,data/decline bench press/dbp_g9.jpg,data/decline bench press/dbp_g9.jpg,data/decline bench press/dbp_g9.jpg,data/decline bench press/dbp_g9.jpg,data/decline bench press/dbp_g9.jpg,data/decline bench press/dbp_g9.jpg,data/decline bench press/dbp_g9.jpg,data/decline bench press/dbp_g9.jpg,data/decline bench press/dbp_g9.jpg,data/decline bench press/dbp_g9.jpg,4
decline bench press,decline bench press|num_10,train,53,1.0,521.0,numeric,data/decline bench press/dbp_100001.jpg,data/decline bench press/dbp_100031.jpg,data/decline bench press/dbp_100061.jpg,data/decline bench press/dbp_100101.jpg,data/decline bench press/dbp_100131.jpg,data/decline bench press/dbp_100171.jpg,data/decline bench press/dbp_100201.jpg,data/decline bench press/dbp_100241.jpg,data/decline bench press/dbp_100271.jpg,data/decline bench press/dbp_100311.jpg,data/decline bench press/dbp_100341.jpg,data/decline bench press/dbp_100381.jpg,data/decline bench press/dbp_100411.jpg,data/decline bench press/dbp_100451.jpg,data/decline bench press/dbp_100481.jpg,data/decline bench press/dbp_100521.jpg,4
decline bench press,decline bench press|num_100,train,33,1.0,321.0,numeric,data/decline bench press/dbp_1000001.jpg,data/decline bench press/dbp_1000021.jpg,data/decline bench press/dbp_1000041.jpg,data/decline bench press/dbp_1000061.jpg,data/decline bench press/dbp_1000081.jpg,data/decline bench press/dbp_1000101.jpg,data/decline bench press/dbp_1000121.jpg,data/decline bench press/dbp_1000141.jpg,data/decline bench press/dbp_1000171.jpg,data/decline bench press/dbp_1000191.jpg,data/decline bench press/dbp_1000211.jpg,data/decline bench press/dbp_1000231.jpg,data/decline bench press/dbp_1000251.jpg,data/decline bench press/dbp_1000271.jpg,data/decline bench press/dbp_1000291.jpg,data/decline bench press/dbp_1000321.jpg,4
decline bench press,decline bench press|num_110,train,33,1.0,321.0,numeric,data/decline bench press/dbp_1100001.jpg,data/decline bench press/dbp_1100021.jpg,data/decline bench press/dbp_1100041.jpg,data/decline bench press/dbp_1100061.jpg,data/decline bench press/dbp_1100081.jpg,data/decline bench press/dbp_1100101.jpg,data/decline bench press/dbp_1100121.jpg,data/decline bench press/dbp_1100141.jpg,data/decline bench press/dbp_1100171.jpg,data/decline bench press/dbp_1100191.jpg,data/decline bench press/dbp_1100211.jpg,data/decline bench press/dbp_1100231.jpg,data/decline bench press/dbp_1100251.jpg,data/decline bench press/dbp_1100271.jpg,data/decline bench press/dbp_1100291.jpg,data/decline bench press/dbp_1100321.jpg,4
decline bench press,decline bench press|num_120,train,13,1.0,121.0,numeric,data/decline bench press/dbp_1200001.jpg,data/decline bench press/dbp_1200011.jpg,data/decline bench press/dbp_1200021.jpg,data/decline bench press/dbp_1200031.jpg,data/decline bench press/dbp_1200041.jpg,data/decline bench press/dbp_1200051.jpg,data/decline bench press/dbp_1200061.jpg,data/decline bench press/dbp_1200071.jpg,data/decline bench press/dbp_1200081.jpg,data/decline bench press/dbp_1200091.jpg,data/decline bench press/dbp_1200101.jpg,data/decline bench press/dbp_1200111.jpg,data/decline bench press/dbp_1200121.jpg,data/decline bench press/dbp_1200121.jpg,data/decline bench press/dbp_1200121.jpg,data/decline bench press/dbp_1200121.jpg,4
decline bench press,decline bench press|num_20,train,42,1.0,411.0,numeric,data/decline bench press/dbp_200001.jpg,data/decline bench press/dbp_200021.jpg,data/decline bench press/dbp_200051.jpg,data/decline bench press/dbp_200081.jpg,data/decline bench press/dbp_200101.jpg,data/decline bench press/dbp_200131.jpg,data/decline bench press/dbp_200161.jpg,data/decline bench press/dbp_200191.jpg,data/decline bench press/dbp_200211.jpg,data/decline bench press/dbp_200241.jpg,data/decline bench press/dbp_200271.jpg,data/decline bench press/dbp_200301.jpg,data/decline bench press/dbp_200321.jpg,data/decline bench press/dbp_200351.jpg,data/decline bench press/dbp_200381.jpg,data/decline bench press/dbp_200411.jpg,4
decline bench press,decline bench press|num_30,train,19,1.0,191.0,numeric,data/decline bench press/dbp_300001.jpg,data/decline bench press/dbp_300021.jpg,data/decline bench press/dbp_300031.jpg,data/decline bench press/dbp_300041.jpg,data/decline bench press/dbp_300051.jpg,data/decline bench press/dbp_300071.jpg,data/decline bench press/dbp_300081.jpg,data/decline bench press/dbp_300091.jpg,data/decline bench press/dbp_300101.jpg,data/decline bench press/dbp_300111.jpg,data/decline bench press/dbp_300131.jpg,data/decline bench press/dbp_300141.jpg,data/decline bench press/dbp_300151.jpg,data/decline bench press/dbp_300161.jpg,data/decline bench press/dbp_300171.jpg,data/decline bench press/dbp_300191.jpg,4
decline bench press,decline bench press|num_40,train,68,1.0,671.0,numeric,data/decline bench press/dbp_400001.jpg,data/decline bench press/dbp_400041.jpg,data/decline bench press/dbp_400081.jpg,data/decline bench press/dbp_400131.jpg,data/decline bench press/dbp_400171.jpg,data/decline bench press/dbp_400221.jpg,data/decline bench press/dbp_400261.jpg,data/decline bench press/dbp_400311.jpg,data/decline bench press/dbp_400351.jpg,data/decline bench press/dbp_400401.jpg,data/decline bench press/dbp_400441.jpg,data/decline bench press/dbp_400491.jpg,data/decline bench press/dbp_400531.jpg,data/decline bench press/dbp_400581.jpg,data/decline bench press/dbp_400621.jpg,data/decline bench press/dbp_400671.jpg,4
decline bench press,decline bench press|num_50,train,73,1.0,721.0,numeric,data/decline bench press/dbp_500001.jpg,data/decline bench press/dbp_500041.jpg,data/decline bench press/dbp_500091.jpg,data/decline bench press/dbp_500141.jpg,data/decline bench press/dbp_500191.jpg,data/decline bench press/dbp_500241.jpg,data/decline bench press/dbp_500281.jpg,data/decline bench press/dbp_500331.jpg,data/decline bench press/dbp_500381.jpg,data/decline bench press/dbp_500431.jpg,data/decline bench press/dbp_500481.jpg,data/decline bench press/dbp_500521.jpg,data/decline bench press/dbp_500571.jpg,data/decline bench press/dbp_500621.jpg,data/decline bench press/dbp_500671.jpg,data/decline bench press/dbp_500721.jpg,4
decline bench press,decline bench press|num_60,train,76,1.0,751.0,numeric,data/decline bench press/dbp_600001.jpg,data/decline bench press/dbp_600051.jpg,data/decline bench press/dbp_600101.jpg,data/decline bench press/dbp_600151.jpg,data/decline bench press/dbp_600201.jpg,data/decline bench press/dbp_600251.jpg,data/decline bench press/dbp_600301.jpg,data/decline bench press/dbp_600351.jpg,data/decline bench press/dbp_600401.jpg,data/decline bench press/dbp_600451.jpg,data/decline bench press/dbp_600501.jpg,data/decline bench press/dbp_600551.jpg,data/decline bench press/dbp_600601.jpg,data/decline bench press/dbp_600651.jpg,data/decline bench press/dbp_600701.jpg,data/decline bench press/dbp_600751.jpg,4
decline bench press,decline bench press|num_70,train,56,101.0,651.0,numeric,data/decline bench press/dbp_700101.jpg,data/decline bench press/dbp_700131.jpg,data/decline bench press/dbp_700171.jpg,data/decline bench press/dbp_700211.jpg,data/decline bench press/dbp_700241.jpg,data/decline bench press/dbp_700281.jpg,data/decline bench press/dbp_700321.jpg,data/decline bench press/dbp_700351.jpg,data/decline bench press/dbp_700391.jpg,data/decline bench press/dbp_700431.jpg,data/decline bench press/dbp_700461.jpg,data/decline bench press/dbp_700501.jpg,data/decline bench press/dbp_700541.jpg,data/decline bench press/dbp_700571.jpg,data/decline bench press/dbp_700611.jpg,data/decline bench press/dbp_700651.jpg,4
decline bench press,decline bench press|num_80,train,6,11.0,61.0,numeric,data/decline bench press/dbp_800011.jpg,data/decline bench press/dbp_800021.jpg,data/decline bench press/dbp_800031.jpg,data/decline bench press/dbp_800041.jpg,data/decline bench press/dbp_800051.jpg,data/decline bench press/dbp_800061.jpg,data/decline bench press/dbp_800061.jpg,data/decline bench press/dbp_800061.jpg,data/decline bench press/dbp_800061.jpg,data/decline bench press/dbp_800061.jpg,data/decline bench press/dbp_800061.jpg,data/decline bench press/dbp_800061.jpg,data/decline bench press/dbp_800061.jpg,data/decline bench press/dbp_800061.jpg,data/decline bench press/dbp_800061.jpg,data/decline bench press/dbp_800061.jpg,4
decline bench press,decline bench press|num_90,train,20,1.0,191.0,numeric,data/decline bench press/dbp_900001.jpg,data/decline bench press/dbp_900011.jpg,data/decline bench press/dbp_900021.jpg,data/decline bench press/dbp_900031.jpg,data/decline bench press/dbp_900051.jpg,data/decline bench press/dbp_900061.jpg,data/decline bench press/dbp_900071.jpg,data/decline bench press/dbp_900081.jpg,data/decline bench press/dbp_900101.jpg,data/decline bench press/dbp_900111.jpg,data/decline bench press/dbp_900121.jpg,data/decline bench press/dbp_900131.jpg,data/decline bench press/dbp_900151.jpg,data/decline bench press/dbp_900161.jpg,data/decline bench press/dbp_900171.jpg,data/decline bench press/dbp_900191.jpg,4
hammer curl,hammer curl|g1,test,1,,,alpha_num,data/hammer curl/hammer curl_g1.jpg,data/hammer curl/hammer curl_g1.jpg,data/hammer curl/hammer curl_g1.jpg,data/hammer curl/hammer curl_g1.jpg,data/hammer curl/hammer curl_g1.jpg,data/hammer curl/hammer curl_g1.jpg,data/hammer curl/hammer curl_g1.jpg,data/hammer curl/hammer curl_g1.jpg,data/hammer curl/hammer curl_g1.jpg,data/hammer curl/hammer curl_g1.jpg,data/hammer curl/hammer curl_g1.jpg,data/hammer curl/hammer curl_g1.jpg,data/hammer curl/hammer curl_g1.jpg,data/hammer curl/hammer curl_g1.jpg,data/hammer curl/hammer curl_g1.jpg,data/hammer curl/hammer curl_g1.jpg,5
hammer curl,hammer curl|g10,train,1,,,alpha_num,data/hammer curl/hammer curl_g10.jpg,data/hammer curl/hammer curl_g10.jpg,data/hammer curl/hammer curl_g10.jpg,data/hammer curl/hammer curl_g10.jpg,data/hammer curl/hammer curl_g10.jpg,data/hammer curl/hammer curl_g10.jpg,data/hammer curl/hammer curl_g10.jpg,data/hammer curl/hammer curl_g10.jpg,data/hammer curl/hammer curl_g10.jpg,data/hammer curl/hammer curl_g10.jpg,data/hammer curl/hammer curl_g10.jpg,data/hammer curl/hammer curl_g10.jpg,data/hammer curl/hammer curl_g10.jpg,data/hammer curl/hammer curl_g10.jpg,data/hammer curl/hammer curl_g10.jpg,data/hammer curl/hammer curl_g10.jpg,5
hammer curl,hammer curl|g11,train,1,,,alpha_num,data/hammer curl/hammer curl_g11.jpg,data/hammer curl/hammer curl_g11.jpg,data/hammer curl/hammer curl_g11.jpg,data/hammer curl/hammer curl_g11.jpg,data/hammer curl/hammer curl_g11.jpg,data/hammer curl/hammer curl_g11.jpg,data/hammer curl/hammer curl_g11.jpg,data/hammer curl/hammer curl_g11.jpg,data/hammer curl/hammer curl_g11.jpg,data/hammer curl/hammer curl_g11.jpg,data/hammer curl/hammer curl_g11.jpg,data/hammer curl/hammer curl_g11.jpg,data/hammer curl/hammer curl_g11.jpg,data/hammer curl/hammer curl_g11.jpg,data/hammer curl/hammer curl_g11.jpg,data/hammer curl/hammer curl_g11.jpg,5
hammer curl,hammer curl|g12,val,1,,,alpha_num,data/hammer curl/hammer curl_g12.jpg,data/hammer curl/hammer curl_g12.jpg,data/hammer curl/hammer curl_g12.jpg,data/hammer curl/hammer curl_g12.jpg,data/hammer curl/hammer curl_g12.jpg,data/hammer curl/hammer curl_g12.jpg,data/hammer curl/hammer curl_g12.jpg,data/hammer curl/hammer curl_g12.jpg,data/hammer curl/hammer curl_g12.jpg,data/hammer curl/hammer curl_g12.jpg,data/hammer curl/hammer curl_g12.jpg,data/hammer curl/hammer curl_g12.jpg,data/hammer curl/hammer curl_g12.jpg,data/hammer curl/hammer curl_g12.jpg,data/hammer curl/hammer curl_g12.jpg,data/hammer curl/hammer curl_g12.jpg,5
hammer curl,hammer curl|g13,train,1,,,alpha_num,data/hammer curl/hammer curl_g13.jpg,data/hammer curl/hammer curl_g13.jpg,data/hammer curl/hammer curl_g13.jpg,data/hammer curl/hammer curl_g13.jpg,data/hammer curl/hammer curl_g13.jpg,data/hammer curl/hammer curl_g13.jpg,data/hammer curl/hammer curl_g13.jpg,data/hammer curl/hammer curl_g13.jpg,data/hammer curl/hammer curl_g13.jpg,data/hammer curl/hammer curl_g13.jpg,data/hammer curl/hammer curl_g13.jpg,data/hammer curl/hammer curl_g13.jpg,data/hammer curl/hammer curl_g13.jpg,data/hammer curl/hammer curl_g13.jpg,data/hammer curl/hammer curl_g13.jpg,data/hammer curl/hammer curl_g13.jpg,5
hammer curl,hammer curl|g14,train,1,,,alpha_num,data/hammer curl/hammer curl_g14.jpg,data/hammer curl/hammer curl_g14.jpg,data/hammer curl/hammer curl_g14.jpg,data/hammer curl/hammer curl_g14.jpg,data/hammer curl/hammer curl_g14.jpg,data/hammer curl/hammer curl_g14.jpg,data/hammer curl/hammer curl_g14.jpg,data/hammer curl/hammer curl_g14.jpg,data/hammer curl/hammer curl_g14.jpg,data/hammer curl/hammer curl_g14.jpg,data/hammer curl/hammer curl_g14.jpg,data/hammer curl/hammer curl_g14.jpg,data/hammer curl/hammer curl_g14.jpg,data/hammer curl/hammer curl_g14.jpg,data/hammer curl/hammer curl_g14.jpg,data/hammer curl/hammer curl_g14.jpg,5
hammer curl,hammer curl|g15,train,1,,,alpha_num,data/hammer curl/hammer curl_g15.jpg,data/hammer curl/hammer curl_g15.jpg,data/hammer curl/hammer curl_g15.jpg,data/hammer curl/hammer curl_g15.jpg,data/hammer curl/hammer curl_g15.jpg,data/hammer curl/hammer curl_g15.jpg,data/hammer curl/hammer curl_g15.jpg,data/hammer curl/hammer curl_g15.jpg,data/hammer curl/hammer curl_g15.jpg,data/hammer curl/hammer curl_g15.jpg,data/hammer curl/hammer curl_g15.jpg,data/hammer curl/hammer curl_g15.jpg,data/hammer curl/hammer curl_g15.jpg,data/hammer curl/hammer curl_g15.jpg,data/hammer curl/hammer curl_g15.jpg,data/hammer curl/hammer curl_g15.jpg,5
hammer curl,hammer curl|g16,train,1,,,alpha_num,data/hammer curl/hammer curl_g16.jpg,data/hammer curl/hammer curl_g16.jpg,data/hammer curl/hammer curl_g16.jpg,data/hammer curl/hammer curl_g16.jpg,data/hammer curl/hammer curl_g16.jpg,data/hammer curl/hammer curl_g16.jpg,data/hammer curl/hammer curl_g16.jpg,data/hammer curl/hammer curl_g16.jpg,data/hammer curl/hammer curl_g16.jpg,data/hammer curl/hammer curl_g16.jpg,data/hammer curl/hammer curl_g16.jpg,data/hammer curl/hammer curl_g16.jpg,data/hammer curl/hammer curl_g16.jpg,data/hammer curl/hammer curl_g16.jpg,data/hammer curl/hammer curl_g16.jpg,data/hammer curl/hammer curl_g16.jpg,5
hammer curl,hammer curl|g17,train,1,,,alpha_num,data/hammer curl/hammer curl_g17.jpg,data/hammer curl/hammer curl_g17.jpg,data/hammer curl/hammer curl_g17.jpg,data/hammer curl/hammer curl_g17.jpg,data/hammer curl/hammer curl_g17.jpg,data/hammer curl/hammer curl_g17.jpg,data/hammer curl/hammer curl_g17.jpg,data/hammer curl/hammer curl_g17.jpg,data/hammer curl/hammer curl_g17.jpg,data/hammer curl/hammer curl_g17.jpg,data/hammer curl/hammer curl_g17.jpg,data/hammer curl/hammer curl_g17.jpg,data/hammer curl/hammer curl_g17.jpg,data/hammer curl/hammer curl_g17.jpg,data/hammer curl/hammer curl_g17.jpg,data/hammer curl/hammer curl_g17.jpg,5
hammer curl,hammer curl|g18,train,1,,,alpha_num,data/hammer curl/hammer curl_g18.jpg,data/hammer curl/hammer curl_g18.jpg,data/hammer curl/hammer curl_g18.jpg,data/hammer curl/hammer curl_g18.jpg,data/hammer curl/hammer curl_g18.jpg,data/hammer curl/hammer curl_g18.jpg,data/hammer curl/hammer curl_g18.jpg,data/hammer curl/hammer curl_g18.jpg,data/hammer curl/hammer curl_g18.jpg,data/hammer curl/hammer curl_g18.jpg,data/hammer curl/hammer curl_g18.jpg,data/hammer curl/hammer curl_g18.jpg,data/hammer curl/hammer curl_g18.jpg,data/hammer curl/hammer curl_g18.jpg,data/hammer curl/hammer curl_g18.jpg,data/hammer curl/hammer curl_g18.jpg,5
hammer curl,hammer curl|g19,train,1,,,alpha_num,data/hammer curl/hammer curl_g19.jpg,data/hammer curl/hammer curl_g19.jpg,data/hammer curl/hammer curl_g19.jpg,data/hammer curl/hammer curl_g19.jpg,data/hammer curl/hammer curl_g19.jpg,data/hammer curl/hammer curl_g19.jpg,data/hammer curl/hammer curl_g19.jpg,data/hammer curl/hammer curl_g19.jpg,data/hammer curl/hammer curl_g19.jpg,data/hammer curl/hammer curl_g19.jpg,data/hammer curl/hammer curl_g19.jpg,data/hammer curl/hammer curl_g19.jpg,data/hammer curl/hammer curl_g19.jpg,data/hammer curl/hammer curl_g19.jpg,data/hammer curl/hammer curl_g19.jpg,data/hammer curl/hammer curl_g19.jpg,5
hammer curl,hammer curl|g2,train,1,,,alpha_num,data/hammer curl/hammer curl_g2.jpg,data/hammer curl/hammer curl_g2.jpg,data/hammer curl/hammer curl_g2.jpg,data/hammer curl/hammer curl_g2.jpg,data/hammer curl/hammer curl_g2.jpg,data/hammer curl/hammer curl_g2.jpg,data/hammer curl/hammer curl_g2.jpg,data/hammer curl/hammer curl_g2.jpg,data/hammer curl/hammer curl_g2.jpg,data/hammer curl/hammer curl_g2.jpg,data/hammer curl/hammer curl_g2.jpg,data/hammer curl/hammer curl_g2.jpg,data/hammer curl/hammer curl_g2.jpg,data/hammer curl/hammer curl_g2.jpg,data/hammer curl/hammer curl_g2.jpg,data/hammer curl/hammer curl_g2.jpg,5
hammer curl,hammer curl|g20,train,1,,,alpha_num,data/hammer curl/hammer curl_g20.jpg,data/hammer curl/hammer curl_g20.jpg,data/hammer curl/hammer curl_g20.jpg,data/hammer curl/hammer curl_g20.jpg,data/hammer curl/hammer curl_g20.jpg,data/hammer curl/hammer curl_g20.jpg,data/hammer curl/hammer curl_g20.jpg,data/hammer curl/hammer curl_g20.jpg,data/hammer curl/hammer curl_g20.jpg,data/hammer curl/hammer curl_g20.jpg,data/hammer curl/hammer curl_g20.jpg,data/hammer curl/hammer curl_g20.jpg,data/hammer curl/hammer curl_g20.jpg,data/hammer curl/hammer curl_g20.jpg,data/hammer curl/hammer curl_g20.jpg,data/hammer curl/hammer curl_g20.jpg,5
hammer curl,hammer curl|g21,train,1,,,alpha_num,data/hammer curl/hammer curl_g21.jpg,data/hammer curl/hammer curl_g21.jpg,data/hammer curl/hammer curl_g21.jpg,data/hammer curl/hammer curl_g21.jpg,data/hammer curl/hammer curl_g21.jpg,data/hammer curl/hammer curl_g21.jpg,data/hammer curl/hammer curl_g21.jpg,data/hammer curl/hammer curl_g21.jpg,data/hammer curl/hammer curl_g21.jpg,data/hammer curl/hammer curl_g21.jpg,data/hammer curl/hammer curl_g21.jpg,data/hammer curl/hammer curl_g21.jpg,data/hammer curl/hammer curl_g21.jpg,data/hammer curl/hammer curl_g21.jpg,data/hammer curl/hammer curl_g21.jpg,data/hammer curl/hammer curl_g21.jpg,5
hammer curl,hammer curl|g22,train,1,,,alpha_num,data/hammer curl/hammer curl_g22.jpg,data/hammer curl/hammer curl_g22.jpg,data/hammer curl/hammer curl_g22.jpg,data/hammer curl/hammer curl_g22.jpg,data/hammer curl/hammer curl_g22.jpg,data/hammer curl/hammer curl_g22.jpg,data/hammer curl/hammer curl_g22.jpg,data/hammer curl/hammer curl_g22.jpg,data/hammer curl/hammer curl_g22.jpg,data/hammer curl/hammer curl_g22.jpg,data/hammer curl/hammer curl_g22.jpg,data/hammer curl/hammer curl_g22.jpg,data/hammer curl/hammer curl_g22.jpg,data/hammer curl/hammer curl_g22.jpg,data/hammer curl/hammer curl_g22.jpg,data/hammer curl/hammer curl_g22.jpg,5
hammer curl,hammer curl|g23,train,1,,,alpha_num,data/hammer curl/hammer curl_g23.jpg,data/hammer curl/hammer curl_g23.jpg,data/hammer curl/hammer curl_g23.jpg,data/hammer curl/hammer curl_g23.jpg,data/hammer curl/hammer curl_g23.jpg,data/hammer curl/hammer curl_g23.jpg,data/hammer curl/hammer curl_g23.jpg,data/hammer curl/hammer curl_g23.jpg,data/hammer curl/hammer curl_g23.jpg,data/hammer curl/hammer curl_g23.jpg,data/hammer curl/hammer curl_g23.jpg,data/hammer curl/hammer curl_g23.jpg,data/hammer curl/hammer curl_g23.jpg,data/hammer curl/hammer curl_g23.jpg,data/hammer curl/hammer curl_g23.jpg,data/hammer curl/hammer curl_g23.jpg,5
hammer curl,hammer curl|g24,train,1,,,alpha_num,data/hammer curl/hammer curl_g24.jpg,data/hammer curl/hammer curl_g24.jpg,data/hammer curl/hammer curl_g24.jpg,data/hammer curl/hammer curl_g24.jpg,data/hammer curl/hammer curl_g24.jpg,data/hammer curl/hammer curl_g24.jpg,data/hammer curl/hammer curl_g24.jpg,data/hammer curl/hammer curl_g24.jpg,data/hammer curl/hammer curl_g24.jpg,data/hammer curl/hammer curl_g24.jpg,data/hammer curl/hammer curl_g24.jpg,data/hammer curl/hammer curl_g24.jpg,data/hammer curl/hammer curl_g24.jpg,data/hammer curl/hammer curl_g24.jpg,data/hammer curl/hammer curl_g24.jpg,data/hammer curl/hammer curl_g24.jpg,5
hammer curl,hammer curl|g25,train,1,,,alpha_num,data/hammer curl/hammer curl_g25.jpg,data/hammer curl/hammer curl_g25.jpg,data/hammer curl/hammer curl_g25.jpg,data/hammer curl/hammer curl_g25.jpg,data/hammer curl/hammer curl_g25.jpg,data/hammer curl/hammer curl_g25.jpg,data/hammer curl/hammer curl_g25.jpg,data/hammer curl/hammer curl_g25.jpg,data/hammer curl/hammer curl_g25.jpg,data/hammer curl/hammer curl_g25.jpg,data/hammer curl/hammer curl_g25.jpg,data/hammer curl/hammer curl_g25.jpg,data/hammer curl/hammer curl_g25.jpg,data/hammer curl/hammer curl_g25.jpg,data/hammer curl/hammer curl_g25.jpg,data/hammer curl/hammer curl_g25.jpg,5
hammer curl,hammer curl|g26,train,1,,,alpha_num,data/hammer curl/hammer curl_g26.jpg,data/hammer curl/hammer curl_g26.jpg,data/hammer curl/hammer curl_g26.jpg,data/hammer curl/hammer curl_g26.jpg,data/hammer curl/hammer curl_g26.jpg,data/hammer curl/hammer curl_g26.jpg,data/hammer curl/hammer curl_g26.jpg,data/hammer curl/hammer curl_g26.jpg,data/hammer curl/hammer curl_g26.jpg,data/hammer curl/hammer curl_g26.jpg,data/hammer curl/hammer curl_g26.jpg,data/hammer curl/hammer curl_g26.jpg,data/hammer curl/hammer curl_g26.jpg,data/hammer curl/hammer curl_g26.jpg,data/hammer curl/hammer curl_g26.jpg,data/hammer curl/hammer curl_g26.jpg,5
hammer curl,hammer curl|g3,val,1,,,alpha_num,data/hammer curl/hammer curl_g3.jpg,data/hammer curl/hammer curl_g3.jpg,data/hammer curl/hammer curl_g3.jpg,data/hammer curl/hammer curl_g3.jpg,data/hammer curl/hammer curl_g3.jpg,data/hammer curl/hammer curl_g3.jpg,data/hammer curl/hammer curl_g3.jpg,data/hammer curl/hammer curl_g3.jpg,data/hammer curl/hammer curl_g3.jpg,data/hammer curl/hammer curl_g3.jpg,data/hammer curl/hammer curl_g3.jpg,data/hammer curl/hammer curl_g3.jpg,data/hammer curl/hammer curl_g3.jpg,data/hammer curl/hammer curl_g3.jpg,data/hammer curl/hammer curl_g3.jpg,data/hammer curl/hammer curl_g3.jpg,5
hammer curl,hammer curl|g4,train,1,,,alpha_num,data/hammer curl/hammer curl_g4.jpg,data/hammer curl/hammer curl_g4.jpg,data/hammer curl/hammer curl_g4.jpg,data/hammer curl/hammer curl_g4.jpg,data/hammer curl/hammer curl_g4.jpg,data/hammer curl/hammer curl_g4.jpg,data/hammer curl/hammer curl_g4.jpg,data/hammer curl/hammer curl_g4.jpg,data/hammer curl/hammer curl_g4.jpg,data/hammer curl/hammer curl_g4.jpg,data/hammer curl/hammer curl_g4.jpg,data/hammer curl/hammer curl_g4.jpg,data/hammer curl/hammer curl_g4.jpg,data/hammer curl/hammer curl_g4.jpg,data/hammer curl/hammer curl_g4.jpg,data/hammer curl/hammer curl_g4.jpg,5
hammer curl,hammer curl|g5,train,1,,,alpha_num,data/hammer curl/hammer curl_g5.jpg,data/hammer curl/hammer curl_g5.jpg,data/hammer curl/hammer curl_g5.jpg,data/hammer curl/hammer curl_g5.jpg,data/hammer curl/hammer curl_g5.jpg,data/hammer curl/hammer curl_g5.jpg,data/hammer curl/hammer curl_g5.jpg,data/hammer curl/hammer curl_g5.jpg,data/hammer curl/hammer curl_g5.jpg,data/hammer curl/hammer curl_g5.jpg,data/hammer curl/hammer curl_g5.jpg,data/hammer curl/hammer curl_g5.jpg,data/hammer curl/hammer curl_g5.jpg,data/hammer curl/hammer curl_g5.jpg,data/hammer curl/hammer curl_g5.jpg,data/hammer curl/hammer curl_g5.jpg,5
hammer curl,hammer curl|g6,train,1,,,alpha_num,data/hammer curl/hammer curl_g6.jpg,data/hammer curl/hammer curl_g6.jpg,data/hammer curl/hammer curl_g6.jpg,data/hammer curl/hammer curl_g6.jpg,data/hammer curl/hammer curl_g6.jpg,data/hammer curl/hammer curl_g6.jpg,data/hammer curl/hammer curl_g6.jpg,data/hammer curl/hammer curl_g6.jpg,data/hammer curl/hammer curl_g6.jpg,data/hammer curl/hammer curl_g6.jpg,data/hammer curl/hammer curl_g6.jpg,data/hammer curl/hammer curl_g6.jpg,data/hammer curl/hammer curl_g6.jpg,data/hammer curl/hammer curl_g6.jpg,data/hammer curl/hammer curl_g6.jpg,data/hammer curl/hammer curl_g6.jpg,5
hammer curl,hammer curl|g7,train,1,,,alpha_num,data/hammer curl/hammer curl_g7.jpg,data/hammer curl/hammer curl_g7.jpg,data/hammer curl/hammer curl_g7.jpg,data/hammer curl/hammer curl_g7.jpg,data/hammer curl/hammer curl_g7.jpg,data/hammer curl/hammer curl_g7.jpg,data/hammer curl/hammer curl_g7.jpg,data/hammer curl/hammer curl_g7.jpg,data/hammer curl/hammer curl_g7.jpg,data/hammer curl/hammer curl_g7.jpg,data/hammer curl/hammer curl_g7.jpg,data/hammer curl/hammer curl_g7.jpg,data/hammer curl/hammer curl_g7.jpg,data/hammer curl/hammer curl_g7.jpg,data/hammer curl/hammer curl_g7.jpg,data/hammer curl/hammer curl_g7.jpg,5
hammer curl,hammer curl|g8,train,1,,,alpha_num,data/hammer curl/hammer curl_g8.jpg,data/hammer curl/hammer curl_g8.jpg,data/hammer curl/hammer curl_g8.jpg,data/hammer curl/hammer curl_g8.jpg,data/hammer curl/hammer curl_g8.jpg,data/hammer curl/hammer curl_g8.jpg,data/hammer curl/hammer curl_g8.jpg,data/hammer curl/hammer curl_g8.jpg,data/hammer curl/hammer curl_g8.jpg,data/hammer curl/hammer curl_g8.jpg,data/hammer curl/hammer curl_g8.jpg,data/hammer curl/hammer curl_g8.jpg,data/hammer curl/hammer curl_g8.jpg,data/hammer curl/hammer curl_g8.jpg,data/hammer curl/hammer curl_g8.jpg,data/hammer curl/hammer curl_g8.jpg,5
hammer curl,hammer curl|g9,train,1,,,alpha_num,data/hammer curl/hammer curl_g9.jpg,data/hammer curl/hammer curl_g9.jpg,data/hammer curl/hammer curl_g9.jpg,data/hammer curl/hammer curl_g9.jpg,data/hammer curl/hammer curl_g9.jpg,data/hammer curl/hammer curl_g9.jpg,data/hammer curl/hammer curl_g9.jpg,data/hammer curl/hammer curl_g9.jpg,data/hammer curl/hammer curl_g9.jpg,data/hammer curl/hammer curl_g9.jpg,data/hammer curl/hammer curl_g9.jpg,data/hammer curl/hammer curl_g9.jpg,data/hammer curl/hammer curl_g9.jpg,data/hammer curl/hammer curl_g9.jpg,data/hammer curl/hammer curl_g9.jpg,data/hammer curl/hammer curl_g9.jpg,5
hammer curl,hammer curl|num_10,train,39,1.0,381.0,numeric,data/hammer curl/hammer curl_100001.jpg,data/hammer curl/hammer curl_100021.jpg,data/hammer curl/hammer curl_100051.jpg,data/hammer curl/hammer curl_100071.jpg,data/hammer curl/hammer curl_100101.jpg,data/hammer curl/hammer curl_100121.jpg,data/hammer curl/hammer curl_100151.jpg,data/hammer curl/hammer curl_100171.jpg,data/hammer curl/hammer curl_100201.jpg,data/hammer curl/hammer curl_100221.jpg,data/hammer curl/hammer curl_100251.jpg,data/hammer curl/hammer curl_100271.jpg,data/hammer curl/hammer curl_100301.jpg,data/hammer curl/hammer curl_100321.jpg,data/hammer curl/hammer curl_100351.jpg,data/hammer curl/hammer curl_100381.jpg,5
hammer curl,hammer curl|num_100,train,9,1.0,81.0,numeric,data/hammer curl/hammer curl_1000001.jpg,data/hammer curl/hammer curl_1000011.jpg,data/hammer curl/hammer curl_1000021.jpg,data/hammer curl/hammer curl_1000031.jpg,data/hammer curl/hammer curl_1000041.jpg,data/hammer curl/hammer curl_1000051.jpg,data/hammer curl/hammer curl_1000061.jpg,data/hammer curl/hammer curl_1000071.jpg,data/hammer curl/hammer curl_1000081.jpg,data/hammer curl/hammer curl_1000081.jpg,data/hammer curl/hammer curl_1000081.jpg,data/hammer curl/hammer curl_1000081.jpg,data/hammer curl/hammer curl_1000081.jpg,data/hammer curl/hammer curl_1000081.jpg,data/hammer curl/hammer curl_1000081.jpg,data/hammer curl/hammer curl_1000081.jpg,5
hammer curl,hammer curl|num_110,train,53,1.0,521.0,numeric,data/hammer curl/hammer curl_1100001.jpg,data/hammer curl/hammer curl_1100031.jpg,data/hammer curl/hammer curl_1100061.jpg,data/hammer curl/hammer curl_1100101.jpg,data/hammer curl/hammer curl_1100131.jpg,data/hammer curl/hammer curl_1100171.jpg,data/hammer curl/hammer curl_1100201.jpg,data/hammer curl/hammer curl_1100241.jpg,data/hammer curl/hammer curl_1100271.jpg,data/hammer curl/hammer curl_1100311.jpg,data/hammer curl/hammer curl_1100341.jpg,data/hammer curl/hammer curl_1100381.jpg,data/hammer curl/hammer curl_1100411.jpg,data/hammer curl/hammer curl_1100451.jpg,data/hammer curl/hammer curl_1100481.jpg,data/hammer curl/hammer curl_1100521.jpg,5
hammer curl,hammer curl|num_120,train,10,1.0,91.0,numeric,data/hammer curl/hammer curl_1200001.jpg,data/hammer curl/hammer curl_1200011.jpg,data/hammer curl/hammer curl_1200021.jpg,data/hammer curl/hammer curl_1200031.jpg,data/hammer curl/hammer curl_1200041.jpg,data/hammer curl/hammer curl_1200051.jpg,data/hammer curl/hammer curl_1200061.jpg,data/hammer curl/hammer curl_1200071.jpg,data/hammer curl/hammer curl_1200081.jpg,data/hammer curl/hammer curl_1200091.jpg,data/hammer curl/hammer curl_1200091.jpg,data/hammer curl/hammer curl_1200091.jpg,data/hammer curl/hammer curl_1200091.jpg,data/hammer curl/hammer curl_1200091.jpg,data/hammer curl/hammer curl_1200091.jpg,data/hammer curl/hammer curl_1200091.jpg,5
hammer curl,hammer curl|num_130,val,29,1.0,281.0,numeric,data/hammer curl/hammer curl_1300001.jpg,data/hammer curl/hammer curl_1300011.jpg,data/hammer curl/hammer curl_1300031.jpg,data/hammer curl/hammer curl_1300051.jpg,data/hammer curl/hammer curl_1300071.jpg,data/hammer curl/hammer curl_1300091.jpg,data/hammer curl/hammer curl_1300111.jpg,data/hammer curl/hammer curl_1300131.jpg,data/hammer curl/hammer curl_1300141.jpg,data/hammer curl/hammer curl_1300161.jpg,data/hammer curl/hammer curl_1300181.jpg,data/hammer curl/hammer curl_1300201.jpg,data/hammer curl/hammer curl_1300221.jpg,data/hammer curl/hammer curl_1300241.jpg,data/hammer curl/hammer curl_1300261.jpg,data/hammer curl/hammer curl_1300281.jpg,5
hammer curl,hammer curl|num_140,train,5,1.0,41.0,numeric,data/hammer curl/hammer curl_1400001.jpg,data/hammer curl/hammer curl_1400011.jpg,data/hammer curl/hammer curl_1400021.jpg,data/hammer curl/hammer curl_1400031.jpg,data/hammer curl/hammer curl_1400041.jpg,data/hammer curl/hammer curl_1400041.jpg,data/hammer curl/hammer curl_1400041.jpg,data/hammer curl/hammer curl_1400041.jpg,data/hammer curl/hammer curl_1400041.jpg,data/hammer curl/hammer curl_1400041.jpg,data/hammer curl/hammer curl_1400041.jpg,data/hammer curl/hammer curl_1400041.jpg,data/hammer curl/hammer curl_1400041.jpg,data/hammer curl/hammer curl_1400041.jpg,data/hammer curl/hammer curl_1400041.jpg,data/hammer curl/hammer curl_1400041.jpg,5
hammer curl,hammer curl|num_150,train,12,1.0,111.0,numeric,data/hammer curl/hammer curl_1500001.jpg,data/hammer curl/hammer curl_1500011.jpg,data/hammer curl/hammer curl_1500021.jpg,data/hammer curl/hammer curl_1500031.jpg,data/hammer curl/hammer curl_1500041.jpg,data/hammer curl/hammer curl_1500051.jpg,data/hammer curl/hammer curl_1500061.jpg,data/hammer curl/hammer curl_1500071.jpg,data/hammer curl/hammer curl_1500081.jpg,data/hammer curl/hammer curl_1500091.jpg,data/hammer curl/hammer curl_1500101.jpg,data/hammer curl/hammer curl_1500111.jpg,data/hammer curl/hammer curl_1500111.jpg,data/hammer curl/hammer curl_1500111.jpg,data/hammer curl/hammer curl_1500111.jpg,data/hammer curl/hammer curl_1500111.jpg,5
hammer curl,hammer curl|num_160,train,30,1.0,291.0,numeric,data/hammer curl/hammer curl_1600001.jpg,data/hammer curl/hammer curl_1600011.jpg,data/hammer curl/hammer curl_1600031.jpg,data/hammer curl/hammer curl_1600051.jpg,data/hammer curl/hammer curl_1600071.jpg,data/hammer curl/hammer curl_1600091.jpg,data/hammer curl/hammer curl_1600111.jpg,data/hammer curl/hammer curl_1600131.jpg,data/hammer curl/hammer curl_1600151.jpg,data/hammer curl/hammer curl_1600171.jpg,data/hammer curl/hammer curl_1600191.jpg,data/hammer curl/hammer curl_1600211.jpg,data/hammer curl/hammer curl_1600231.jpg,data/hammer curl/hammer curl_1600251.jpg,data/hammer curl/hammer curl_1600271.jpg,data/hammer curl/hammer curl_1600291.jpg,5
hammer curl,hammer curl|num_170,train,33,1.0,321.0,numeric,data/hammer curl/hammer curl_1700001.jpg,data/hammer curl/hammer curl_1700021.jpg,data/hammer curl/hammer curl_1700041.jpg,data/hammer curl/hammer curl_1700061.jpg,data/hammer curl/hammer curl_1700081.jpg,data/hammer curl/hammer curl_1700101.jpg,data/hammer curl/hammer curl_1700121.jpg,data/hammer curl/hammer curl_1700141.jpg,data/hammer curl/hammer curl_1700171.jpg,data/hammer curl/hammer curl_1700191.jpg,data/hammer curl/hammer curl_1700211.jpg,data/hammer curl/hammer curl_1700231.jpg,data/hammer curl/hammer curl_1700251.jpg,data/hammer curl/hammer curl_1700271.jpg,data/hammer curl/hammer curl_1700291.jpg,data/hammer curl/hammer curl_1700321.jpg,5
hammer curl,hammer curl|num_180,train,9,1.0,81.0,numeric,data/hammer curl/hammer curl_1800001.jpg,data/hammer curl/hammer curl_1800011.jpg,data/hammer curl/hammer curl_1800021.jpg,data/hammer curl/hammer curl_1800031.jpg,data/hammer curl/hammer curl_1800041.jpg,data/hammer curl/hammer curl_1800051.jpg,data/hammer curl/hammer curl_1800061.jpg,data/hammer curl/hammer curl_1800071.jpg,data/hammer curl/hammer curl_1800081.jpg,data/hammer curl/hammer curl_1800081.jpg,data/hammer curl/hammer curl_1800081.jpg,data/hammer curl/hammer curl_1800081.jpg,data/hammer curl/hammer curl_1800081.jpg,data/hammer curl/hammer curl_1800081.jpg,data/hammer curl/hammer curl_1800081.jpg,data/hammer curl/hammer curl_1800081.jpg,5
hammer curl,hammer curl|num_190,val,31,1.0,301.0,numeric,data/hammer curl/hammer curl_1900001.jpg,data/hammer curl/hammer curl_1900021.jpg,data/hammer curl/hammer curl_1900041.jpg,data/hammer curl/hammer curl_1900061.jpg,data/hammer curl/hammer curl_1900081.jpg,data/hammer curl/hammer curl_1900101.jpg,data/hammer curl/hammer curl_1900121.jpg,data/hammer curl/hammer curl_1900141.jpg,data/hammer curl/hammer curl_1900161.jpg,data/hammer curl/hammer curl_1900181.jpg,data/hammer curl/hammer curl_1900201.jpg,data/hammer curl/hammer curl_1900221.jpg,data/hammer curl/hammer curl_1900241.jpg,data/hammer curl/hammer curl_1900261.jpg,data/hammer curl/hammer curl_1900281.jpg,data/hammer curl/hammer curl_1900301.jpg,5
hammer curl,hammer curl|num_20,train,36,1.0,351.0,numeric,data/hammer curl/hammer curl_200001.jpg,data/hammer curl/hammer curl_200021.jpg,data/hammer curl/hammer curl_200041.jpg,data/hammer curl/hammer curl_200071.jpg,data/hammer curl/hammer curl_200091.jpg,data/hammer curl/hammer curl_200111.jpg,data/hammer curl/hammer curl_200141.jpg,data/hammer curl/hammer curl_200161.jpg,data/hammer curl/hammer curl_200181.jpg,data/hammer curl/hammer curl_200211.jpg,data/hammer curl/hammer curl_200231.jpg,data/hammer curl/hammer curl_200251.jpg,data/hammer curl/hammer curl_200281.jpg,data/hammer curl/hammer curl_200301.jpg,data/hammer curl/hammer curl_200321.jpg,data/hammer curl/hammer curl_200351.jpg,5
hammer curl,hammer curl|num_30,train,43,1.0,421.0,numeric,data/hammer curl/hammer curl_300001.jpg,data/hammer curl/hammer curl_300021.jpg,data/hammer curl/hammer curl_300051.jpg,data/hammer curl/hammer curl_300081.jpg,data/hammer curl/hammer curl_300111.jpg,data/hammer curl/hammer curl_300141.jpg,data/hammer curl/hammer curl_300161.jpg,data/hammer curl/hammer curl_300191.jpg,data/hammer curl/hammer curl_300221.jpg,data/hammer curl/hammer curl_300251.jpg,data/hammer curl/hammer curl_300281.jpg,data/hammer curl/hammer curl_300301.jpg,data/hammer curl/hammer curl_300331.jpg,data/hammer curl/hammer curl_300361.jpg,data/hammer curl/hammer curl_300391.jpg,data/hammer curl/hammer curl_300421.jpg,5
hammer curl,hammer curl|num_40,train,34,31.0,361.0,numeric,data/hammer curl/hammer curl_400031.jpg,data/hammer curl/hammer curl_400051.jpg,data/hammer curl/hammer curl_400071.jpg,data/hammer curl/hammer curl_400091.jpg,data/hammer curl/hammer curl_400111.jpg,data/hammer curl/hammer curl_400141.jpg,data/hammer curl/hammer curl_400161.jpg,data/hammer curl/hammer curl_400181.jpg,data/hammer curl/hammer curl_400201.jpg,data/hammer curl/hammer curl_400221.jpg,data/hammer curl/hammer curl_400251.jpg,data/hammer curl/hammer curl_400271.jpg,data/hammer curl/hammer curl_400291.jpg,data/hammer curl/hammer curl_400311.jpg,data/hammer curl/hammer curl_400331.jpg,data/hammer curl/hammer curl_400361.jpg,5
hammer curl,hammer curl|num_50,train,39,31.0,411.0,numeric,data/hammer curl/hammer curl_500031.jpg,data/hammer curl/hammer curl_500051.jpg,data/hammer curl/hammer curl_500081.jpg,data/hammer curl/hammer curl_500101.jpg,data/hammer curl/hammer curl_500131.jpg,data/hammer curl/hammer curl_500151.jpg,data/hammer curl/hammer curl_500181.jpg,data/hammer curl/hammer curl_500201.jpg,data/hammer curl/hammer curl_500231.jpg,data/hammer curl/hammer curl_500251.jpg,data/hammer curl/hammer curl_500281.jpg,data/hammer curl/hammer curl_500301.jpg,data/hammer curl/hammer curl_500331.jpg,data/hammer curl/hammer curl_500351.jpg,data/hammer curl/hammer curl_500381.jpg,data/hammer curl/hammer curl_500411.jpg,5
hammer curl,hammer curl|num_60,train,33,1.0,321.0,numeric,data/hammer curl/hammer curl_600001.jpg,data/hammer curl/hammer curl_600021.jpg,data/hammer curl/hammer curl_600041.jpg,data/hammer curl/hammer curl_600061.jpg,data/hammer curl/hammer curl_600081.jpg,data/hammer curl/hammer curl_600101.jpg,data/hammer curl/hammer curl_600121.jpg,data/hammer curl/hammer curl_600141.jpg,data/hammer curl/hammer curl_600171.jpg,data/hammer curl/hammer curl_600191.jpg,data/hammer curl/hammer curl_600211.jpg,data/hammer curl/hammer curl_600231.jpg,data/hammer curl/hammer curl_600251.jpg,data/hammer curl/hammer curl_600271.jpg,data/hammer curl/hammer curl_600291.jpg,data/hammer curl/hammer curl_600321.jpg,5
hammer curl,hammer curl|num_70,train,36,111.0,461.0,numeric,data/hammer curl/hammer curl_700111.jpg,data/hammer curl/hammer curl_700131.jpg,data/hammer curl/hammer curl_700151.jpg,data/hammer curl/hammer curl_700181.jpg,data/hammer curl/hammer curl_700201.jpg,data/hammer curl/hammer curl_700221.jpg,data/hammer curl/hammer curl_700251.jpg,data/hammer curl/hammer curl_700271.jpg,data/hammer curl/hammer curl_700291.jpg,data/hammer curl/hammer curl_700321.jpg,data/hammer curl/hammer curl_700341.jpg,data/hammer curl/hammer curl_700361.jpg,data/hammer curl/hammer curl_700391.jpg,data/hammer curl/hammer curl_700411.jpg,data/hammer curl/hammer curl_700431.jpg,data/hammer curl/hammer curl_700461.jpg,5
hammer curl,hammer curl|num_80,train,25,1.0,241.0,numeric,data/hammer curl/hammer curl_800001.jpg,data/hammer curl/hammer curl_800011.jpg,data/hammer curl/hammer curl_800031.jpg,data/hammer curl/hammer curl_800041.jpg,data/hammer curl/hammer curl_800061.jpg,data/hammer curl/hammer curl_800081.jpg,data/hammer curl/hammer curl_800091.jpg,data/hammer curl/hammer curl_800111.jpg,data/hammer curl/hammer curl_800121.jpg,data/hammer curl/hammer curl_800141.jpg,data/hammer curl/hammer curl_800161.jpg,data/hammer curl/hammer curl_800171.jpg,data/hammer curl/hammer curl_800191.jpg,data/hammer curl/hammer curl_800201.jpg,data/hammer curl/hammer curl_800221.jpg,data/hammer curl/hammer curl_800241.jpg,5
hammer curl,hammer curl|num_90,train,14,1.0,131.0,numeric,data/hammer curl/hammer curl_900001.jpg,data/hammer curl/hammer curl_900011.jpg,data/hammer curl/hammer curl_900021.jpg,data/hammer curl/hammer curl_900031.jpg,data/hammer curl/hammer curl_900041.jpg,data/hammer curl/hammer curl_900051.jpg,data/hammer curl/hammer curl_900061.jpg,data/hammer curl/hammer curl_900071.jpg,data/hammer curl/hammer curl_900081.jpg,data/hammer curl/hammer curl_900091.jpg,data/hammer curl/hammer curl_900101.jpg,data/hammer curl/hammer curl_900111.jpg,data/hammer curl/hammer curl_900121.jpg,data/hammer curl/hammer curl_900131.jpg,data/hammer curl/hammer curl_900131.jpg,data/hammer curl/hammer curl_900131.jpg,5
hip thrust,hip thrust|g1,val,1,,,alpha_num,data/hip thrust/hip thrust_g1.jpg,data/hip thrust/hip thrust_g1.jpg,data/hip thrust/hip thrust_g1.jpg,data/hip thrust/hip thrust_g1.jpg,data/hip thrust/hip thrust_g1.jpg,data/hip thrust/hip thrust_g1.jpg,data/hip thrust/hip thrust_g1.jpg,data/hip thrust/hip thrust_g1.jpg,data/hip thrust/hip thrust_g1.jpg,data/hip thrust/hip thrust_g1.jpg,data/hip thrust/hip thrust_g1.jpg,data/hip thrust/hip thrust_g1.jpg,data/hip thrust/hip thrust_g1.jpg,data/hip thrust/hip thrust_g1.jpg,data/hip thrust/hip thrust_g1.jpg,data/hip thrust/hip thrust_g1.jpg,6
hip thrust,hip thrust|g10,train,1,,,alpha_num,data/hip thrust/hip thrust_g10.jpg,data/hip thrust/hip thrust_g10.jpg,data/hip thrust/hip thrust_g10.jpg,data/hip thrust/hip thrust_g10.jpg,data/hip thrust/hip thrust_g10.jpg,data/hip thrust/hip thrust_g10.jpg,data/hip thrust/hip thrust_g10.jpg,data/hip thrust/hip thrust_g10.jpg,data/hip thrust/hip thrust_g10.jpg,data/hip thrust/hip thrust_g10.jpg,data/hip thrust/hip thrust_g10.jpg,data/hip thrust/hip thrust_g10.jpg,data/hip thrust/hip thrust_g10.jpg,data/hip thrust/hip thrust_g10.jpg,data/hip thrust/hip thrust_g10.jpg,data/hip thrust/hip thrust_g10.jpg,6
hip thrust,hip thrust|g11,train,1,,,alpha_num,data/hip thrust/hip thrust_g11.jpg,data/hip thrust/hip thrust_g11.jpg,data/hip thrust/hip thrust_g11.jpg,data/hip thrust/hip thrust_g11.jpg,data/hip thrust/hip thrust_g11.jpg,data/hip thrust/hip thrust_g11.jpg,data/hip thrust/hip thrust_g11.jpg,data/hip thrust/hip thrust_g11.jpg,data/hip thrust/hip thrust_g11.jpg,data/hip thrust/hip thrust_g11.jpg,data/hip thrust/hip thrust_g11.jpg,data/hip thrust/hip thrust_g11.jpg,data/hip thrust/hip thrust_g11.jpg,data/hip thrust/hip thrust_g11.jpg,data/hip thrust/hip thrust_g11.jpg,data/hip thrust/hip thrust_g11.jpg,6
hip thrust,hip thrust|g12,train,1,,,alpha_num,data/hip thrust/hip thrust_g12.jpg,data/hip thrust/hip thrust_g12.jpg,data/hip thrust/hip thrust_g12.jpg,data/hip thrust/hip thrust_g12.jpg,data/hip thrust/hip thrust_g12.jpg,data/hip thrust/hip thrust_g12.jpg,data/hip thrust/hip thrust_g12.jpg,data/hip thrust/hip thrust_g12.jpg,data/hip thrust/hip thrust_g12.jpg,data/hip thrust/hip thrust_g12.jpg,data/hip thrust/hip thrust_g12.jpg,data/hip thrust/hip thrust_g12.jpg,data/hip thrust/hip thrust_g12.jpg,data/hip thrust/hip thrust_g12.jpg,data/hip thrust/hip thrust_g12.jpg,data/hip thrust/hip thrust_g12.jpg,6
hip thrust,hip thrust|g13,train,1,,,alpha_num,data/hip thrust/hip thrust_g13.jpg,data/hip thrust/hip thrust_g13.jpg,data/hip thrust/hip thrust_g13.jpg,data/hip thrust/hip thrust_g13.jpg,data/hip thrust/hip thrust_g13.jpg,data/hip thrust/hip thrust_g13.jpg,data/hip thrust/hip thrust_g13.jpg,data/hip thrust/hip thrust_g13.jpg,data/hip thrust/hip thrust_g13.jpg,data/hip thrust/hip thrust_g13.jpg,data/hip thrust/hip thrust_g13.jpg,data/hip thrust/hip thrust_g13.jpg,data/hip thrust/hip thrust_g13.jpg,data/hip thrust/hip thrust_g13.jpg,data/hip thrust/hip thrust_g13.jpg,data/hip thrust/hip thrust_g13.jpg,6
hip thrust,hip thrust|g14,train,1,,,alpha_num,data/hip thrust/hip thrust_g14.jpg,data/hip thrust/hip thrust_g14.jpg,data/hip thrust/hip thrust_g14.jpg,data/hip thrust/hip thrust_g14.jpg,data/hip thrust/hip thrust_g14.jpg,data/hip thrust/hip thrust_g14.jpg,data/hip thrust/hip thrust_g14.jpg,data/hip thrust/hip thrust_g14.jpg,data/hip thrust/hip thrust_g14.jpg,data/hip thrust/hip thrust_g14.jpg,data/hip thrust/hip thrust_g14.jpg,data/hip thrust/hip thrust_g14.jpg,data/hip thrust/hip thrust_g14.jpg,data/hip thrust/hip thrust_g14.jpg,data/hip thrust/hip thrust_g14.jpg,data/hip thrust/hip thrust_g14.jpg,6
hip thrust,hip thrust|g15,train,1,,,alpha_num,data/hip thrust/hip thrust_g15.jpg,data/hip thrust/hip thrust_g15.jpg,data/hip thrust/hip thrust_g15.jpg,data/hip thrust/hip thrust_g15.jpg,data/hip thrust/hip thrust_g15.jpg,data/hip thrust/hip thrust_g15.jpg,data/hip thrust/hip thrust_g15.jpg,data/hip thrust/hip thrust_g15.jpg,data/hip thrust/hip thrust_g15.jpg,data/hip thrust/hip thrust_g15.jpg,data/hip thrust/hip thrust_g15.jpg,data/hip thrust/hip thrust_g15.jpg,data/hip thrust/hip thrust_g15.jpg,data/hip thrust/hip thrust_g15.jpg,data/hip thrust/hip thrust_g15.jpg,data/hip thrust/hip thrust_g15.jpg,6
hip thrust,hip thrust|g16,train,1,,,alpha_num,data/hip thrust/hip thrust_g16.jpg,data/hip thrust/hip thrust_g16.jpg,data/hip thrust/hip thrust_g16.jpg,data/hip thrust/hip thrust_g16.jpg,data/hip thrust/hip thrust_g16.jpg,data/hip thrust/hip thrust_g16.jpg,data/hip thrust/hip thrust_g16.jpg,data/hip thrust/hip thrust_g16.jpg,data/hip thrust/hip thrust_g16.jpg,data/hip thrust/hip thrust_g16.jpg,data/hip thrust/hip thrust_g16.jpg,data/hip thrust/hip thrust_g16.jpg,data/hip thrust/hip thrust_g16.jpg,data/hip thrust/hip thrust_g16.jpg,data/hip thrust/hip thrust_g16.jpg,data/hip thrust/hip thrust_g16.jpg,6
hip thrust,hip thrust|g17,train,1,,,alpha_num,data/hip thrust/hip thrust_g17.jpg,data/hip thrust/hip thrust_g17.jpg,data/hip thrust/hip thrust_g17.jpg,data/hip thrust/hip thrust_g17.jpg,data/hip thrust/hip thrust_g17.jpg,data/hip thrust/hip thrust_g17.jpg,data/hip thrust/hip thrust_g17.jpg,data/hip thrust/hip thrust_g17.jpg,data/hip thrust/hip thrust_g17.jpg,data/hip thrust/hip thrust_g17.jpg,data/hip thrust/hip thrust_g17.jpg,data/hip thrust/hip thrust_g17.jpg,data/hip thrust/hip thrust_g17.jpg,data/hip thrust/hip thrust_g17.jpg,data/hip thrust/hip thrust_g17.jpg,data/hip thrust/hip thrust_g17.jpg,6
hip thrust,hip thrust|g18,train,1,,,alpha_num,data/hip thrust/hip thrust_g18.jpg,data/hip thrust/hip thrust_g18.jpg,data/hip thrust/hip thrust_g18.jpg,data/hip thrust/hip thrust_g18.jpg,data/hip thrust/hip thrust_g18.jpg,data/hip thrust/hip thrust_g18.jpg,data/hip thrust/hip thrust_g18.jpg,data/hip thrust/hip thrust_g18.jpg,data/hip thrust/hip thrust_g18.jpg,data/hip thrust/hip thrust_g18.jpg,data/hip thrust/hip thrust_g18.jpg,data/hip thrust/hip thrust_g18.jpg,data/hip thrust/hip thrust_g18.jpg,data/hip thrust/hip thrust_g18.jpg,data/hip thrust/hip thrust_g18.jpg,data/hip thrust/hip thrust_g18.jpg,6
hip thrust,hip thrust|g19,val,1,,,alpha_num,data/hip thrust/hip thrust_g19.jpg,data/hip thrust/hip thrust_g19.jpg,data/hip thrust/hip thrust_g19.jpg,data/hip thrust/hip thrust_g19.jpg,data/hip thrust/hip thrust_g19.jpg,data/hip thrust/hip thrust_g19.jpg,data/hip thrust/hip thrust_g19.jpg,data/hip thrust/hip thrust_g19.jpg,data/hip thrust/hip thrust_g19.jpg,data/hip thrust/hip thrust_g19.jpg,data/hip thrust/hip thrust_g19.jpg,data/hip thrust/hip thrust_g19.jpg,data/hip thrust/hip thrust_g19.jpg,data/hip thrust/hip thrust_g19.jpg,data/hip thrust/hip thrust_g19.jpg,data/hip thrust/hip thrust_g19.jpg,6
hip thrust,hip thrust|g2,train,1,,,alpha_num,data/hip thrust/hip thrust_g2.jpg,data/hip thrust/hip thrust_g2.jpg,data/hip thrust/hip thrust_g2.jpg,data/hip thrust/hip thrust_g2.jpg,data/hip thrust/hip thrust_g2.jpg,data/hip thrust/hip thrust_g2.jpg,data/hip thrust/hip thrust_g2.jpg,data/hip thrust/hip thrust_g2.jpg,data/hip thrust/hip thrust_g2.jpg,data/hip thrust/hip thrust_g2.jpg,data/hip thrust/hip thrust_g2.jpg,data/hip thrust/hip thrust_g2.jpg,data/hip thrust/hip thrust_g2.jpg,data/hip thrust/hip thrust_g2.jpg,data/hip thrust/hip thrust_g2.jpg,data/hip thrust/hip thrust_g2.jpg,6
hip thrust,hip thrust|g20,train,1,,,alpha_num,data/hip thrust/hip thrust_g20.jpg,data/hip thrust/hip thrust_g20.jpg,data/hip thrust/hip thrust_g20.jpg,data/hip thrust/hip thrust_g20.jpg,data/hip thrust/hip thrust_g20.jpg,data/hip thrust/hip thrust_g20.jpg,data/hip thrust/hip thrust_g20.jpg,data/hip thrust/hip thrust_g20.jpg,data/hip thrust/hip thrust_g20.jpg,data/hip thrust/hip thrust_g20.jpg,data/hip thrust/hip thrust_g20.jpg,data/hip thrust/hip thrust_g20.jpg,data/hip thrust/hip thrust_g20.jpg,data/hip thrust/hip thrust_g20.jpg,data/hip thrust/hip thrust_g20.jpg,data/hip thrust/hip thrust_g20.jpg,6
hip thrust,hip thrust|g3,train,1,,,alpha_num,data/hip thrust/hip thrust_g3.jpg,data/hip thrust/hip thrust_g3.jpg,data/hip thrust/hip thrust_g3.jpg,data/hip thrust/hip thrust_g3.jpg,data/hip thrust/hip thrust_g3.jpg,data/hip thrust/hip thrust_g3.jpg,data/hip thrust/hip thrust_g3.jpg,data/hip thrust/hip thrust_g3.jpg,data/hip thrust/hip thrust_g3.jpg,data/hip thrust/hip thrust_g3.jpg,data/hip thrust/hip thrust_g3.jpg,data/hip thrust/hip thrust_g3.jpg,data/hip thrust/hip thrust_g3.jpg,data/hip thrust/hip thrust_g3.jpg,data/hip thrust/hip thrust_g3.jpg,data/hip thrust/hip thrust_g3.jpg,6
hip thrust,hip thrust|g4,train,1,,,alpha_num,data/hip thrust/hip thrust_g4.jpg,data/hip thrust/hip thrust_g4.jpg,data/hip thrust/hip thrust_g4.jpg,data/hip thrust/hip thrust_g4.jpg,data/hip thrust/hip thrust_g4.jpg,data/hip thrust/hip thrust_g4.jpg,data/hip thrust/hip thrust_g4.jpg,data/hip thrust/hip thrust_g4.jpg,data/hip thrust/hip thrust_g4.jpg,data/hip thrust/hip thrust_g4.jpg,data/hip thrust/hip thrust_g4.jpg,data/hip thrust/hip thrust_g4.jpg,data/hip thrust/hip thrust_g4.jpg,data/hip thrust/hip thrust_g4.jpg,data/hip thrust/hip thrust_g4.jpg,data/hip thrust/hip thrust_g4.jpg,6
hip thrust,hip thrust|g5,train,1,,,alpha_num,data/hip thrust/hip thrust_g5.jpg,data/hip thrust/hip thrust_g5.jpg,data/hip thrust/hip thrust_g5.jpg,data/hip thrust/hip thrust_g5.jpg,data/hip thrust/hip thrust_g5.jpg,data/hip thrust/hip thrust_g5.jpg,data/hip thrust/hip thrust_g5.jpg,data/hip thrust/hip thrust_g5.jpg,data/hip thrust/hip thrust_g5.jpg,data/hip thrust/hip thrust_g5.jpg,data/hip thrust/hip thrust_g5.jpg,data/hip thrust/hip thrust_g5.jpg,data/hip thrust/hip thrust_g5.jpg,data/hip thrust/hip thrust_g5.jpg,data/hip thrust/hip thrust_g5.jpg,data/hip thrust/hip thrust_g5.jpg,6
hip thrust,hip thrust|g6,train,1,,,alpha_num,data/hip thrust/hip thrust_g6.jpg,data/hip thrust/hip thrust_g6.jpg,data/hip thrust/hip thrust_g6.jpg,data/hip thrust/hip thrust_g6.jpg,data/hip thrust/hip thrust_g6.jpg,data/hip thrust/hip thrust_g6.jpg,data/hip thrust/hip thrust_g6.jpg,data/hip thrust/hip thrust_g6.jpg,data/hip thrust/hip thrust_g6.jpg,data/hip thrust/hip thrust_g6.jpg,data/hip thrust/hip thrust_g6.jpg,data/hip thrust/hip thrust_g6.jpg,data/hip thrust/hip thrust_g6.jpg,data/hip thrust/hip thrust_g6.jpg,data/hip thrust/hip thrust_g6.jpg,data/hip thrust/hip thrust_g6.jpg,6
hip thrust,hip thrust|g7,train,1,,,alpha_num,data/hip thrust/hip thrust_g7.jpg,data/hip thrust/hip thrust_g7.jpg,data/hip thrust/hip thrust_g7.jpg,data/hip thrust/hip thrust_g7.jpg,data/hip thrust/hip thrust_g7.jpg,data/hip thrust/hip thrust_g7.jpg,data/hip thrust/hip thrust_g7.jpg,data/hip thrust/hip thrust_g7.jpg,data/hip thrust/hip thrust_g7.jpg,data/hip thrust/hip thrust_g7.jpg,data/hip thrust/hip thrust_g7.jpg,data/hip thrust/hip thrust_g7.jpg,data/hip thrust/hip thrust_g7.jpg,data/hip thrust/hip thrust_g7.jpg,data/hip thrust/hip thrust_g7.jpg,data/hip thrust/hip thrust_g7.jpg,6
hip thrust,hip thrust|g8,train,1,,,alpha_num,data/hip thrust/hip thrust_g8.jpg,data/hip thrust/hip thrust_g8.jpg,data/hip thrust/hip thrust_g8.jpg,data/hip thrust/hip thrust_g8.jpg,data/hip thrust/hip thrust_g8.jpg,data/hip thrust/hip thrust_g8.jpg,data/hip thrust/hip thrust_g8.jpg,data/hip thrust/hip thrust_g8.jpg,data/hip thrust/hip thrust_g8.jpg,data/hip thrust/hip thrust_g8.jpg,data/hip thrust/hip thrust_g8.jpg,data/hip thrust/hip thrust_g8.jpg,data/hip thrust/hip thrust_g8.jpg,data/hip thrust/hip thrust_g8.jpg,data/hip thrust/hip thrust_g8.jpg,data/hip thrust/hip thrust_g8.jpg,6
hip thrust,hip thrust|g9,train,1,,,alpha_num,data/hip thrust/hip thrust_g9.jpg,data/hip thrust/hip thrust_g9.jpg,data/hip thrust/hip thrust_g9.jpg,data/hip thrust/hip thrust_g9.jpg,data/hip thrust/hip thrust_g9.jpg,data/hip thrust/hip thrust_g9.jpg,data/hip thrust/hip thrust_g9.jpg,data/hip thrust/hip thrust_g9.jpg,data/hip thrust/hip thrust_g9.jpg,data/hip thrust/hip thrust_g9.jpg,data/hip thrust/hip thrust_g9.jpg,data/hip thrust/hip thrust_g9.jpg,data/hip thrust/hip thrust_g9.jpg,data/hip thrust/hip thrust_g9.jpg,data/hip thrust/hip thrust_g9.jpg,data/hip thrust/hip thrust_g9.jpg,6
hip thrust,hip thrust|num_10,train,35,61.0,401.0,numeric,data/hip thrust/hip thrust_100061.jpg,data/hip thrust/hip thrust_100081.jpg,data/hip thrust/hip thrust_100101.jpg,data/hip thrust/hip thrust_100121.jpg,data/hip thrust/hip thrust_100151.jpg,data/hip thrust/hip thrust_100171.jpg,data/hip thrust/hip thrust_100191.jpg,data/hip thrust/hip thrust_100211.jpg,data/hip thrust/hip thrust_100241.jpg,data/hip thrust/hip thrust_100261.jpg,data/hip thrust/hip thrust_100281.jpg,data/hip thrust/hip thrust_100301.jpg,data/hip thrust/hip thrust_100331.jpg,data/hip thrust/hip thrust_100351.jpg,data/hip thrust/hip thrust_100371.jpg,data/hip thrust/hip thrust_100401.jpg,6
hip thrust,hip thrust|num_100,train,38,1.0,371.0,numeric,data/hip thrust/hip thrust_1000001.jpg,data/hip thrust/hip thrust_1000021.jpg,data/hip thrust/hip thrust_1000041.jpg,data/hip thrust/hip thrust_1000071.jpg,data/hip thrust/hip thrust_1000091.jpg,data/hip thrust/hip thrust_1000121.jpg,data/hip thrust/hip thrust_1000141.jpg,data/hip thrust/hip thrust_1000171.jpg,data/hip thrust/hip thrust_1000191.jpg,data/hip thrust/hip thrust_1000221.jpg,data/hip thrust/hip thrust_1000241.jpg,data/hip thrust/hip thrust_1000271.jpg,data/hip thrust/hip thrust_1000291.jpg,data/hip thrust/hip thrust_1000321.jpg,data/hip thrust/hip thrust_1000341.jpg,data/hip thrust/hip thrust_1000371.jpg,6
hip thrust,hip thrust|num_110,train,10,11.0,101.0,numeric,data/hip thrust/hip thrust_1100011.jpg,data/hip thrust/hip thrust_1100021.jpg,data/hip thrust/hip thrust_1100031.jpg,data/hip thrust/hip thrust_1100041.jpg,data/hip thrust/hip thrust_1100051.jpg,data/hip thrust/hip thrust_1100061.jpg,data/hip thrust/hip thrust_1100071.jpg,data/hip thrust/hip thrust_1100081.jpg,data/hip thrust/hip thrust_1100091.jpg,data/hip thrust/hip thrust_1100101.jpg,data/hip thrust/hip thrust_1100101.jpg,data/hip thrust/hip thrust_1100101.jpg,data/hip thrust/hip thrust_1100101.jpg,data/hip thrust/hip thrust_1100101.jpg,data/hip thrust/hip thrust_1100101.jpg,data/hip thrust/hip thrust_1100101.jpg,6
hip thrust,hip thrust|num_120,train,27,1.0,261.0,numeric,data/hip thrust/hip thrust_1200001.jpg,data/hip thrust/hip thrust_1200011.jpg,data/hip thrust/hip thrust_1200031.jpg,data/hip thrust/hip thrust_1200051.jpg,data/hip thrust/hip thrust_1200061.jpg,data/hip thrust/hip thrust_1200081.jpg,data/hip thrust/hip thrust_1200101.jpg,data/hip thrust/hip thrust_1200121.jpg,data/hip thrust/hip thrust_1200131.jpg,data/hip thrust/hip thrust_1200151.jpg,data/hip thrust/hip thrust_1200171.jpg,data/hip thrust/hip thrust_1200191.jpg,data/hip thrust/hip thrust_1200201.jpg,data/hip thrust/hip thrust_1200221.jpg,data/hip thrust/hip thrust_1200241.jpg,data/hip thrust/hip thrust_1200261.jpg,6
hip thrust,hip thrust|num_130,train,15,1.0,141.0,numeric,data/hip thrust/hip thrust_1300001.jpg,data/hip thrust/hip thrust_1300011.jpg,data/hip thrust/hip thrust_1300021.jpg,data/hip thrust/hip thrust_1300031.jpg,data/hip thrust/hip thrust_1300041.jpg,data/hip thrust/hip thrust_1300051.jpg,data/hip thrust/hip thrust_1300061.jpg,data/hip thrust/hip thrust_1300071.jpg,data/hip thrust/hip thrust_1300081.jpg,data/hip thrust/hip thrust_1300091.jpg,data/hip thrust/hip thrust_1300101.jpg,data/hip thrust/hip thrust_1300111.jpg,data/hip thrust/hip thrust_1300121.jpg,data/hip thrust/hip thrust_1300131.jpg,data/hip thrust/hip thrust_1300141.jpg,data/hip thrust/hip thrust_1300141.jpg,6
hip thrust,hip thrust|num_140,train,37,1.0,361.0,numeric,data/hip thrust/hip thrust_1400001.jpg,data/hip thrust/hip thrust_1400021.jpg,data/hip thrust/hip thrust_1400041.jpg,data/hip thrust/hip thrust_1400071.jpg,data/hip thrust/hip thrust_1400091.jpg,data/hip thrust/hip thrust_1400121.jpg,data/hip thrust/hip thrust_1400141.jpg,data/hip thrust/hip thrust_1400161.jpg,data/hip thrust/hip thrust_1400191.jpg,data/hip thrust/hip thrust_1400211.jpg,data/hip thrust/hip thrust_1400241.jpg,data/hip thrust/hip thrust_1400261.jpg,data/hip thrust/hip thrust_1400281.jpg,data/hip thrust/hip thrust_1400311.jpg,data/hip thrust/hip thrust_1400331.jpg,data/hip thrust/hip thrust_1400361.jpg,6
hip thrust,hip thrust|num_150,train,53,1.0,521.0,numeric,data/hip thrust/hip thrust_1500001.jpg,data/hip thrust/hip thrust_1500031.jpg,data/hip thrust/hip thrust_1500061.jpg,data/hip thrust/hip thrust_1500101.jpg,data/hip thrust/hip thrust_1500131.jpg,data/hip thrust/hip thrust_1500171.jpg,data/hip thrust/hip thrust_1500201.jpg,data/hip thrust/hip thrust_1500241.jpg,data/hip thrust/hip thrust_1500271.jpg,data/hip thrust/hip thrust_1500311.jpg,data/hip thrust/hip thrust_1500341.jpg,data/hip thrust/hip thrust_1500381.jpg,data/hip thrust/hip thrust_1500411.jpg,data/hip thrust/hip thrust_1500451.jpg,data/hip thrust/hip thrust_1500481.jpg,data/hip thrust/hip thrust_1500521.jpg,6
hip thrust,hip thrust|num_160,train,16,1.0,151.0,numeric,data/hip thrust/hip thrust_1600001.jpg,data/hip thrust/hip thrust_1600011.jpg,data/hip thrust/hip thrust_1600021.jpg,data/hip thrust/hip thrust_1600031.jpg,data/hip thrust/hip thrust_1600041.jpg,data/hip thrust/hip thrust_1600051.jpg,data/hip thrust/hip thrust_1600061.jpg,data/hip thrust/hip thrust_1600071.jpg,data/hip thrust/hip thrust_1600081.jpg,data/hip thrust/hip thrust_1600091.jpg,data/hip thrust/hip thrust_1600101.jpg,data/hip thrust/hip thrust_1600111.jpg,data/hip thrust/hip thrust_1600121.jpg,data/hip thrust/hip thrust_1600131.jpg,data/hip thrust/hip thrust_1600141.jpg,data/hip thrust/hip thrust_1600151.jpg,6
hip thrust,hip thrust|num_170,train,8,1.0,71.0,numeric,data/hip thrust/hip thrust_1700001.jpg,data/hip thrust/hip thrust_1700011.jpg,data/hip thrust/hip thrust_1700021.jpg,data/hip thrust/hip thrust_1700031.jpg,data/hip thrust/hip thrust_1700041.jpg,data/hip thrust/hip thrust_1700051.jpg,data/hip thrust/hip thrust_1700061.jpg,data/hip thrust/hip thrust_1700071.jpg,data/hip thrust/hip thrust_1700071.jpg,data/hip thrust/hip thrust_1700071.jpg,data/hip thrust/hip thrust_1700071.jpg,data/hip thrust/hip thrust_1700071.jpg,data/hip thrust/hip thrust_1700071.jpg,data/hip thrust/hip thrust_1700071.jpg,data/hip thrust/hip thrust_1700071.jpg,data/hip thrust/hip thrust_1700071.jpg,6
hip thrust,hip thrust|num_20,val,43,1.0,471.0,numeric,data/hip thrust/hip thrust_200001.jpg,data/hip thrust/hip thrust_200071.jpg,data/hip thrust/hip thrust_200101.jpg,data/hip thrust/hip thrust_200131.jpg,data/hip thrust/hip thrust_200161.jpg,data/hip thrust/hip thrust_200191.jpg,data/hip thrust/hip thrust_200211.jpg,data/hip thrust/hip thrust_200241.jpg,data/hip thrust/hip thrust_200271.jpg,data/hip thrust/hip thrust_200301.jpg,data/hip thrust/hip thrust_200331.jpg,data/hip thrust/hip thrust_200351.jpg,data/hip thrust/hip thrust_200381.jpg,data/hip thrust/hip thrust_200411.jpg,data/hip thrust/hip thrust_200441.jpg,data/hip thrust/hip thrust_200471.jpg,6
hip thrust,hip thrust|num_30,test,45,1.0,441.0,numeric,data/hip thrust/hip thrust_300001.jpg,data/hip thrust/hip thrust_300021.jpg,data/hip thrust/hip thrust_300051.jpg,data/hip thrust/hip thrust_300081.jpg,data/hip thrust/hip thrust_300111.jpg,data/hip thrust/hip thrust_300141.jpg,data/hip thrust/hip thrust_300171.jpg,data/hip thrust/hip thrust_300201.jpg,data/hip thrust/hip thrust_300231.jpg,data/hip thrust/hip thrust_300261.jpg,data/hip thrust/hip thrust_300291.jpg,data/hip thrust/hip thrust_300321.jpg,data/hip thrust/hip thrust_300351.jpg,data/hip thrust/hip thrust_300381.jpg,data/hip thrust/hip thrust_300411.jpg,data/hip thrust/hip thrust_300441.jpg,6
hip thrust,hip thrust|num_40,train,55,1.0,541.0,numeric,data/hip thrust/hip thrust_400001.jpg,data/hip thrust/hip thrust_400031.jpg,data/hip thrust/hip thrust_400071.jpg,data/hip thrust/hip thrust_400101.jpg,data/hip thrust/hip thrust_400141.jpg,data/hip thrust/hip thrust_400181.jpg,data/hip thrust/hip thrust_400211.jpg,data/hip thrust/hip thrust_400251.jpg,data/hip thrust/hip thrust_400281.jpg,data/hip thrust/hip thrust_400321.jpg,data/hip thrust/hip thrust_400361.jpg,data/hip thrust/hip thrust_400391.jpg,data/hip thrust/hip thrust_400431.jpg,data/hip thrust/hip thrust_400461.jpg,data/hip thrust/hip thrust_400501.jpg,data/hip thrust/hip thrust_400541.jpg,6
hip thrust,hip thrust|num_50,train,60,31.0,981.0,numeric,data/hip thrust/hip thrust_500031.jpg,data/hip thrust/hip thrust_500061.jpg,data/hip thrust/hip thrust_500101.jpg,data/hip thrust/hip thrust_500501.jpg,data/hip thrust/hip thrust_500541.jpg,data/hip thrust/hip thrust_500581.jpg,data/hip thrust/hip thrust_500621.jpg,data/hip thrust/hip thrust_500661.jpg,data/hip thrust/hip thrust_500701.jpg,data/hip thrust/hip thrust_500741.jpg,data/hip thrust/hip thrust_500781.jpg,data/hip thrust/hip thrust_500821.jpg,data/hip thrust/hip thrust_500861.jpg,data/hip thrust/hip thrust_500901.jpg,data/hip thrust/hip thrust_500941.jpg,data/hip thrust/hip thrust_500981.jpg,6
hip thrust,hip thrust|num_60,train,12,1.0,111.0,numeric,data/hip thrust/hip thrust_600001.jpg,data/hip thrust/hip thrust_600011.jpg,data/hip thrust/hip thrust_600021.jpg,data/hip thrust/hip thrust_600031.jpg,data/hip thrust/hip thrust_600041.jpg,data/hip thrust/hip thrust_600051.jpg,data/hip thrust/hip thrust_600061.jpg,data/hip thrust/hip thrust_600071.jpg,data/hip thrust/hip thrust_600081.jpg,data/hip thrust/hip thrust_600091.jpg,data/hip thrust/hip thrust_600101.jpg,data/hip thrust/hip thrust_600111.jpg,data/hip thrust/hip thrust_600111.jpg,data/hip thrust/hip thrust_600111.jpg,data/hip thrust/hip thrust_600111.jpg,data/hip thrust/hip thrust_600111.jpg,6
hip thrust,hip thrust|num_70,train,30,1.0,291.0,numeric,data/hip thrust/hip thrust_700001.jpg,data/hip thrust/hip thrust_700011.jpg,data/hip thrust/hip thrust_700031.jpg,data/hip thrust/hip thrust_700051.jpg,data/hip thrust/hip thrust_700071.jpg,data/hip thrust/hip thrust_700091.jpg,data/hip thrust/hip thrust_700111.jpg,data/hip thrust/hip thrust_700131.jpg,data/hip thrust/hip thrust_700151.jpg,data/hip thrust/hip thrust_700171.jpg,data/hip thrust/hip thrust_700191.jpg,data/hip thrust/hip thrust_700211.jpg,data/hip thrust/hip thrust_700231.jpg,data/hip thrust/hip thrust_700251.jpg,data/hip thrust/hip thrust_700271.jpg,data/hip thrust/hip thrust_700291.jpg,6
hip thrust,hip thrust|num_80,train,14,1.0,131.0,numeric,data/hip thrust/hip thrust_800001.jpg,data/hip thrust/hip thrust_800011.jpg,data/hip thrust/hip thrust_800021.jpg,data/hip thrust/hip thrust_800031.jpg,data/hip thrust/hip thrust_800041.jpg,data/hip thrust/hip thrust_800051.jpg,data/hip thrust/hip thrust_800061.jpg,data/hip thrust/hip thrust_800071.jpg,data/hip thrust/hip thrust_800081.jpg,data/hip thrust/hip thrust_800091.jpg,data/hip thrust/hip thrust_800101.jpg,data/hip thrust/hip thrust_800111.jpg,data/hip thrust/hip thrust_800121.jpg,data/hip thrust/hip thrust_800131.jpg,data/hip thrust/hip thrust_800131.jpg,data/hip thrust/hip thrust_800131.jpg,6
hip thrust,hip thrust|num_90,train,39,1.0,381.0,numeric,data/hip thrust/hip thrust_900001.jpg,data/hip thrust/hip thrust_900021.jpg,data/hip thrust/hip thrust_900051.jpg,data/hip thrust/hip thrust_900071.jpg,data/hip thrust/hip thrust_900101.jpg,data/hip thrust/hip thrust_900121.jpg,data/hip thrust/hip thrust_900151.jpg,data/hip thrust/hip thrust_900171.jpg,data/hip thrust/hip thrust_900201.jpg,data/hip thrust/hip thrust_900221.jpg,data/hip thrust/hip thrust_900251.jpg,data/hip thrust/hip thrust_900271.jpg,data/hip thrust/hip thrust_900301.jpg,data/hip thrust/hip thrust_900321.jpg,data/hip thrust/hip thrust_900351.jpg,data/hip thrust/hip thrust_900381.jpg,6
incline bench press,incline bench press|g1,train,1,,,alpha_num,data/incline bench press/incline bench press_g1.jpg,data/incline bench press/incline bench press_g1.jpg,data/incline bench press/incline bench press_g1.jpg,data/incline bench press/incline bench press_g1.jpg,data/incline bench press/incline bench press_g1.jpg,data/incline bench press/incline bench press_g1.jpg,data/incline bench press/incline bench press_g1.jpg,data/incline bench press/incline bench press_g1.jpg,data/incline bench press/incline bench press_g1.jpg,data/incline bench press/incline bench press_g1.jpg,data/incline bench press/incline bench press_g1.jpg,data/incline bench press/incline bench press_g1.jpg,data/incline bench press/incline bench press_g1.jpg,data/incline bench press/incline bench press_g1.jpg,data/incline bench press/incline bench press_g1.jpg,data/incline bench press/incline bench press_g1.jpg,7
incline bench press,incline bench press|g10,train,1,,,alpha_num,data/incline bench press/incline bench press_g10.jpg,data/incline bench press/incline bench press_g10.jpg,data/incline bench press/incline bench press_g10.jpg,data/incline bench press/incline bench press_g10.jpg,data/incline bench press/incline bench press_g10.jpg,data/incline bench press/incline bench press_g10.jpg,data/incline bench press/incline bench press_g10.jpg,data/incline bench press/incline bench press_g10.jpg,data/incline bench press/incline bench press_g10.jpg,data/incline bench press/incline bench press_g10.jpg,data/incline bench press/incline bench press_g10.jpg,data/incline bench press/incline bench press_g10.jpg,data/incline bench press/incline bench press_g10.jpg,data/incline bench press/incline bench press_g10.jpg,data/incline bench press/incline bench press_g10.jpg,data/incline bench press/incline bench press_g10.jpg,7
incline bench press,incline bench press|g11,train,1,,,alpha_num,data/incline bench press/incline bench press_g11.jpg,data/incline bench press/incline bench press_g11.jpg,data/incline bench press/incline bench press_g11.jpg,data/incline bench press/incline bench press_g11.jpg,data/incline bench press/incline bench press_g11.jpg,data/incline bench press/incline bench press_g11.jpg,data/incline bench press/incline bench press_g11.jpg,data/incline bench press/incline bench press_g11.jpg,data/incline bench press/incline bench press_g11.jpg,data/incline bench press/incline bench press_g11.jpg,data/incline bench press/incline bench press_g11.jpg,data/incline bench press/incline bench press_g11.jpg,data/incline bench press/incline bench press_g11.jpg,data/incline bench press/incline bench press_g11.jpg,data/incline bench press/incline bench press_g11.jpg,data/incline bench press/incline bench press_g11.jpg,7
incline bench press,incline bench press|g12,train,1,,,alpha_num,data/incline bench press/incline bench press_g12.jpg,data/incline bench press/incline bench press_g12.jpg,data/incline bench press/incline bench press_g12.jpg,data/incline bench press/incline bench press_g12.jpg,data/incline bench press/incline bench press_g12.jpg,data/incline bench press/incline bench press_g12.jpg,data/incline bench press/incline bench press_g12.jpg,data/incline bench press/incline bench press_g12.jpg,data/incline bench press/incline bench press_g12.jpg,data/incline bench press/incline bench press_g12.jpg,data/incline bench press/incline bench press_g12.jpg,data/incline bench press/incline bench press_g12.jpg,data/incline bench press/incline bench press_g12.jpg,data/incline bench press/incline bench press_g12.jpg,data/incline bench press/incline bench press_g12.jpg,data/incline bench press/incline bench press_g12.jpg,7
incline bench press,incline bench press|g13,train,1,,,alpha_num,data/incline bench press/incline bench press_g13.jpg,data/incline bench press/incline bench press_g13.jpg,data/incline bench press/incline bench press_g13.jpg,data/incline bench press/incline bench press_g13.jpg,data/incline bench press/incline bench press_g13.jpg,data/incline bench press/incline bench press_g13.jpg,data/incline bench press/incline bench press_g13.jpg,data/incline bench press/incline bench press_g13.jpg,data/incline bench press/incline bench press_g13.jpg,data/incline bench press/incline bench press_g13.jpg,data/incline bench press/incline bench press_g13.jpg,data/incline bench press/incline bench press_g13.jpg,data/incline bench press/incline bench press_g13.jpg,data/incline bench press/incline bench press_g13.jpg,data/incline bench press/incline bench press_g13.jpg,data/incline bench press/incline bench press_g13.jpg,7
incline bench press,incline bench press|g14,train,1,,,alpha_num,data/incline bench press/incline bench press_g14.jpg,data/incline bench press/incline bench press_g14.jpg,data/incline bench press/incline bench press_g14.jpg,data/incline bench press/incline bench press_g14.jpg,data/incline bench press/incline bench press_g14.jpg,data/incline bench press/incline bench press_g14.jpg,data/incline bench press/incline bench press_g14.jpg,data/incline bench press/incline bench press_g14.jpg,data/incline bench press/incline bench press_g14.jpg,data/incline bench press/incline bench press_g14.jpg,data/incline bench press/incline bench press_g14.jpg,data/incline bench press/incline bench press_g14.jpg,data/incline bench press/incline bench press_g14.jpg,data/incline bench press/incline bench press_g14.jpg,data/incline bench press/incline bench press_g14.jpg,data/incline bench press/incline bench press_g14.jpg,7
incline bench press,incline bench press|g15,train,1,,,alpha_num,data/incline bench press/incline bench press_g15.jpg,data/incline bench press/incline bench press_g15.jpg,data/incline bench press/incline bench press_g15.jpg,data/incline bench press/incline bench press_g15.jpg,data/incline bench press/incline bench press_g15.jpg,data/incline bench press/incline bench press_g15.jpg,data/incline bench press/incline bench press_g15.jpg,data/incline bench press/incline bench press_g15.jpg,data/incline bench press/incline bench press_g15.jpg,data/incline bench press/incline bench press_g15.jpg,data/incline bench press/incline bench press_g15.jpg,data/incline bench press/incline bench press_g15.jpg,data/incline bench press/incline bench press_g15.jpg,data/incline bench press/incline bench press_g15.jpg,data/incline bench press/incline bench press_g15.jpg,data/incline bench press/incline bench press_g15.jpg,7
incline bench press,incline bench press|g16,train,1,,,alpha_num,data/incline bench press/incline bench press_g16.jpg,data/incline bench press/incline bench press_g16.jpg,data/incline bench press/incline bench press_g16.jpg,data/incline bench press/incline bench press_g16.jpg,data/incline bench press/incline bench press_g16.jpg,data/incline bench press/incline bench press_g16.jpg,data/incline bench press/incline bench press_g16.jpg,data/incline bench press/incline bench press_g16.jpg,data/incline bench press/incline bench press_g16.jpg,data/incline bench press/incline bench press_g16.jpg,data/incline bench press/incline bench press_g16.jpg,data/incline bench press/incline bench press_g16.jpg,data/incline bench press/incline bench press_g16.jpg,data/incline bench press/incline bench press_g16.jpg,data/incline bench press/incline bench press_g16.jpg,data/incline bench press/incline bench press_g16.jpg,7
incline bench press,incline bench press|g17,train,1,,,alpha_num,data/incline bench press/incline bench press_g17.jpg,data/incline bench press/incline bench press_g17.jpg,data/incline bench press/incline bench press_g17.jpg,data/incline bench press/incline bench press_g17.jpg,data/incline bench press/incline bench press_g17.jpg,data/incline bench press/incline bench press_g17.jpg,data/incline bench press/incline bench press_g17.jpg,data/incline bench press/incline bench press_g17.jpg,data/incline bench press/incline bench press_g17.jpg,data/incline bench press/incline bench press_g17.jpg,data/incline bench press/incline bench press_g17.jpg,data/incline bench press/incline bench press_g17.jpg,data/incline bench press/incline bench press_g17.jpg,data/incline bench press/incline bench press_g17.jpg,data/incline bench press/incline bench press_g17.jpg,data/incline bench press/incline bench press_g17.jpg,7
incline bench press,incline bench press|g18,train,1,,,alpha_num,data/incline bench press/incline bench press_g18.jpg,data/incline bench press/incline bench press_g18.jpg,data/incline bench press/incline bench press_g18.jpg,data/incline bench press/incline bench press_g18.jpg,data/incline bench press/incline bench press_g18.jpg,data/incline bench press/incline bench press_g18.jpg,data/incline bench press/incline bench press_g18.jpg,data/incline bench press/incline bench press_g18.jpg,data/incline bench press/incline bench press_g18.jpg,data/incline bench press/incline bench press_g18.jpg,data/incline bench press/incline bench press_g18.jpg,data/incline bench press/incline bench press_g18.jpg,data/incline bench press/incline bench press_g18.jpg,data/incline bench press/incline bench press_g18.jpg,data/incline bench press/incline bench press_g18.jpg,data/incline bench press/incline bench press_g18.jpg,7
incline bench press,incline bench press|g19,train,1,,,alpha_num,data/incline bench press/incline bench press_g19.jpg,data/incline bench press/incline bench press_g19.jpg,data/incline bench press/incline bench press_g19.jpg,data/incline bench press/incline bench press_g19.jpg,data/incline bench press/incline bench press_g19.jpg,data/incline bench press/incline bench press_g19.jpg,data/incline bench press/incline bench press_g19.jpg,data/incline bench press/incline bench press_g19.jpg,data/incline bench press/incline bench press_g19.jpg,data/incline bench press/incline bench press_g19.jpg,data/incline bench press/incline bench press_g19.jpg,data/incline bench press/incline bench press_g19.jpg,data/incline bench press/incline bench press_g19.jpg,data/incline bench press/incline bench press_g19.jpg,data/incline bench press/incline bench press_g19.jpg,data/incline bench press/incline bench press_g19.jpg,7
incline bench press,incline bench press|g2,train,1,,,alpha_num,data/incline bench press/incline bench press_g2.jpg,data/incline bench press/incline bench press_g2.jpg,data/incline bench press/incline bench press_g2.jpg,data/incline bench press/incline bench press_g2.jpg,data/incline bench press/incline bench press_g2.jpg,data/incline bench press/incline bench press_g2.jpg,data/incline bench press/incline bench press_g2.jpg,data/incline bench press/incline bench press_g2.jpg,data/incline bench press/incline bench press_g2.jpg,data/incline bench press/incline bench press_g2.jpg,data/incline bench press/incline bench press_g2.jpg,data/incline bench press/incline bench press_g2.jpg,data/incline bench press/incline bench press_g2.jpg,data/incline bench press/incline bench press_g2.jpg,data/incline bench press/incline bench press_g2.jpg,data/incline bench press/incline bench press_g2.jpg,7
incline bench press,incline bench press|g20,train,1,,,alpha_num,data/incline bench press/incline bench press_g20.jpg,data/incline bench press/incline bench press_g20.jpg,data/incline bench press/incline bench press_g20.jpg,data/incline bench press/incline bench press_g20.jpg,data/incline bench press/incline bench press_g20.jpg,data/incline bench press/incline bench press_g20.jpg,data/incline bench press/incline bench press_g20.jpg,data/incline bench press/incline bench press_g20.jpg,data/incline bench press/incline bench press_g20.jpg,data/incline bench press/incline bench press_g20.jpg,data/incline bench press/incline bench press_g20.jpg,data/incline bench press/incline bench press_g20.jpg,data/incline bench press/incline bench press_g20.jpg,data/incline bench press/incline bench press_g20.jpg,data/incline bench press/incline bench press_g20.jpg,data/incline bench press/incline bench press_g20.jpg,7
incline bench press,incline bench press|g21,train,1,,,alpha_num,data/incline bench press/incline bench press_g21.jpg,data/incline bench press/incline bench press_g21.jpg,data/incline bench press/incline bench press_g21.jpg,data/incline bench press/incline bench press_g21.jpg,data/incline bench press/incline bench press_g21.jpg,data/incline bench press/incline bench press_g21.jpg,data/incline bench press/incline bench press_g21.jpg,data/incline bench press/incline bench press_g21.jpg,data/incline bench press/incline bench press_g21.jpg,data/incline bench press/incline bench press_g21.jpg,data/incline bench press/incline bench press_g21.jpg,data/incline bench press/incline bench press_g21.jpg,data/incline bench press/incline bench press_g21.jpg,data/incline bench press/incline bench press_g21.jpg,data/incline bench press/incline bench press_g21.jpg,data/incline bench press/incline bench press_g21.jpg,7
incline bench press,incline bench press|g22,val,1,,,alpha_num,data/incline bench press/incline bench press_g22.jpg,data/incline bench press/incline bench press_g22.jpg,data/incline bench press/incline bench press_g22.jpg,data/incline bench press/incline bench press_g22.jpg,data/incline bench press/incline bench press_g22.jpg,data/incline bench press/incline bench press_g22.jpg,data/incline bench press/incline bench press_g22.jpg,data/incline bench press/incline bench press_g22.jpg,data/incline bench press/incline bench press_g22.jpg,data/incline bench press/incline bench press_g22.jpg,data/incline bench press/incline bench press_g22.jpg,data/incline bench press/incline bench press_g22.jpg,data/incline bench press/incline bench press_g22.jpg,data/incline bench press/incline bench press_g22.jpg,data/incline bench press/incline bench press_g22.jpg,data/incline bench press/incline bench press_g22.jpg,7
incline bench press,incline bench press|g23,train,1,,,alpha_num,data/incline bench press/incline bench press_g23.jpg,data/incline bench press/incline bench press_g23.jpg,data/incline bench press/incline bench press_g23.jpg,data/incline bench press/incline bench press_g23.jpg,data/incline bench press/incline bench press_g23.jpg,data/incline bench press/incline bench press_g23.jpg,data/incline bench press/incline bench press_g23.jpg,data/incline bench press/incline bench press_g23.jpg,data/incline bench press/incline bench press_g23.jpg,data/incline bench press/incline bench press_g23.jpg,data/incline bench press/incline bench press_g23.jpg,data/incline bench press/incline bench press_g23.jpg,data/incline bench press/incline bench press_g23.jpg,data/incline bench press/incline bench press_g23.jpg,data/incline bench press/incline bench press_g23.jpg,data/incline bench press/incline bench press_g23.jpg,7
incline bench press,incline bench press|g24,val,1,,,alpha_num,data/incline bench press/incline bench press_g24.jpg,data/incline bench press/incline bench press_g24.jpg,data/incline bench press/incline bench press_g24.jpg,data/incline bench press/incline bench press_g24.jpg,data/incline bench press/incline bench press_g24.jpg,data/incline bench press/incline bench press_g24.jpg,data/incline bench press/incline bench press_g24.jpg,data/incline bench press/incline bench press_g24.jpg,data/incline bench press/incline bench press_g24.jpg,data/incline bench press/incline bench press_g24.jpg,data/incline bench press/incline bench press_g24.jpg,data/incline bench press/incline bench press_g24.jpg,data/incline bench press/incline bench press_g24.jpg,data/incline bench press/incline bench press_g24.jpg,data/incline bench press/incline bench press_g24.jpg,data/incline bench press/incline bench press_g24.jpg,7
incline bench press,incline bench press|g25,train,1,,,alpha_num,data/incline bench press/incline bench press_g25.jpg,data/incline bench press/incline bench press_g25.jpg,data/incline bench press/incline bench press_g25.jpg,data/incline bench press/incline bench press_g25.jpg,data/incline bench press/incline bench press_g25.jpg,data/incline bench press/incline bench press_g25.jpg,data/incline bench press/incline bench press_g25.jpg,data/incline bench press/incline bench press_g25.jpg,data/incline bench press/incline bench press_g25.jpg,data/incline bench press/incline bench press_g25.jpg,data/incline bench press/incline bench press_g25.jpg,data/incline bench press/incline bench press_g25.jpg,data/incline bench press/incline bench press_g25.jpg,data/incline bench press/incline bench press_g25.jpg,data/incline bench press/incline bench press_g25.jpg,data/incline bench press/incline bench press_g25.jpg,7
incline bench press,incline bench press|g26,train,1,,,alpha_num,data/incline bench press/incline bench press_g26.jpg,data/incline bench press/incline bench press_g26.jpg,data/incline bench press/incline bench press_g26.jpg,data/incline bench press/incline bench press_g26.jpg,data/incline bench press/incline bench press_g26.jpg,data/incline bench press/incline bench press_g26.jpg,data/incline bench press/incline bench press_g26.jpg,data/incline bench press/incline bench press_g26.jpg,data/incline bench press/incline bench press_g26.jpg,data/incline bench press/incline bench press_g26.jpg,data/incline bench press/incline bench press_g26.jpg,data/incline bench press/incline bench press_g26.jpg,data/incline bench press/incline bench press_g26.jpg,data/incline bench press/incline bench press_g26.jpg,data/incline bench press/incline bench press_g26.jpg,data/incline bench press/incline bench press_g26.jpg,7
incline bench press,incline bench press|g27,test,1,,,alpha_num,data/incline bench press/incline bench press_g27.jpg,data/incline bench press/incline bench press_g27.jpg,data/incline bench press/incline bench press_g27.jpg,data/incline bench press/incline bench press_g27.jpg,data/incline bench press/incline bench press_g27.jpg,data/incline bench press/incline bench press_g27.jpg,data/incline bench press/incline bench press_g27.jpg,data/incline bench press/incline bench press_g27.jpg,data/incline bench press/incline bench press_g27.jpg,data/incline bench press/incline bench press_g27.jpg,data/incline bench press/incline bench press_g27.jpg,data/incline bench press/incline bench press_g27.jpg,data/incline bench press/incline bench press_g27.jpg,data/incline bench press/incline bench press_g27.jpg,data/incline bench press/incline bench press_g27.jpg,data/incline bench press/incline bench press_g27.jpg,7
incline bench press,incline bench press|g28,train,1,,,alpha_num,data/incline bench press/incline bench press_g28.jpg,data/incline bench press/incline bench press_g28.jpg,data/incline bench press/incline bench press_g28.jpg,data/incline bench press/incline bench press_g28.jpg,data/incline bench press/incline bench press_g28.jpg,data/incline bench press/incline bench press_g28.jpg,data/incline bench press/incline bench press_g28.jpg,data/incline bench press/incline bench press_g28.jpg,data/incline bench press/incline bench press_g28.jpg,data/incline bench press/incline bench press_g28.jpg,data/incline bench press/incline bench press_g28.jpg,data/incline bench press/incline bench press_g28.jpg,data/incline bench press/incline bench press_g28.jpg,data/incline bench press/incline bench press_g28.jpg,data/incline bench press/incline bench press_g28.jpg,data/incline bench press/incline bench press_g28.jpg,7
incline bench press,incline bench press|g29,train,1,,,alpha_num,data/incline bench press/incline bench press_g29.jpg,data/incline bench press/incline bench press_g29.jpg,data/incline bench press/incline bench press_g29.jpg,data/incline bench press/incline bench press_g29.jpg,data/incline bench press/incline bench press_g29.jpg,data/incline bench press/incline bench press_g29.jpg,data/incline bench press/incline bench press_g29.jpg,data/incline bench press/incline bench press_g29.jpg,data/incline bench press/incline bench press_g29.jpg,data/incline bench press/incline bench press_g29.jpg,data/incline bench press/incline bench press_g29.jpg,data/incline bench press/incline bench press_g29.jpg,data/incline bench press/incline bench press_g29.jpg,data/incline bench press/incline bench press_g29.jpg,data/incline bench press/incline bench press_g29.jpg,data/incline bench press/incline bench press_g29.jpg,7
incline bench press,incline bench press|g3,train,1,,,alpha_num,data/incline bench press/incline bench press_g3.jpg,data/incline bench press/incline bench press_g3.jpg,data/incline bench press/incline bench press_g3.jpg,data/incline bench press/incline bench press_g3.jpg,data/incline bench press/incline bench press_g3.jpg,data/incline bench press/incline bench press_g3.jpg,data/incline bench press/incline bench press_g3.jpg,data/incline bench press/incline bench press_g3.jpg,data/incline bench press/incline bench press_g3.jpg,data/incline bench press/incline bench press_g3.jpg,data/incline bench press/incline bench press_g3.jpg,data/incline bench press/incline bench press_g3.jpg,data/incline bench press/incline bench press_g3.jpg,data/incline bench press/incline bench press_g3.jpg,data/incline bench press/incline bench press_g3.jpg,data/incline bench press/incline bench press_g3.jpg,7
incline bench press,incline bench press|g30,train,1,,,alpha_num,data/incline bench press/incline bench press_g30.jpg,data/incline bench press/incline bench press_g30.jpg,data/incline bench press/incline bench press_g30.jpg,data/incline bench press/incline bench press_g30.jpg,data/incline bench press/incline bench press_g30.jpg,data/incline bench press/incline bench press_g30.jpg,data/incline bench press/incline bench press_g30.jpg,data/incline bench press/incline bench press_g30.jpg,data/incline bench press/incline bench press_g30.jpg,data/incline bench press/incline bench press_g30.jpg,data/incline bench press/incline bench press_g30.jpg,data/incline bench press/incline bench press_g30.jpg,data/incline bench press/incline bench press_g30.jpg,data/incline bench press/incline bench press_g30.jpg,data/incline bench press/incline bench press_g30.jpg,data/incline bench press/incline bench press_g30.jpg,7
incline bench press,incline bench press|g31,train,1,,,alpha_num,data/incline bench press/incline bench press_g31.jpg,data/incline bench press/incline bench press_g31.jpg,data/incline bench press/incline bench press_g31.jpg,data/incline bench press/incline bench press_g31.jpg,data/incline bench press/incline bench press_g31.jpg,data/incline bench press/incline bench press_g31.jpg,data/incline bench press/incline bench press_g31.jpg,data/incline bench press/incline bench press_g31.jpg,data/incline bench press/incline bench press_g31.jpg,data/incline bench press/incline bench press_g31.jpg,data/incline bench press/incline bench press_g31.jpg,data/incline bench press/incline bench press_g31.jpg,data/incline bench press/incline bench press_g31.jpg,data/incline bench press/incline bench press_g31.jpg,data/incline bench press/incline bench press_g31.jpg,data/incline bench press/incline bench press_g31.jpg,7
incline bench press,incline bench press|g32,train,1,,,alpha_num,data/incline bench press/incline bench press_g32.jpg,data/incline bench press/incline bench press_g32.jpg,data/incline bench press/incline bench press_g32.jpg,data/incline bench press/incline bench press_g32.jpg,data/incline bench press/incline bench press_g32.jpg,data/incline bench press/incline bench press_g32.jpg,data/incline bench press/incline bench press_g32.jpg,data/incline bench press/incline bench press_g32.jpg,data/incline bench press/incline bench press_g32.jpg,data/incline bench press/incline bench press_g32.jpg,data/incline bench press/incline bench press_g32.jpg,data/incline bench press/incline bench press_g32.jpg,data/incline bench press/incline bench press_g32.jpg,data/incline bench press/incline bench press_g32.jpg,data/incline bench press/incline bench press_g32.jpg,data/incline bench press/incline bench press_g32.jpg,7
incline bench press,incline bench press|g4,val,1,,,alpha_num,data/incline bench press/incline bench press_g4.jpg,data/incline bench press/incline bench press_g4.jpg,data/incline bench press/incline bench press_g4.jpg,data/incline bench press/incline bench press_g4.jpg,data/incline bench press/incline bench press_g4.jpg,data/incline bench press/incline bench press_g4.jpg,data/incline bench press/incline bench press_g4.jpg,data/incline bench press/incline bench press_g4.jpg,data/incline bench press/incline bench press_g4.jpg,data/incline bench press/incline bench press_g4.jpg,data/incline bench press/incline bench press_g4.jpg,data/incline bench press/incline bench press_g4.jpg,data/incline bench press/incline bench press_g4.jpg,data/incline bench press/incline bench press_g4.jpg,data/incline bench press/incline bench press_g4.jpg,data/incline bench press/incline bench press_g4.jpg,7
incline bench press,incline bench press|g5,train,1,,,alpha_num,data/incline bench press/incline bench press_g5.jpg,data/incline bench press/incline bench press_g5.jpg,data/incline bench press/incline bench press_g5.jpg,data/incline bench press/incline bench press_g5.jpg,data/incline bench press/incline bench press_g5.jpg,data/incline bench press/incline bench press_g5.jpg,data/incline bench press/incline bench press_g5.jpg,data/incline bench press/incline bench press_g5.jpg,data/incline bench press/incline bench press_g5.jpg,data/incline bench press/incline bench press_g5.jpg,data/incline bench press/incline bench press_g5.jpg,data/incline bench press/incline bench press_g5.jpg,data/incline bench press/incline bench press_g5.jpg,data/incline bench press/incline bench press_g5.jpg,data/incline bench press/incline bench press_g5.jpg,data/incline bench press/incline bench press_g5.jpg,7
incline bench press,incline bench press|g6,train,1,,,alpha_num,data/incline bench press/incline bench press_g6.jpg,data/incline bench press/incline bench press_g6.jpg,data/incline bench press/incline bench press_g6.jpg,data/incline bench press/incline bench press_g6.jpg,data/incline bench press/incline bench press_g6.jpg,data/incline bench press/incline bench press_g6.jpg,data/incline bench press/incline bench press_g6.jpg,data/incline bench press/incline bench press_g6.jpg,data/incline bench press/incline bench press_g6.jpg,data/incline bench press/incline bench press_g6.jpg,data/incline bench press/incline bench press_g6.jpg,data/incline bench press/incline bench press_g6.jpg,data/incline bench press/incline bench press_g6.jpg,data/incline bench press/incline bench press_g6.jpg,data/incline bench press/incline bench press_g6.jpg,data/incline bench press/incline bench press_g6.jpg,7
incline bench press,incline bench press|g7,train,1,,,alpha_num,data/incline bench press/incline bench press_g7.jpg,data/incline bench press/incline bench press_g7.jpg,data/incline bench press/incline bench press_g7.jpg,data/incline bench press/incline bench press_g7.jpg,data/incline bench press/incline bench press_g7.jpg,data/incline bench press/incline bench press_g7.jpg,data/incline bench press/incline bench press_g7.jpg,data/incline bench press/incline bench press_g7.jpg,data/incline bench press/incline bench press_g7.jpg,data/incline bench press/incline bench press_g7.jpg,data/incline bench press/incline bench press_g7.jpg,data/incline bench press/incline bench press_g7.jpg,data/incline bench press/incline bench press_g7.jpg,data/incline bench press/incline bench press_g7.jpg,data/incline bench press/incline bench press_g7.jpg,data/incline bench press/incline bench press_g7.jpg,7
incline bench press,incline bench press|g8,train,1,,,alpha_num,data/incline bench press/incline bench press_g8.jpg,data/incline bench press/incline bench press_g8.jpg,data/incline bench press/incline bench press_g8.jpg,data/incline bench press/incline bench press_g8.jpg,data/incline bench press/incline bench press_g8.jpg,data/incline bench press/incline bench press_g8.jpg,data/incline bench press/incline bench press_g8.jpg,data/incline bench press/incline bench press_g8.jpg,data/incline bench press/incline bench press_g8.jpg,data/incline bench press/incline bench press_g8.jpg,data/incline bench press/incline bench press_g8.jpg,data/incline bench press/incline bench press_g8.jpg,data/incline bench press/incline bench press_g8.jpg,data/incline bench press/incline bench press_g8.jpg,data/incline bench press/incline bench press_g8.jpg,data/incline bench press/incline bench press_g8.jpg,7
incline bench press,incline bench press|g9,train,1,,,alpha_num,data/incline bench press/incline bench press_g9.jpg,data/incline bench press/incline bench press_g9.jpg,data/incline bench press/incline bench press_g9.jpg,data/incline bench press/incline bench press_g9.jpg,data/incline bench press/incline bench press_g9.jpg,data/incline bench press/incline bench press_g9.jpg,data/incline bench press/incline bench press_g9.jpg,data/incline bench press/incline bench press_g9.jpg,data/incline bench press/incline bench press_g9.jpg,data/incline bench press/incline bench press_g9.jpg,data/incline bench press/incline bench press_g9.jpg,data/incline bench press/incline bench press_g9.jpg,data/incline bench press/incline bench press_g9.jpg,data/incline bench press/incline bench press_g9.jpg,data/incline bench press/incline bench press_g9.jpg,data/incline bench press/incline bench press_g9.jpg,7
incline bench press,incline bench press|num_10,train,12,1.0,111.0,numeric,data/incline bench press/incline bench press_100001.jpg,data/incline bench press/incline bench press_100011.jpg,data/incline bench press/incline bench press_100021.jpg,data/incline bench press/incline bench press_100031.jpg,data/incline bench press/incline bench press_100041.jpg,data/incline bench press/incline bench press_100051.jpg,data/incline bench press/incline bench press_100061.jpg,data/incline bench press/incline bench press_100071.jpg,data/incline bench press/incline bench press_100081.jpg,data/incline bench press/incline bench press_100091.jpg,data/incline bench press/incline bench press_100101.jpg,data/incline bench press/incline bench press_100111.jpg,data/incline bench press/incline bench press_100111.jpg,data/incline bench press/incline bench press_100111.jpg,data/incline bench press/incline bench press_100111.jpg,data/incline bench press/incline bench press_100111.jpg,7
incline bench press,incline bench press|num_100,train,6,1.0,51.0,numeric,data/incline bench press/incline bench press_1000001.jpg,data/incline bench press/incline bench press_1000011.jpg,data/incline bench press/incline bench press_1000021.jpg,data/incline bench press/incline bench press_1000031.jpg,data/incline bench press/incline bench press_1000041.jpg,data/incline bench press/incline bench press_1000051.jpg,data/incline bench press/incline bench press_1000051.jpg,data/incline bench press/incline bench press_1000051.jpg,data/incline bench press/incline bench press_1000051.jpg,data/incline bench press/incline bench press_1000051.jpg,data/incline bench press/incline bench press_1000051.jpg,data/incline bench press/incline bench press_1000051.jpg,data/incline bench press/incline bench press_1000051.jpg,data/incline bench press/incline bench press_1000051.jpg,data/incline bench press/incline bench press_1000051.jpg,data/incline bench press/incline bench press_1000051.jpg,7
incline bench press,incline bench press|num_110,train,5,1.0,41.0,numeric,data/incline bench press/incline bench press_1100001.jpg,data/incline bench press/incline bench press_1100011.jpg,data/incline bench press/incline bench press_1100021.jpg,data/incline bench press/incline bench press_1100031.jpg,data/incline bench press/incline bench press_1100041.jpg,data/incline bench press/incline bench press_1100041.jpg,data/incline bench press/incline bench press_1100041.jpg,data/incline bench press/incline bench press_1100041.jpg,data/incline bench press/incline bench press_1100041.jpg,data/incline bench press/incline bench press_1100041.jpg,data/incline bench press/incline bench press_1100041.jpg,data/incline bench press/incline bench press_1100041.jpg,data/incline bench press/incline bench press_1100041.jpg,data/incline bench press/incline bench press_1100041.jpg,data/incline bench press/incline bench press_1100041.jpg,data/incline bench press/incline bench press_1100041.jpg,7
incline bench press,incline bench press|num_120,train,6,1.0,51.0,numeric,data/incline bench press/incline bench press_1200001.jpg,data/incline bench press/incline bench press_1200011.jpg,data/incline bench press/incline bench press_1200021.jpg,data/incline bench press/incline bench press_1200031.jpg,data/incline bench press/incline bench press_1200041.jpg,data/incline bench press/incline bench press_1200051.jpg,data/incline bench press/incline bench press_1200051.jpg,data/incline bench press/incline bench press_1200051.jpg,data/incline bench press/incline bench press_1200051.jpg,data/incline bench press/incline bench press_1200051.jpg,data/incline bench press/incline bench press_1200051.jpg,data/incline bench press/incline bench press_1200051.jpg,data/incline bench press/incline bench press_1200051.jpg,data/incline bench press/incline bench press_1200051.jpg,data/incline bench press/incline bench press_1200051.jpg,data/incline bench press/incline bench press_1200051.jpg,7
incline bench press,incline bench press|num_130,train,5,1.0,41.0,numeric,data/incline bench press/incline bench press_1300001.jpg,data/incline bench press/incline bench press_1300011.jpg,data/incline bench press/incline bench press_1300021.jpg,data/incline bench press/incline bench press_1300031.jpg,data/incline bench press/incline bench press_1300041.jpg,data/incline bench press/incline bench press_1300041.jpg,data/incline bench press/incline bench press_1300041.jpg,data/incline bench press/incline bench press_1300041.jpg,data/incline bench press/incline bench press_1300041.jpg,data/incline bench press/incline bench press_1300041.jpg,data/incline bench press/incline bench press_1300041.jpg,data/incline bench press/incline bench press_1300041.jpg,data/incline bench press/incline bench press_1300041.jpg,data/incline bench press/incline bench press_1300041.jpg,data/incline bench press/incline bench press_1300041.jpg,data/incline bench press/incline bench press_1300041.jpg,7
incline bench press,incline bench press|num_140,train,7,1.0,61.0,numeric,data/incline bench press/incline bench press_1400001.jpg,data/incline bench press/incline bench press_1400011.jpg,data/incline bench press/incline bench press_1400021.jpg,data/incline bench press/incline bench press_1400031.jpg,data/incline bench press/incline bench press_1400041.jpg,data/incline bench press/incline bench press_1400051.jpg,data/incline bench press/incline bench press_1400061.jpg,data/incline bench press/incline bench press_1400061.jpg,data/incline bench press/incline bench press_1400061.jpg,data/incline bench press/incline bench press_1400061.jpg,data/incline bench press/incline bench press_1400061.jpg,data/incline bench press/incline bench press_1400061.jpg,data/incline bench press/incline bench press_1400061.jpg,data/incline bench press/incline bench press_1400061.jpg,data/incline bench press/incline bench press_1400061.jpg,data/incline bench press/incline bench press_1400061.jpg,7
incline bench press,incline bench press|num_150,train,9,1.0,81.0,numeric,data/incline bench press/incline bench press_1500001.jpg,data/incline bench press/incline bench press_1500011.jpg,data/incline bench press/incline bench press_1500021.jpg,data/incline bench press/incline bench press_1500031.jpg,data/incline bench press/incline bench press_1500041.jpg,data/incline bench press/incline bench press_1500051.jpg,data/incline bench press/incline bench press_1500061.jpg,data/incline bench press/incline bench press_1500071.jpg,data/incline bench press/incline bench press_1500081.jpg,data/incline bench press/incline bench press_1500081.jpg,data/incline bench press/incline bench press_1500081.jpg,data/incline bench press/incline bench press_1500081.jpg,data/incline bench press/incline bench press_1500081.jpg,data/incline bench press/incline bench press_1500081.jpg,data/incline bench press/incline bench press_1500081.jpg,data/incline bench press/incline bench press_1500081.jpg,7
incline bench press,incline bench press|num_160,train,5,1.0,41.0,numeric,data/incline bench press/incline bench press_1600001.jpg,data/incline bench press/incline bench press_1600011.jpg,data/incline bench press/incline bench press_1600021.jpg,data/incline bench press/incline bench press_1600031.jpg,data/incline bench press/incline bench press_1600041.jpg,data/incline bench press/incline bench press_1600041.jpg,data/incline bench press/incline bench press_1600041.jpg,data/incline bench press/incline bench press_1600041.jpg,data/incline bench press/incline bench press_1600041.jpg,data/incline bench press/incline bench press_1600041.jpg,data/incline bench press/incline bench press_1600041.jpg,data/incline bench press/incline bench press_1600041.jpg,data/incline bench press/incline bench press_1600041.jpg,data/incline bench press/incline bench press_1600041.jpg,data/incline bench press/incline bench press_1600041.jpg,data/incline bench press/incline bench press_1600041.jpg,7
incline bench press,incline bench press|num_170,train,7,1.0,61.0,numeric,data/incline bench press/incline bench press_1700001.jpg,data/incline bench press/incline bench press_1700011.jpg,data/incline bench press/incline bench press_1700021.jpg,data/incline bench press/incline bench press_1700031.jpg,data/incline bench press/incline bench press_1700041.jpg,data/incline bench press/incline bench press_1700051.jpg,data/incline bench press/incline bench press_1700061.jpg,data/incline bench press/incline bench press_1700061.jpg,data/incline bench press/incline bench press_1700061.jpg,data/incline bench press/incline bench press_1700061.jpg,data/incline bench press/incline bench press_1700061.jpg,data/incline bench press/incline bench press_1700061.jpg,data/incline bench press/incline bench press_1700061.jpg,data/incline bench press/incline bench press_1700061.jpg,data/incline bench press/incline bench press_1700061.jpg,data/incline bench press/incline bench press_1700061.jpg,7
incline bench press,incline bench press|num_180,train,9,1.0,81.0,numeric,data/incline bench press/incline bench press_1800001.jpg,data/incline bench press/incline bench press_1800011.jpg,data/incline bench press/incline bench press_1800021.jpg,data/incline bench press/incline bench press_1800031.jpg,data/incline bench press/incline bench press_1800041.jpg,data/incline bench press/incline bench press_1800051.jpg,data/incline bench press/incline bench press_1800061.jpg,data/incline bench press/incline bench press_1800071.jpg,data/incline bench press/incline bench press_1800081.jpg,data/incline bench press/incline bench press_1800081.jpg,data/incline bench press/incline bench press_1800081.jpg,data/incline bench press/incline bench press_1800081.jpg,data/incline bench press/incline bench press_1800081.jpg,data/incline bench press/incline bench press_1800081.jpg,data/incline bench press/incline bench press_1800081.jpg,data/incline bench press/incline bench press_1800081.jpg,7
incline bench press,incline bench press|num_190,train,9,1.0,81.0,numeric,data/incline bench press/incline bench press_1900001.jpg,data/incline bench press/incline bench press_1900011.jpg,data/incline bench press/incline bench press_1900021.jpg,data/incline bench press/incline bench press_1900031.jpg,data/incline bench press/incline bench press_1900041.jpg,data/incline bench press/incline bench press_1900051.jpg,data/incline bench press/incline bench press_1900061.jpg,data/incline bench press/incline bench press_1900071.jpg,data/incline bench press/incline bench press_1900081.jpg,data/incline bench press/incline bench press_1900081.jpg,data/incline bench press/incline bench press_1900081.jpg,data/incline bench press/incline bench press_1900081.jpg,data/incline bench press/incline bench press_1900081.jpg,data/incline bench press/incline bench press_1900081.jpg,data/incline bench press/incline bench press_1900081.jpg,data/incline bench press/incline bench press_1900081.jpg,7
incline bench press,incline bench press|num_20,train,4,1.0,31.0,numeric,data/incline bench press/incline bench press_200001.jpg,data/incline bench press/incline bench press_200011.jpg,data/incline bench press/incline bench press_200021.jpg,data/incline bench press/incline bench press_200031.jpg,data/incline bench press/incline bench press_200031.jpg,data/incline bench press/incline bench press_200031.jpg,data/incline bench press/incline bench press_200031.jpg,data/incline bench press/incline bench press_200031.jpg,data/incline bench press/incline bench press_200031.jpg,data/incline bench press/incline bench press_200031.jpg,data/incline bench press/incline bench press_200031.jpg,data/incline bench press/incline bench press_200031.jpg,data/incline bench press/incline bench press_200031.jpg,data/incline bench press/incline bench press_200031.jpg,data/incline bench press/incline bench press_200031.jpg,data/incline bench press/incline bench press_200031.jpg,7
incline bench press,incline bench press|num_200,val,9,1.0,81.0,numeric,data/incline bench press/incline bench press_2000001.jpg,data/incline bench press/incline bench press_2000011.jpg,data/incline bench press/incline bench press_2000021.jpg,data/incline bench press/incline bench press_2000031.jpg,data/incline bench press/incline bench press_2000041.jpg,data/incline bench press/incline bench press_2000051.jpg,data/incline bench press/incline bench press_2000061.jpg,data/incline bench press/incline bench press_2000071.jpg,data/incline bench press/incline bench press_2000081.jpg,data/incline bench press/incline bench press_2000081.jpg,data/incline bench press/incline bench press_2000081.jpg,data/incline bench press/incline bench press_2000081.jpg,data/incline bench press/incline bench press_2000081.jpg,data/incline bench press/incline bench press_2000081.jpg,data/incline bench press/incline bench press_2000081.jpg,data/incline bench press/incline bench press_2000081.jpg,7
incline bench press,incline bench press|num_210,train,9,1.0,81.0,numeric,data/incline bench press/incline bench press_2100001.jpg,data/incline bench press/incline bench press_2100011.jpg,data/incline bench press/incline bench press_2100021.jpg,data/incline bench press/incline bench press_2100031.jpg,data/incline bench press/incline bench press_2100041.jpg,data/incline bench press/incline bench press_2100051.jpg,data/incline bench press/incline bench press_2100061.jpg,data/incline bench press/incline bench press_2100071.jpg,data/incline bench press/incline bench press_2100081.jpg,data/incline bench press/incline bench press_2100081.jpg,data/incline bench press/incline bench press_2100081.jpg,data/incline bench press/incline bench press_2100081.jpg,data/incline bench press/incline bench press_2100081.jpg,data/incline bench press/incline bench press_2100081.jpg,data/incline bench press/incline bench press_2100081.jpg,data/incline bench press/incline bench press_2100081.jpg,7
incline bench press,incline bench press|num_220,train,7,1.0,61.0,numeric,data/incline bench press/incline bench press_2200001.jpg,data/incline bench press/incline bench press_2200011.jpg,data/incline bench press/incline bench press_2200021.jpg,data/incline bench press/incline bench press_2200031.jpg,data/incline bench press/incline bench press_2200041.jpg,data/incline bench press/incline bench press_2200051.jpg,data/incline bench press/incline bench press_2200061.jpg,data/incline bench press/incline bench press_2200061.jpg,data/incline bench press/incline bench press_2200061.jpg,data/incline bench press/incline bench press_2200061.jpg,data/incline bench press/incline bench press_2200061.jpg,data/incline bench press/incline bench press_2200061.jpg,data/incline bench press/incline bench press_2200061.jpg,data/incline bench press/incline bench press_2200061.jpg,data/incline bench press/incline bench press_2200061.jpg,data/incline bench press/incline bench press_2200061.jpg,7
incline bench press,incline bench press|num_230,train,10,1.0,91.0,numeric,data/incline bench press/incline bench press_2300001.jpg,data/incline bench press/incline bench press_2300011.jpg,data/incline bench press/incline bench press_2300021.jpg,data/incline bench press/incline bench press_2300031.jpg,data/incline bench press/incline bench press_2300041.jpg,data/incline bench press/incline bench press_2300051.jpg,data/incline bench press/incline bench press_2300061.jpg,data/incline bench press/incline bench press_2300071.jpg,data/incline bench press/incline bench press_2300081.jpg,data/incline bench press/incline bench press_2300091.jpg,data/incline bench press/incline bench press_2300091.jpg,data/incline bench press/incline bench press_2300091.jpg,data/incline bench press/incline bench press_2300091.jpg,data/incline bench press/incline bench press_2300091.jpg,data/incline bench press/incline bench press_2300091.jpg,data/incline bench press/incline bench press_2300091.jpg,7
incline bench press,incline bench press|num_240,val,8,1.0,71.0,numeric,data/incline bench press/incline bench press_2400001.jpg,data/incline bench press/incline bench press_2400011.jpg,data/incline bench press/incline bench press_2400021.jpg,data/incline bench press/incline bench press_2400031.jpg,data/incline bench press/incline bench press_2400041.jpg,data/incline bench press/incline bench press_2400051.jpg,data/incline bench press/incline bench press_2400061.jpg,data/incline bench press/incline bench press_2400071.jpg,data/incline bench press/incline bench press_2400071.jpg,data/incline bench press/incline bench press_2400071.jpg,data/incline bench press/incline bench press_2400071.jpg,data/incline bench press/incline bench press_2400071.jpg,data/incline bench press/incline bench press_2400071.jpg,data/incline bench press/incline bench press_2400071.jpg,data/incline bench press/incline bench press_2400071.jpg,data/incline bench press/incline bench press_2400071.jpg,7
incline bench press,incline bench press|num_250,train,7,1.0,61.0,numeric,data/incline bench press/incline bench press_2500001.jpg,data/incline bench press/incline bench press_2500011.jpg,data/incline bench press/incline bench press_2500021.jpg,data/incline bench press/incline bench press_2500031.jpg,data/incline bench press/incline bench press_2500041.jpg,data/incline bench press/incline bench press_2500051.jpg,data/incline bench press/incline bench press_2500061.jpg,data/incline bench press/incline bench press_2500061.jpg,data/incline bench press/incline bench press_2500061.jpg,data/incline bench press/incline bench press_2500061.jpg,data/incline bench press/incline bench press_2500061.jpg,data/incline bench press/incline bench press_2500061.jpg,data/incline bench press/incline bench press_2500061.jpg,data/incline bench press/incline bench press_2500061.jpg,data/incline bench press/incline bench press_2500061.jpg,data/incline bench press/incline bench press_2500061.jpg,7
incline bench press,incline bench press|num_260,train,98,1.0,971.0,numeric,data/incline bench press/incline bench press_2600001.jpg,data/incline bench press/incline bench press_2600061.jpg,data/incline bench press/incline bench press_2600121.jpg,data/incline bench press/incline bench press_2600191.jpg,data/incline bench press/incline bench press_2600251.jpg,data/incline bench press/incline bench press_2600321.jpg,data/incline bench press/incline bench press_2600381.jpg,data/incline bench press/incline bench press_2600451.jpg,data/incline bench press/incline bench press_2600511.jpg,data/incline bench press/incline bench press_2600581.jpg,data/incline bench press/incline bench press_2600641.jpg,data/incline bench press/incline bench press_2600711.jpg,data/incline bench press/incline bench press_2600771.jpg,data/incline bench press/incline bench press_2600841.jpg,data/incline bench press/incline bench press_2600901.jpg,data/incline bench press/incline bench press_2600971.jpg,7
incline bench press,incline bench press|num_270,train,72,1.0,711.0,numeric,data/incline bench press/incline bench press_2700001.jpg,data/incline bench press/incline bench press_2700041.jpg,data/incline bench press/incline bench press_2700091.jpg,data/incline bench press/incline bench press_2700141.jpg,data/incline bench press/incline bench press_2700181.jpg,data/incline bench press/incline bench press_2700231.jpg,data/incline bench press/incline bench press_2700281.jpg,data/incline bench press/incline bench press_2700331.jpg,data/incline bench press/incline bench press_2700371.jpg,data/incline bench press/incline bench press_2700421.jpg,data/incline bench press/incline bench press_2700471.jpg,data/incline bench press/incline bench press_2700521.jpg,data/incline bench press/incline bench press_2700561.jpg,data/incline bench press/incline bench press_2700611.jpg,data/incline bench press/incline bench press_2700661.jpg,data/incline bench press/incline bench press_2700711.jpg,7
incline bench press,incline bench press|num_280,train,79,1.0,781.0,numeric,data/incline bench press/incline bench press_2800001.jpg,data/incline bench press/incline bench press_2800051.jpg,data/incline bench press/incline bench press_2800101.jpg,data/incline bench press/incline bench press_2800151.jpg,data/incline bench press/incline bench press_2800201.jpg,data/incline bench press/incline bench press_2800261.jpg,data/incline bench press/incline bench press_2800311.jpg,data/incline bench press/incline bench press_2800361.jpg,data/incline bench press/incline bench press_2800411.jpg,data/incline bench press/incline bench press_2800461.jpg,data/incline bench press/incline bench press_2800521.jpg,data/incline bench press/incline bench press_2800571.jpg,data/incline bench press/incline bench press_2800621.jpg,data/incline bench press/incline bench press_2800671.jpg,data/incline bench press/incline bench press_2800721.jpg,data/incline bench press/incline bench press_2800781.jpg,7
incline bench press,incline bench press|num_290,train,14,1.0,131.0,numeric,data/incline bench press/incline bench press_2900001.jpg,data/incline bench press/incline bench press_2900011.jpg,data/incline bench press/incline bench press_2900021.jpg,data/incline bench press/incline bench press_2900031.jpg,data/incline bench press/incline bench press_2900041.jpg,data/incline bench press/incline bench press_2900051.jpg,data/incline bench press/incline bench press_2900061.jpg,data/incline bench press/incline bench press_2900071.jpg,data/incline bench press/incline bench press_2900081.jpg,data/incline bench press/incline bench press_2900091.jpg,data/incline bench press/incline bench press_2900101.jpg,data/incline bench press/incline bench press_2900111.jpg,data/incline bench press/incline bench press_2900121.jpg,data/incline bench press/incline bench press_2900131.jpg,data/incline bench press/incline bench press_2900131.jpg,data/incline bench press/incline bench press_2900131.jpg,7
incline bench press,incline bench press|num_30,train,5,1.0,41.0,numeric,data/incline bench press/incline bench press_300001.jpg,data/incline bench press/incline bench press_300011.jpg,data/incline bench press/incline bench press_300021.jpg,data/incline bench press/incline bench press_300031.jpg,data/incline bench press/incline bench press_300041.jpg,data/incline bench press/incline bench press_300041.jpg,data/incline bench press/incline bench press_300041.jpg,data/incline bench press/incline bench press_300041.jpg,data/incline bench press/incline bench press_300041.jpg,data/incline bench press/incline bench press_300041.jpg,data/incline bench press/incline bench press_300041.jpg,data/incline bench press/incline bench press_300041.jpg,data/incline bench press/incline bench press_300041.jpg,data/incline bench press/incline bench press_300041.jpg,data/incline bench press/incline bench press_300041.jpg,data/incline bench press/incline bench press_300041.jpg,7
incline bench press,incline bench press|num_300,train,89,1.0,881.0,numeric,data/incline bench press/incline bench press_3000001.jpg,data/incline bench press/incline bench press_3000051.jpg,data/incline bench press/incline bench press_3000111.jpg,data/incline bench press/incline bench press_3000171.jpg,data/incline bench press/incline bench press_3000231.jpg,data/incline bench press/incline bench press_3000291.jpg,data/incline bench press/incline bench press_3000351.jpg,data/incline bench press/incline bench press_3000411.jpg,data/incline bench press/incline bench press_3000461.jpg,data/incline bench press/incline bench press_3000521.jpg,data/incline bench press/incline bench press_3000581.jpg,data/incline bench press/incline bench press_3000641.jpg,data/incline bench press/incline bench press_3000701.jpg,data/incline bench press/incline bench press_3000761.jpg,data/incline bench press/incline bench press_3000821.jpg,data/incline bench press/incline bench press_3000881.jpg,7
incline bench press,incline bench press|num_310,train,71,1.0,701.0,numeric,data/incline bench press/incline bench press_3100001.jpg,data/incline bench press/incline bench press_3100041.jpg,data/incline bench press/incline bench press_3100091.jpg,data/incline bench press/incline bench press_3100141.jpg,data/incline bench press/incline bench press_3100181.jpg,data/incline bench press/incline bench press_3100231.jpg,data/incline bench press/incline bench press_3100281.jpg,data/incline bench press/incline bench press_3100321.jpg,data/incline bench press/incline bench press_3100371.jpg,data/incline bench press/incline bench press_3100421.jpg,data/incline bench press/incline bench press_3100461.jpg,data/incline bench press/incline bench press_3100511.jpg,data/incline bench press/incline bench press_3100561.jpg,data/incline bench press/incline bench press_3100601.jpg,data/incline bench press/incline bench press_3100651.jpg,data/incline bench press/incline bench press_3100701.jpg,7
incline bench press,incline bench press|num_320,train,92,1.0,911.0,numeric,data/incline bench press/incline bench press_3200001.jpg,data/incline bench press/incline bench press_3200061.jpg,data/incline bench press/incline bench press_3200121.jpg,data/incline bench press/incline bench press_3200181.jpg,data/incline bench press/incline bench press_3200241.jpg,data/incline bench press/incline bench press_3200301.jpg,data/incline bench press/incline bench press_3200361.jpg,data/incline bench press/incline bench press_3200421.jpg,data/incline bench press/incline bench press_3200481.jpg,data/incline bench press/incline bench press_3200541.jpg,data/incline bench press/incline bench press_3200601.jpg,data/incline bench press/incline bench press_3200661.jpg,data/incline bench press/incline bench press_3200721.jpg,data/incline bench press/incline bench press_3200781.jpg,data/incline bench press/incline bench press_3200841.jpg,data/incline bench press/incline bench press_3200911.jpg,7
incline bench press,incline bench press|num_330,val,8,1.0,71.0,numeric,data/incline bench press/incline bench press_3300001.jpg,data/incline bench press/incline bench press_3300011.jpg,data/incline bench press/incline bench press_3300021.jpg,data/incline bench press/incline bench press_3300031.jpg,data/incline bench press/incline bench press_3300041.jpg,data/incline bench press/incline bench press_3300051.jpg,data/incline bench press/incline bench press_3300061.jpg,data/incline bench press/incline bench press_3300071.jpg,data/incline bench press/incline bench press_3300071.jpg,data/incline bench press/incline bench press_3300071.jpg,data/incline bench press/incline bench press_3300071.jpg,data/incline bench press/incline bench press_3300071.jpg,data/incline bench press/incline bench press_3300071.jpg,data/incline bench press/incline bench press_3300071.jpg,data/incline bench press/incline bench press_3300071.jpg,data/incline bench press/incline bench press_3300071.jpg,7
incline bench press,incline bench press|num_40,train,5,1.0,41.0,numeric,data/incline bench press/incline bench press_400001.jpg,data/incline bench press/incline bench press_400011.jpg,data/incline bench press/incline bench press_400021.jpg,data/incline bench press/incline bench press_400031.jpg,data/incline bench press/incline bench press_400041.jpg,data/incline bench press/incline bench press_400041.jpg,data/incline bench press/incline bench press_400041.jpg,data/incline bench press/incline bench press_400041.jpg,data/incline bench press/incline bench press_400041.jpg,data/incline bench press/incline bench press_400041.jpg,data/incline bench press/incline bench press_400041.jpg,data/incline bench press/incline bench press_400041.jpg,data/incline bench press/incline bench press_400041.jpg,data/incline bench press/incline bench press_400041.jpg,data/incline bench press/incline bench press_400041.jpg,data/incline bench press/incline bench press_400041.jpg,7
incline bench press,incline bench press|num_50,train,4,1.0,31.0,numeric,data/incline bench press/incline bench press_500001.jpg,data/incline bench press/incline bench press_500011.jpg,data/incline bench press/incline bench press_500021.jpg,data/incline bench press/incline bench press_500031.jpg,data/incline bench press/incline bench press_500031.jpg,data/incline bench press/incline bench press_500031.jpg,data/incline bench press/incline bench press_500031.jpg,data/incline bench press/incline bench press_500031.jpg,data/incline bench press/incline bench press_500031.jpg,data/incline bench press/incline bench press_500031.jpg,data/incline bench press/incline bench press_500031.jpg,data/incline bench press/incline bench press_500031.jpg,data/incline bench press/incline bench press_500031.jpg,data/incline bench press/incline bench press_500031.jpg,data/incline bench press/incline bench press_500031.jpg,data/incline bench press/incline bench press_500031.jpg,7
incline bench press,incline bench press|num_60,train,11,1.0,101.0,numeric,data/incline bench press/incline bench press_600001.jpg,data/incline bench press/incline bench press_600011.jpg,data/incline bench press/incline bench press_600021.jpg,data/incline bench press/incline bench press_600031.jpg,data/incline bench press/incline bench press_600041.jpg,data/incline bench press/incline bench press_600051.jpg,data/incline bench press/incline bench press_600061.jpg,data/incline bench press/incline bench press_600071.jpg,data/incline bench press/incline bench press_600081.jpg,data/incline bench press/incline bench press_600091.jpg,data/incline bench press/incline bench press_600101.jpg,data/incline bench press/incline bench press_600101.jpg,data/incline bench press/incline bench press_600101.jpg,data/incline bench press/incline bench press_600101.jpg,data/incline bench press/incline bench press_600101.jpg,data/incline bench press/incline bench press_600101.jpg,7
incline bench press,incline bench press|num_70,train,4,1.0,31.0,numeric,data/incline bench press/incline bench press_700001.jpg,data/incline bench press/incline bench press_700011.jpg,data/incline bench press/incline bench press_700021.jpg,data/incline bench press/incline bench press_700031.jpg,data/incline bench press/incline bench press_700031.jpg,data/incline bench press/incline bench press_700031.jpg,data/incline bench press/incline bench press_700031.jpg,data/incline bench press/incline bench press_700031.jpg,data/incline bench press/incline bench press_700031.jpg,data/incline bench press/incline bench press_700031.jpg,data/incline bench press/incline bench press_700031.jpg,data/incline bench press/incline bench press_700031.jpg,data/incline bench press/incline bench press_700031.jpg,data/incline bench press/incline bench press_700031.jpg,data/incline bench press/incline bench press_700031.jpg,data/incline bench press/incline bench press_700031.jpg,7
incline bench press,incline bench press|num_80,train,4,1.0,31.0,numeric,data/incline bench press/incline bench press_800001.jpg,data/incline bench press/incline bench press_800011.jpg,data/incline bench press/incline bench press_800021.jpg,data/incline bench press/incline bench press_800031.jpg,data/incline bench press/incline bench press_800031.jpg,data/incline bench press/incline bench press_800031.jpg,data/incline bench press/incline bench press_800031.jpg,data/incline bench press/incline bench press_800031.jpg,data/incline bench press/incline bench press_800031.jpg,data/incline bench press/incline bench press_800031.jpg,data/incline bench press/incline bench press_800031.jpg,data/incline bench press/incline bench press_800031.jpg,data/incline bench press/incline bench press_800031.jpg,data/incline bench press/incline bench press_800031.jpg,data/incline bench press/incline bench press_800031.jpg,data/incline bench press/incline bench press_800031.jpg,7
incline bench press,incline bench press|num_90,train,7,1.0,61.0,numeric,data/incline bench press/incline bench press_900001.jpg,data/incline bench press/incline bench press_900011.jpg,data/incline bench press/incline bench press_900021.jpg,data/incline bench press/incline bench press_900031.jpg,data/incline bench press/incline bench press_900041.jpg,data/incline bench press/incline bench press_900051.jpg,data/incline bench press/incline bench press_900061.jpg,data/incline bench press/incline bench press_900061.jpg,data/incline bench press/incline bench press_900061.jpg,data/incline bench press/incline bench press_900061.jpg,data/incline bench press/incline bench press_900061.jpg,data/incline bench press/incline bench press_900061.jpg,data/incline bench press/incline bench press_900061.jpg,data/incline bench press/incline bench press_900061.jpg,data/incline bench press/incline bench press_900061.jpg,data/incline bench press/incline bench press_900061.jpg,7
lat pulldown,lat pulldown|g1,train,1,,,alpha_num,data/lat pulldown/lat pulldown_g1.jpg,data/lat pulldown/lat pulldown_g1.jpg,data/lat pulldown/lat pulldown_g1.jpg,data/lat pulldown/lat pulldown_g1.jpg,data/lat pulldown/lat pulldown_g1.jpg,data/lat pulldown/lat pulldown_g1.jpg,data/lat pulldown/lat pulldown_g1.jpg,data/lat pulldown/lat pulldown_g1.jpg,data/lat pulldown/lat pulldown_g1.jpg,data/lat pulldown/lat pulldown_g1.jpg,data/lat pulldown/lat pulldown_g1.jpg,data/lat pulldown/lat pulldown_g1.jpg,data/lat pulldown/lat pulldown_g1.jpg,data/lat pulldown/lat pulldown_g1.jpg,data/lat pulldown/lat pulldown_g1.jpg,data/lat pulldown/lat pulldown_g1.jpg,8
lat pulldown,lat pulldown|g10,train,1,,,alpha_num,data/lat pulldown/lat pulldown_g10.jpg,data/lat pulldown/lat pulldown_g10.jpg,data/lat pulldown/lat pulldown_g10.jpg,data/lat pulldown/lat pulldown_g10.jpg,data/lat pulldown/lat pulldown_g10.jpg,data/lat pulldown/lat pulldown_g10.jpg,data/lat pulldown/lat pulldown_g10.jpg,data/lat pulldown/lat pulldown_g10.jpg,data/lat pulldown/lat pulldown_g10.jpg,data/lat pulldown/lat pulldown_g10.jpg,data/lat pulldown/lat pulldown_g10.jpg,data/lat pulldown/lat pulldown_g10.jpg,data/lat pulldown/lat pulldown_g10.jpg,data/lat pulldown/lat pulldown_g10.jpg,data/lat pulldown/lat pulldown_g10.jpg,data/lat pulldown/lat pulldown_g10.jpg,8
lat pulldown,lat pulldown|g11,train,1,,,alpha_num,data/lat pulldown/lat pulldown_g11.jpg,data/lat pulldown/lat pulldown_g11.jpg,data/lat pulldown/lat pulldown_g11.jpg,data/lat pulldown/lat pulldown_g11.jpg,data/lat pulldown/lat pulldown_g11.jpg,data/lat pulldown/lat pulldown_g11.jpg,data/lat pulldown/lat pulldown_g11.jpg,data/lat pulldown/lat pulldown_g11.jpg,data/lat pulldown/lat pulldown_g11.jpg,data/lat pulldown/lat pulldown_g11.jpg,data/lat pulldown/lat pulldown_g11.jpg,data/lat pulldown/lat pulldown_g11.jpg,data/lat pulldown/lat pulldown_g11.jpg,data/lat pulldown/lat pulldown_g11.jpg,data/lat pulldown/lat pulldown_g11.jpg,data/lat pulldown/lat pulldown_g11.jpg,8
lat pulldown,lat pulldown|g12,train,1,,,alpha_num,data/lat pulldown/lat pulldown_g12.jpg,data/lat pulldown/lat pulldown_g12.jpg,data/lat pulldown/lat pulldown_g12.jpg,data/lat pulldown/lat pulldown_g12.jpg,data/lat pulldown/lat pulldown_g12.jpg,data/lat pulldown/lat pulldown_g12.jpg,data/lat pulldown/lat pulldown_g12.jpg,data/lat pulldown/lat pulldown_g12.jpg,data/lat pulldown/lat pulldown_g12.jpg,data/lat pulldown/lat pulldown_g12.jpg,data/lat pulldown/lat pulldown_g12.jpg,data/lat pulldown/lat pulldown_g12.jpg,data/lat pulldown/lat pulldown_g12.jpg,data/lat pulldown/lat pulldown_g12.jpg,data/lat pulldown/lat pulldown_g12.jpg,data/lat pulldown/lat pulldown_g12.jpg,8
lat pulldown,lat pulldown|g13,train,1,,,alpha_num,data/lat pulldown/lat pulldown_g13.jpg,data/lat pulldown/lat pulldown_g13.jpg,data/lat pulldown/lat pulldown_g13.jpg,data/lat pulldown/lat pulldown_g13.jpg,data/lat pulldown/lat pulldown_g13.jpg,data/lat pulldown/lat pulldown_g13.jpg,data/lat pulldown/lat pulldown_g13.jpg,data/lat pulldown/lat pulldown_g13.jpg,data/lat pulldown/lat pulldown_g13.jpg,data/lat pulldown/lat pulldown_g13.jpg,data/lat pulldown/lat pulldown_g13.jpg,data/lat pulldown/lat pulldown_g13.jpg,data/lat pulldown/lat pulldown_g13.jpg,data/lat pulldown/lat pulldown_g13.jpg,data/lat pulldown/lat pulldown_g13.jpg,data/lat pulldown/lat pulldown_g13.jpg,8
lat pulldown,lat pulldown|g14,train,1,,,alpha_num,data/lat pulldown/lat pulldown_g14.jpg,data/lat pulldown/lat pulldown_g14.jpg,data/lat pulldown/lat pulldown_g14.jpg,data/lat pulldown/lat pulldown_g14.jpg,data/lat pulldown/lat pulldown_g14.jpg,data/lat pulldown/lat pulldown_g14.jpg,data/lat pulldown/lat pulldown_g14.jpg,data/lat pulldown/lat pulldown_g14.jpg,data/lat pulldown/lat pulldown_g14.jpg,data/lat pulldown/lat pulldown_g14.jpg,data/lat pulldown/lat pulldown_g14.jpg,data/lat pulldown/lat pulldown_g14.jpg,data/lat pulldown/lat pulldown_g14.jpg,data/lat pulldown/lat pulldown_g14.jpg,data/lat pulldown/lat pulldown_g14.jpg,data/lat pulldown/lat pulldown_g14.jpg,8
lat pulldown,lat pulldown|g15,train,1,,,alpha_num,data/lat pulldown/lat pulldown_g15.jpg,data/lat pulldown/lat pulldown_g15.jpg,data/lat pulldown/lat pulldown_g15.jpg,data/lat pulldown/lat pulldown_g15.jpg,data/lat pulldown/lat pulldown_g15.jpg,data/lat pulldown/lat pulldown_g15.jpg,data/lat pulldown/lat pulldown_g15.jpg,data/lat pulldown/lat pulldown_g15.jpg,data/lat pulldown/lat pulldown_g15.jpg,data/lat pulldown/lat pulldown_g15.jpg,data/lat pulldown/lat pulldown_g15.jpg,data/lat pulldown/lat pulldown_g15.jpg,data/lat pulldown/lat pulldown_g15.jpg,data/lat pulldown/lat pulldown_g15.jpg,data/lat pulldown/lat pulldown_g15.jpg,data/lat pulldown/lat pulldown_g15.jpg,8
lat pulldown,lat pulldown|g16,train,1,,,alpha_num,data/lat pulldown/lat pulldown_g16.jpg,data/lat pulldown/lat pulldown_g16.jpg,data/lat pulldown/lat pulldown_g16.jpg,data/lat pulldown/lat pulldown_g16.jpg,data/lat pulldown/lat pulldown_g16.jpg,data/lat pulldown/lat pulldown_g16.jpg,data/lat pulldown/lat pulldown_g16.jpg,data/lat pulldown/lat pulldown_g16.jpg,data/lat pulldown/lat pulldown_g16.jpg,data/lat pulldown/lat pulldown_g16.jpg,data/lat pulldown/lat pulldown_g16.jpg,data/lat pulldown/lat pulldown_g16.jpg,data/lat pulldown/lat pulldown_g16.jpg,data/lat pulldown/lat pulldown_g16.jpg,data/lat pulldown/lat pulldown_g16.jpg,data/lat pulldown/lat pulldown_g16.jpg,8
lat pulldown,lat pulldown|g17,train,1,,,alpha_num,data/lat pulldown/lat pulldown_g17.jpg,data/lat pulldown/lat pulldown_g17.jpg,data/lat pulldown/lat pulldown_g17.jpg,data/lat pulldown/lat pulldown_g17.jpg,data/lat pulldown/lat pulldown_g17.jpg,data/lat pulldown/lat pulldown_g17.jpg,data/lat pulldown/lat pulldown_g17.jpg,data/lat pulldown/lat pulldown_g17.jpg,data/lat pulldown/lat pulldown_g17.jpg,data/lat pulldown/lat pulldown_g17.jpg,data/lat pulldown/lat pulldown_g17.jpg,data/lat pulldown/lat pulldown_g17.jpg,data/lat pulldown/lat pulldown_g17.jpg,data/lat pulldown/lat pulldown_g17.jpg,data/lat pulldown/lat pulldown_g17.jpg,data/lat pulldown/lat pulldown_g17.jpg,8
lat pulldown,lat pulldown|g18,train,1,,,alpha_num,data/lat pulldown/lat pulldown_g18.jpg,data/lat pulldown/lat pulldown_g18.jpg,data/lat pulldown/lat pulldown_g18.jpg,data/lat pulldown/lat pulldown_g18.jpg,data/lat pulldown/lat pulldown_g18.jpg,data/lat pulldown/lat pulldown_g18.jpg,data/lat pulldown/lat pulldown_g18.jpg,data/lat pulldown/lat pulldown_g18.jpg,data/lat pulldown/lat pulldown_g18.jpg,data/lat pulldown/lat pulldown_g18.jpg,data/lat pulldown/lat pulldown_g18.jpg,data/lat pulldown/lat pulldown_g18.jpg,data/lat pulldown/lat pulldown_g18.jpg,data/lat pulldown/lat pulldown_g18.jpg,data/lat pulldown/lat pulldown_g18.jpg,data/lat pulldown/lat pulldown_g18.jpg,8
lat pulldown,lat pulldown|g19,train,1,,,alpha_num,data/lat pulldown/lat pulldown_g19.jpg,data/lat pulldown/lat pulldown_g19.jpg,data/lat pulldown/lat pulldown_g19.jpg,data/lat pulldown/lat pulldown_g19.jpg,data/lat pulldown/lat pulldown_g19.jpg,data/lat pulldown/lat pulldown_g19.jpg,data/lat pulldown/lat pulldown_g19.jpg,data/lat pulldown/lat pulldown_g19.jpg,data/lat pulldown/lat pulldown_g19.jpg,data/lat pulldown/lat pulldown_g19.jpg,data/lat pulldown/lat pulldown_g19.jpg,data/lat pulldown/lat pulldown_g19.jpg,data/lat pulldown/lat pulldown_g19.jpg,data/lat pulldown/lat pulldown_g19.jpg,data/lat pulldown/lat pulldown_g19.jpg,data/lat pulldown/lat pulldown_g19.jpg,8
lat pulldown,lat pulldown|g2,train,1,,,alpha_num,data/lat pulldown/lat pulldown_g2.jpg,data/lat pulldown/lat pulldown_g2.jpg,data/lat pulldown/lat pulldown_g2.jpg,data/lat pulldown/lat pulldown_g2.jpg,data/lat pulldown/lat pulldown_g2.jpg,data/lat pulldown/lat pulldown_g2.jpg,data/lat pulldown/lat pulldown_g2.jpg,data/lat pulldown/lat pulldown_g2.jpg,data/lat pulldown/lat pulldown_g2.jpg,data/lat pulldown/lat pulldown_g2.jpg,data/lat pulldown/lat pulldown_g2.jpg,data/lat pulldown/lat pulldown_g2.jpg,data/lat pulldown/lat pulldown_g2.jpg,data/lat pulldown/lat pulldown_g2.jpg,data/lat pulldown/lat pulldown_g2.jpg,data/lat pulldown/lat pulldown_g2.jpg,8
lat pulldown,lat pulldown|g20,train,1,,,alpha_num,data/lat pulldown/lat pulldown_g20.jpg,data/lat pulldown/lat pulldown_g20.jpg,data/lat pulldown/lat pulldown_g20.jpg,data/lat pulldown/lat pulldown_g20.jpg,data/lat pulldown/lat pulldown_g20.jpg,data/lat pulldown/lat pulldown_g20.jpg,data/lat pulldown/lat pulldown_g20.jpg,data/lat pulldown/lat pulldown_g20.jpg,data/lat pulldown/lat pulldown_g20.jpg,data/lat pulldown/lat pulldown_g20.jpg,data/lat pulldown/lat pulldown_g20.jpg,data/lat pulldown/lat pulldown_g20.jpg,data/lat pulldown/lat pulldown_g20.jpg,data/lat pulldown/lat pulldown_g20.jpg,data/lat pulldown/lat pulldown_g20.jpg,data/lat pulldown/lat pulldown_g20.jpg,8
lat pulldown,lat pulldown|g3,train,1,,,alpha_num,data/lat pulldown/lat pulldown_g3.jpg,data/lat pulldown/lat pulldown_g3.jpg,data/lat pulldown/lat pulldown_g3.jpg,data/lat pulldown/lat pulldown_g3.jpg,data/lat pulldown/lat pulldown_g3.jpg,data/lat pulldown/lat pulldown_g3.jpg,data/lat pulldown/lat pulldown_g3.jpg,data/lat pulldown/lat pulldown_g3.jpg,data/lat pulldown/lat pulldown_g3.jpg,data/lat pulldown/lat pulldown_g3.jpg,data/lat pulldown/lat pulldown_g3.jpg,data/lat pulldown/lat pulldown_g3.jpg,data/lat pulldown/lat pulldown_g3.jpg,data/lat pulldown/lat pulldown_g3.jpg,data/lat pulldown/lat pulldown_g3.jpg,data/lat pulldown/lat pulldown_g3.jpg,8
lat pulldown,lat pulldown|g4,train,1,,,alpha_num,data/lat pulldown/lat pulldown_g4.jpg,data/lat pulldown/lat pulldown_g4.jpg,data/lat pulldown/lat pulldown_g4.jpg,data/lat pulldown/lat pulldown_g4.jpg,data/lat pulldown/lat pulldown_g4.jpg,data/lat pulldown/lat pulldown_g4.jpg,data/lat pulldown/lat pulldown_g4.jpg,data/lat pulldown/lat pulldown_g4.jpg,data/lat pulldown/lat pulldown_g4.jpg,data/lat pulldown/lat pulldown_g4.jpg,data/lat pulldown/lat pulldown_g4.jpg,data/lat pulldown/lat pulldown_g4.jpg,data/lat pulldown/lat pulldown_g4.jpg,data/lat pulldown/lat pulldown_g4.jpg,data/lat pulldown/lat pulldown_g4.jpg,data/lat pulldown/lat pulldown_g4.jpg,8
lat pulldown,lat pulldown|g5,train,1,,,alpha_num,data/lat pulldown/lat pulldown_g5.jpg,data/lat pulldown/lat pulldown_g5.jpg,data/lat pulldown/lat pulldown_g5.jpg,data/lat pulldown/lat pulldown_g5.jpg,data/lat pulldown/lat pulldown_g5.jpg,data/lat pulldown/lat pulldown_g5.jpg,data/lat pulldown/lat pulldown_g5.jpg,data/lat pulldown/lat pulldown_g5.jpg,data/lat pulldown/lat pulldown_g5.jpg,data/lat pulldown/lat pulldown_g5.jpg,data/lat pulldown/lat pulldown_g5.jpg,data/lat pulldown/lat pulldown_g5.jpg,data/lat pulldown/lat pulldown_g5.jpg,data/lat pulldown/lat pulldown_g5.jpg,data/lat pulldown/lat pulldown_g5.jpg,data/lat pulldown/lat pulldown_g5.jpg,8
lat pulldown,lat pulldown|g6,train,1,,,alpha_num,data/lat pulldown/lat pulldown_g6.jpg,data/lat pulldown/lat pulldown_g6.jpg,data/lat pulldown/lat pulldown_g6.jpg,data/lat pulldown/lat pulldown_g6.jpg,data/lat pulldown/lat pulldown_g6.jpg,data/lat pulldown/lat pulldown_g6.jpg,data/lat pulldown/lat pulldown_g6.jpg,data/lat pulldown/lat pulldown_g6.jpg,data/lat pulldown/lat pulldown_g6.jpg,data/lat pulldown/lat pulldown_g6.jpg,data/lat pulldown/lat pulldown_g6.jpg,data/lat pulldown/lat pulldown_g6.jpg,data/lat pulldown/lat pulldown_g6.jpg,data/lat pulldown/lat pulldown_g6.jpg,data/lat pulldown/lat pulldown_g6.jpg,data/lat pulldown/lat pulldown_g6.jpg,8
lat pulldown,lat pulldown|g7,train,1,,,alpha_num,data/lat pulldown/lat pulldown_g7.jpg,data/lat pulldown/lat pulldown_g7.jpg,data/lat pulldown/lat pulldown_g7.jpg,data/lat pulldown/lat pulldown_g7.jpg,data/lat pulldown/lat pulldown_g7.jpg,data/lat pulldown/lat pulldown_g7.jpg,data/lat pulldown/lat pulldown_g7.jpg,data/lat pulldown/lat pulldown_g7.jpg,data/lat pulldown/lat pulldown_g7.jpg,data/lat pulldown/lat pulldown_g7.jpg,data/lat pulldown/lat pulldown_g7.jpg,data/lat pulldown/lat pulldown_g7.jpg,data/lat pulldown/lat pulldown_g7.jpg,data/lat pulldown/lat pulldown_g7.jpg,data/lat pulldown/lat pulldown_g7.jpg,data/lat pulldown/lat pulldown_g7.jpg,8
lat pulldown,lat pulldown|g8,train,1,,,alpha_num,data/lat pulldown/lat pulldown_g8.jpg,data/lat pulldown/lat pulldown_g8.jpg,data/lat pulldown/lat pulldown_g8.jpg,data/lat pulldown/lat pulldown_g8.jpg,data/lat pulldown/lat pulldown_g8.jpg,data/lat pulldown/lat pulldown_g8.jpg,data/lat pulldown/lat pulldown_g8.jpg,data/lat pulldown/lat pulldown_g8.jpg,data/lat pulldown/lat pulldown_g8.jpg,data/lat pulldown/lat pulldown_g8.jpg,data/lat pulldown/lat pulldown_g8.jpg,data/lat pulldown/lat pulldown_g8.jpg,data/lat pulldown/lat pulldown_g8.jpg,data/lat pulldown/lat pulldown_g8.jpg,data/lat pulldown/lat pulldown_g8.jpg,data/lat pulldown/lat pulldown_g8.jpg,8
lat pulldown,lat pulldown|g9,train,1,,,alpha_num,data/lat pulldown/lat pulldown_g9.jpg,data/lat pulldown/lat pulldown_g9.jpg,data/lat pulldown/lat pulldown_g9.jpg,data/lat pulldown/lat pulldown_g9.jpg,data/lat pulldown/lat pulldown_g9.jpg,data/lat pulldown/lat pulldown_g9.jpg,data/lat pulldown/lat pulldown_g9.jpg,data/lat pulldown/lat pulldown_g9.jpg,data/lat pulldown/lat pulldown_g9.jpg,data/lat pulldown/lat pulldown_g9.jpg,data/lat pulldown/lat pulldown_g9.jpg,data/lat pulldown/lat pulldown_g9.jpg,data/lat pulldown/lat pulldown_g9.jpg,data/lat pulldown/lat pulldown_g9.jpg,data/lat pulldown/lat pulldown_g9.jpg,data/lat pulldown/lat pulldown_g9.jpg,8
lat pulldown,lat pulldown|num_10,train,10,1.0,91.0,numeric,data/lat pulldown/lat pulldown_100001.jpg,data/lat pulldown/lat pulldown_100011.jpg,data/lat pulldown/lat pulldown_100021.jpg,data/lat pulldown/lat pulldown_100031.jpg,data/lat pulldown/lat pulldown_100041.jpg,data/lat pulldown/lat pulldown_100051.jpg,data/lat pulldown/lat pulldown_100061.jpg,data/lat pulldown/lat pulldown_100071.jpg,data/lat pulldown/lat pulldown_100081.jpg,data/lat pulldown/lat pulldown_100091.jpg,data/lat pulldown/lat pulldown_100091.jpg,data/lat pulldown/lat pulldown_100091.jpg,data/lat pulldown/lat pulldown_100091.jpg,data/lat pulldown/lat pulldown_100091.jpg,data/lat pulldown/lat pulldown_100091.jpg,data/lat pulldown/lat pulldown_100091.jpg,8
lat pulldown,lat pulldown|num_100,train,13,1.0,121.0,numeric,data/lat pulldown/lat pulldown_1000001.jpg,data/lat pulldown/lat pulldown_1000011.jpg,data/lat pulldown/lat pulldown_1000021.jpg,data/lat pulldown/lat pulldown_1000031.jpg,data/lat pulldown/lat pulldown_1000041.jpg,data/lat pulldown/lat pulldown_1000051.jpg,data/lat pulldown/lat pulldown_1000061.jpg,data/lat pulldown/lat pulldown_1000071.jpg,data/lat pulldown/lat pulldown_1000081.jpg,data/lat pulldown/lat pulldown_1000091.jpg,data/lat pulldown/lat pulldown_1000101.jpg,data/lat pulldown/lat pulldown_1000111.jpg,data/lat pulldown/lat pulldown_1000121.jpg,data/lat pulldown/lat pulldown_1000121.jpg,data/lat pulldown/lat pulldown_1000121.jpg,data/lat pulldown/lat pulldown_1000121.jpg,8
lat pulldown,lat pulldown|num_110,train,6,1.0,51.0,numeric,data/lat pulldown/lat pulldown_1100001.jpg,data/lat pulldown/lat pulldown_1100011.jpg,data/lat pulldown/lat pulldown_1100021.jpg,data/lat pulldown/lat pulldown_1100031.jpg,data/lat pulldown/lat pulldown_1100041.jpg,data/lat pulldown/lat pulldown_1100051.jpg,data/lat pulldown/lat pulldown_1100051.jpg,data/lat pulldown/lat pulldown_1100051.jpg,data/lat pulldown/lat pulldown_1100051.jpg,data/lat pulldown/lat pulldown_1100051.jpg,data/lat pulldown/lat pulldown_1100051.jpg,data/lat pulldown/lat pulldown_1100051.jpg,data/lat pulldown/lat pulldown_1100051.jpg,data/lat pulldown/lat pulldown_1100051.jpg,data/lat pulldown/lat pulldown_1100051.jpg,data/lat pulldown/lat pulldown_1100051.jpg,8
lat pulldown,lat pulldown|num_120,train,16,1.0,151.0,numeric,data/lat pulldown/lat pulldown_1200001.jpg,data/lat pulldown/lat pulldown_1200011.jpg,data/lat pulldown/lat pulldown_1200021.jpg,data/lat pulldown/lat pulldown_1200031.jpg,data/lat pulldown/lat pulldown_1200041.jpg,data/lat pulldown/lat pulldown_1200051.jpg,data/lat pulldown/lat pulldown_1200061.jpg,data/lat pulldown/lat pulldown_1200071.jpg,data/lat pulldown/lat pulldown_1200081.jpg,data/lat pulldown/lat pulldown_1200091.jpg,data/lat pulldown/lat pulldown_1200101.jpg,data/lat pulldown/lat pulldown_1200111.jpg,data/lat pulldown/lat pulldown_1200121.jpg,data/lat pulldown/lat pulldown_1200131.jpg,data/lat pulldown/lat pulldown_1200141.jpg,data/lat pulldown/lat pulldown_1200151.jpg,8
lat pulldown,lat pulldown|num_130,train,4,1.0,31.0,numeric,data/lat pulldown/lat pulldown_1300001.jpg,data/lat pulldown/lat pulldown_1300011.jpg,data/lat pulldown/lat pulldown_1300021.jpg,data/lat pulldown/lat pulldown_1300031.jpg,data/lat pulldown/lat pulldown_1300031.jpg,data/lat pulldown/lat pulldown_1300031.jpg,data/lat pulldown/lat pulldown_1300031.jpg,data/lat pulldown/lat pulldown_1300031.jpg,data/lat pulldown/lat pulldown_1300031.jpg,data/lat pulldown/lat pulldown_1300031.jpg,data/lat pulldown/lat pulldown_1300031.jpg,data/lat pulldown/lat pulldown_1300031.jpg,data/lat pulldown/lat pulldown_1300031.jpg,data/lat pulldown/lat pulldown_1300031.jpg,data/lat pulldown/lat pulldown_1300031.jpg,data/lat pulldown/lat pulldown_1300031.jpg,8
lat pulldown,lat pulldown|num_140,train,11,1.0,101.0,numeric,data/lat pulldown/lat pulldown_1400001.jpg,data/lat pulldown/lat pulldown_1400011.jpg,data/lat pulldown/lat pulldown_1400021.jpg,data/lat pulldown/lat pulldown_1400031.jpg,data/lat pulldown/lat pulldown_1400041.jpg,data/lat pulldown/lat pulldown_1400051.jpg,data/lat pulldown/lat pulldown_1400061.jpg,data/lat pulldown/lat pulldown_1400071.jpg,data/lat pulldown/lat pulldown_1400081.jpg,data/lat pulldown/lat pulldown_1400091.jpg,data/lat pulldown/lat pulldown_1400101.jpg,data/lat pulldown/lat pulldown_1400101.jpg,data/lat pulldown/lat pulldown_1400101.jpg,data/lat pulldown/lat pulldown_1400101.jpg,data/lat pulldown/lat pulldown_1400101.jpg,data/lat pulldown/lat pulldown_1400101.jpg,8
lat pulldown,lat pulldown|num_150,train,15,1.0,141.0,numeric,data/lat pulldown/lat pulldown_1500001.jpg,data/lat pulldown/lat pulldown_1500011.jpg,data/lat pulldown/lat pulldown_1500021.jpg,data/lat pulldown/lat pulldown_1500031.jpg,data/lat pulldown/lat pulldown_1500041.jpg,data/lat pulldown/lat pulldown_1500051.jpg,data/lat pulldown/lat pulldown_1500061.jpg,data/lat pulldown/lat pulldown_1500071.jpg,data/lat pulldown/lat pulldown_1500081.jpg,data/lat pulldown/lat pulldown_1500091.jpg,data/lat pulldown/lat pulldown_1500101.jpg,data/lat pulldown/lat pulldown_1500111.jpg,data/lat pulldown/lat pulldown_1500121.jpg,data/lat pulldown/lat pulldown_1500131.jpg,data/lat pulldown/lat pulldown_1500141.jpg,data/lat pulldown/lat pulldown_1500141.jpg,8
lat pulldown,lat pulldown|num_160,train,10,1.0,91.0,numeric,data/lat pulldown/lat pulldown_1600001.jpg,data/lat pulldown/lat pulldown_1600011.jpg,data/lat pulldown/lat pulldown_1600021.jpg,data/lat pulldown/lat pulldown_1600031.jpg,data/lat pulldown/lat pulldown_1600041.jpg,data/lat pulldown/lat pulldown_1600051.jpg,data/lat pulldown/lat pulldown_1600061.jpg,data/lat pulldown/lat pulldown_1600071.jpg,data/lat pulldown/lat pulldown_1600081.jpg,data/lat pulldown/lat pulldown_1600091.jpg,data/lat pulldown/lat pulldown_1600091.jpg,data/lat pulldown/lat pulldown_1600091.jpg,data/lat pulldown/lat pulldown_1600091.jpg,data/lat pulldown/lat pulldown_1600091.jpg,data/lat pulldown/lat pulldown_1600091.jpg,data/lat pulldown/lat pulldown_1600091.jpg,8
lat pulldown,lat pulldown|num_170,test,7,1.0,61.0,numeric,data/lat pulldown/lat pulldown_1700001.jpg,data/lat pulldown/lat pulldown_1700011.jpg,data/lat pulldown/lat pulldown_1700021.jpg,data/lat pulldown/lat pulldown_1700031.jpg,data/lat pulldown/lat pulldown_1700041.jpg,data/lat pulldown/lat pulldown_1700051.jpg,data/lat pulldown/lat pulldown_1700061.jpg,data/lat pulldown/lat pulldown_1700061.jpg,data/lat pulldown/lat pulldown_1700061.jpg,data/lat pulldown/lat pulldown_1700061.jpg,data/lat pulldown/lat pulldown_1700061.jpg,data/lat pulldown/lat pulldown_1700061.jpg,data/lat pulldown/lat pulldown_1700061.jpg,data/lat pulldown/lat pulldown_1700061.jpg,data/lat pulldown/lat pulldown_1700061.jpg,data/lat pulldown/lat pulldown_1700061.jpg,8
lat pulldown,lat pulldown|num_180,val,7,1.0,61.0,numeric,data/lat pulldown/lat pulldown_1800001.jpg,data/lat pulldown/lat pulldown_1800011.jpg,data/lat pulldown/lat pulldown_1800021.jpg,data/lat pulldown/lat pulldown_1800031.jpg,data/lat pulldown/lat pulldown_1800041.jpg,data/lat pulldown/lat pulldown_1800051.jpg,data/lat pulldown/lat pulldown_1800061.jpg,data/lat pulldown/lat pulldown_1800061.jpg,data/lat pulldown/lat pulldown_1800061.jpg,data/lat pulldown/lat pulldown_1800061.jpg,data/lat pulldown/lat pulldown_1800061.jpg,data/lat pulldown/lat pulldown_1800061.jpg,data/lat pulldown/lat pulldown_1800061.jpg,data/lat pulldown/lat pulldown_1800061.jpg,data/lat pulldown/lat pulldown_1800061.jpg,data/lat pulldown/lat pulldown_1800061.jpg,8
lat pulldown,lat pulldown|num_190,train,7,1.0,61.0,numeric,data/lat pulldown/lat pulldown_1900001.jpg,data/lat pulldown/lat pulldown_1900011.jpg,data/lat pulldown/lat pulldown_1900021.jpg,data/lat pulldown/lat pulldown_1900031.jpg,data/lat pulldown/lat pulldown_1900041.jpg,data/lat pulldown/lat pulldown_1900051.jpg,data/lat pulldown/lat pulldown_1900061.jpg,data/lat pulldown/lat pulldown_1900061.jpg,data/lat pulldown/lat pulldown_1900061.jpg,data/lat pulldown/lat pulldown_1900061.jpg,data/lat pulldown/lat pulldown_1900061.jpg,data/lat pulldown/lat pulldown_1900061.jpg,data/lat pulldown/lat pulldown_1900061.jpg,data/lat pulldown/lat pulldown_1900061.jpg,data/lat pulldown/lat pulldown_1900061.jpg,data/lat pulldown/lat pulldown_1900061.jpg,8
lat pulldown,lat pulldown|num_20,train,7,1.0,61.0,numeric,data/lat pulldown/lat pulldown_200001.jpg,data/lat pulldown/lat pulldown_200011.jpg,data/lat pulldown/lat pulldown_200021.jpg,data/lat pulldown/lat pulldown_200031.jpg,data/lat pulldown/lat pulldown_200041.jpg,data/lat pulldown/lat pulldown_200051.jpg,data/lat pulldown/lat pulldown_200061.jpg,data/lat pulldown/lat pulldown_200061.jpg,data/lat pulldown/lat pulldown_200061.jpg,data/lat pulldown/lat pulldown_200061.jpg,data/lat pulldown/lat pulldown_200061.jpg,data/lat pulldown/lat pulldown_200061.jpg,data/lat pulldown/lat pulldown_200061.jpg,data/lat pulldown/lat pulldown_200061.jpg,data/lat pulldown/lat pulldown_200061.jpg,data/lat pulldown/lat pulldown_200061.jpg,8
lat pulldown,lat pulldown|num_200,train,7,1.0,61.0,numeric,data/lat pulldown/lat pulldown_2000001.jpg,data/lat pulldown/lat pulldown_2000011.jpg,data/lat pulldown/lat pulldown_2000021.jpg,data/lat pulldown/lat pulldown_2000031.jpg,data/lat pulldown/lat pulldown_2000041.jpg,data/lat pulldown/lat pulldown_2000051.jpg,data/lat pulldown/lat pulldown_2000061.jpg,data/lat pulldown/lat pulldown_2000061.jpg,data/lat pulldown/lat pulldown_2000061.jpg,data/lat pulldown/lat pulldown_2000061.jpg,data/lat pulldown/lat pulldown_2000061.jpg,data/lat pulldown/lat pulldown_2000061.jpg,data/lat pulldown/lat pulldown_2000061.jpg,data/lat pulldown/lat pulldown_2000061.jpg,data/lat pulldown/lat pulldown_2000061.jpg,data/lat pulldown/lat pulldown_2000061.jpg,8
lat pulldown,lat pulldown|num_210,train,6,1.0,51.0,numeric,data/lat pulldown/lat pulldown_2100001.jpg,data/lat pulldown/lat pulldown_2100011.jpg,data/lat pulldown/lat pulldown_2100021.jpg,data/lat pulldown/lat pulldown_2100031.jpg,data/lat pulldown/lat pulldown_2100041.jpg,data/lat pulldown/lat pulldown_2100051.jpg,data/lat pulldown/lat pulldown_2100051.jpg,data/lat pulldown/lat pulldown_2100051.jpg,data/lat pulldown/lat pulldown_2100051.jpg,data/lat pulldown/lat pulldown_2100051.jpg,data/lat pulldown/lat pulldown_2100051.jpg,data/lat pulldown/lat pulldown_2100051.jpg,data/lat pulldown/lat pulldown_2100051.jpg,data/lat pulldown/lat pulldown_2100051.jpg,data/lat pulldown/lat pulldown_2100051.jpg,data/lat pulldown/lat pulldown_2100051.jpg,8
lat pulldown,lat pulldown|num_220,train,7,1.0,61.0,numeric,data/lat pulldown/lat pulldown_2200001.jpg,data/lat pulldown/lat pulldown_2200011.jpg,data/lat pulldown/lat pulldown_2200021.jpg,data/lat pulldown/lat pulldown_2200031.jpg,data/lat pulldown/lat pulldown_2200041.jpg,data/lat pulldown/lat pulldown_2200051.jpg,data/lat pulldown/lat pulldown_2200061.jpg,data/lat pulldown/lat pulldown_2200061.jpg,data/lat pulldown/lat pulldown_2200061.jpg,data/lat pulldown/lat pulldown_2200061.jpg,data/lat pulldown/lat pulldown_2200061.jpg,data/lat pulldown/lat pulldown_2200061.jpg,data/lat pulldown/lat pulldown_2200061.jpg,data/lat pulldown/lat pulldown_2200061.jpg,data/lat pulldown/lat pulldown_2200061.jpg,data/lat pulldown/lat pulldown_2200061.jpg,8
lat pulldown,lat pulldown|num_230,train,10,1.0,91.0,numeric,data/lat pulldown/lat pulldown_2300001.jpg,data/lat pulldown/lat pulldown_2300011.jpg,data/lat pulldown/lat pulldown_2300021.jpg,data/lat pulldown/lat pulldown_2300031.jpg,data/lat pulldown/lat pulldown_2300041.jpg,data/lat pulldown/lat pulldown_2300051.jpg,data/lat pulldown/lat pulldown_2300061.jpg,data/lat pulldown/lat pulldown_2300071.jpg,data/lat pulldown/lat pulldown_2300081.jpg,data/lat pulldown/lat pulldown_2300091.jpg,data/lat pulldown/lat pulldown_2300091.jpg,data/lat pulldown/lat pulldown_2300091.jpg,data/lat pulldown/lat pulldown_2300091.jpg,data/lat pulldown/lat pulldown_2300091.jpg,data/lat pulldown/lat pulldown_2300091.jpg,data/lat pulldown/lat pulldown_2300091.jpg,8
lat pulldown,lat pulldown|num_240,train,7,1.0,61.0,numeric,data/lat pulldown/lat pulldown_2400001.jpg,data/lat pulldown/lat pulldown_2400011.jpg,data/lat pulldown/lat pulldown_2400021.jpg,data/lat pulldown/lat pulldown_2400031.jpg,data/lat pulldown/lat pulldown_2400041.jpg,data/lat pulldown/lat pulldown_2400051.jpg,data/lat pulldown/lat pulldown_2400061.jpg,data/lat pulldown/lat pulldown_2400061.jpg,data/lat pulldown/lat pulldown_2400061.jpg,data/lat pulldown/lat pulldown_2400061.jpg,data/lat pulldown/lat pulldown_2400061.jpg,data/lat pulldown/lat pulldown_2400061.jpg,data/lat pulldown/lat pulldown_2400061.jpg,data/lat pulldown/lat pulldown_2400061.jpg,data/lat pulldown/lat pulldown_2400061.jpg,data/lat pulldown/lat pulldown_2400061.jpg,8
lat pulldown,lat pulldown|num_250,val,10,1.0,91.0,numeric,data/lat pulldown/lat pulldown_2500001.jpg,data/lat pulldown/lat pulldown_2500011.jpg,data/lat pulldown/lat pulldown_2500021.jpg,data/lat pulldown/lat pulldown_2500031.jpg,data/lat pulldown/lat pulldown_2500041.jpg,data/lat pulldown/lat pulldown_2500051.jpg,data/lat pulldown/lat pulldown_2500061.jpg,data/lat pulldown/lat pulldown_2500071.jpg,data/lat pulldown/lat pulldown_2500081.jpg,data/lat pulldown/lat pulldown_2500091.jpg,data/lat pulldown/lat pulldown_2500091.jpg,data/lat pulldown/lat pulldown_2500091.jpg,data/lat pulldown/lat pulldown_2500091.jpg,data/lat pulldown/lat pulldown_2500091.jpg,data/lat pulldown/lat pulldown_2500091.jpg,data/lat pulldown/lat pulldown_2500091.jpg,8
lat pulldown,lat pulldown|num_260,train,16,1.0,151.0,numeric,data/lat pulldown/lat pulldown_2600001.jpg,data/lat pulldown/lat pulldown_2600011.jpg,data/lat pulldown/lat pulldown_2600021.jpg,data/lat pulldown/lat pulldown_2600031.jpg,data/lat pulldown/lat pulldown_2600041.jpg,data/lat pulldown/lat pulldown_2600051.jpg,data/lat pulldown/lat pulldown_2600061.jpg,data/lat pulldown/lat pulldown_2600071.jpg,data/lat pulldown/lat pulldown_2600081.jpg,data/lat pulldown/lat pulldown_2600091.jpg,data/lat pulldown/lat pulldown_2600101.jpg,data/lat pulldown/lat pulldown_2600111.jpg,data/lat pulldown/lat pulldown_2600121.jpg,data/lat pulldown/lat pulldown_2600131.jpg,data/lat pulldown/lat pulldown_2600141.jpg,data/lat pulldown/lat pulldown_2600151.jpg,8
lat pulldown,lat pulldown|num_270,train,35,1.0,341.0,numeric,data/lat pulldown/lat pulldown_2700001.jpg,data/lat pulldown/lat pulldown_2700021.jpg,data/lat pulldown/lat pulldown_2700041.jpg,data/lat pulldown/lat pulldown_2700061.jpg,data/lat pulldown/lat pulldown_2700091.jpg,data/lat pulldown/lat pulldown_2700111.jpg,data/lat pulldown/lat pulldown_2700131.jpg,data/lat pulldown/lat pulldown_2700151.jpg,data/lat pulldown/lat pulldown_2700181.jpg,data/lat pulldown/lat pulldown_2700201.jpg,data/lat pulldown/lat pulldown_2700221.jpg,data/lat pulldown/lat pulldown_2700241.jpg,data/lat pulldown/lat pulldown_2700271.jpg,data/lat pulldown/lat pulldown_2700291.jpg,data/lat pulldown/lat pulldown_2700311.jpg,data/lat pulldown/lat pulldown_2700341.jpg,8
lat pulldown,lat pulldown|num_280,train,10,1.0,91.0,numeric,data/lat pulldown/lat pulldown_2800001.jpg,data/lat pulldown/lat pulldown_2800011.jpg,data/lat pulldown/lat pulldown_2800021.jpg,data/lat pulldown/lat pulldown_2800031.jpg,data/lat pulldown/lat pulldown_2800041.jpg,data/lat pulldown/lat pulldown_2800051.jpg,data/lat pulldown/lat pulldown_2800061.jpg,data/lat pulldown/lat pulldown_2800071.jpg,data/lat pulldown/lat pulldown_2800081.jpg,data/lat pulldown/lat pulldown_2800091.jpg,data/lat pulldown/lat pulldown_2800091.jpg,data/lat pulldown/lat pulldown_2800091.jpg,data/lat pulldown/lat pulldown_2800091.jpg,data/lat pulldown/lat pulldown_2800091.jpg,data/lat pulldown/lat pulldown_2800091.jpg,data/lat pulldown/lat pulldown_2800091.jpg,8
lat pulldown,lat pulldown|num_290,train,13,1.0,121.0,numeric,data/lat pulldown/lat pulldown_2900001.jpg,data/lat pulldown/lat pulldown_2900011.jpg,data/lat pulldown/lat pulldown_2900021.jpg,data/lat pulldown/lat pulldown_2900031.jpg,data/lat pulldown/lat pulldown_2900041.jpg,data/lat pulldown/lat pulldown_2900051.jpg,data/lat pulldown/lat pulldown_2900061.jpg,data/lat pulldown/lat pulldown_2900071.jpg,data/lat pulldown/lat pulldown_2900081.jpg,data/lat pulldown/lat pulldown_2900091.jpg,data/lat pulldown/lat pulldown_2900101.jpg,data/lat pulldown/lat pulldown_2900111.jpg,data/lat pulldown/lat pulldown_2900121.jpg,data/lat pulldown/lat pulldown_2900121.jpg,data/lat pulldown/lat pulldown_2900121.jpg,data/lat pulldown/lat pulldown_2900121.jpg,8
lat pulldown,lat pulldown|num_30,val,7,1.0,61.0,numeric,data/lat pulldown/lat pulldown_300001.jpg,data/lat pulldown/lat pulldown_300011.jpg,data/lat pulldown/lat pulldown_300021.jpg,data/lat pulldown/lat pulldown_300031.jpg,data/lat pulldown/lat pulldown_300041.jpg,data/lat pulldown/lat pulldown_300051.jpg,data/lat pulldown/lat pulldown_300061.jpg,data/lat pulldown/lat pulldown_300061.jpg,data/lat pulldown/lat pulldown_300061.jpg,data/lat pulldown/lat pulldown_300061.jpg,data/lat pulldown/lat pulldown_300061.jpg,data/lat pulldown/lat pulldown_300061.jpg,data/lat pulldown/lat pulldown_300061.jpg,data/lat pulldown/lat pulldown_300061.jpg,data/lat pulldown/lat pulldown_300061.jpg,data/lat pulldown/lat pulldown_300061.jpg,8
lat pulldown,lat pulldown|num_300,train,26,1.0,251.0,numeric,data/lat pulldown/lat pulldown_3000001.jpg,data/lat pulldown/lat pulldown_3000011.jpg,data/lat pulldown/lat pulldown_3000031.jpg,data/lat pulldown/lat pulldown_3000051.jpg,data/lat pulldown/lat pulldown_3000061.jpg,data/lat pulldown/lat pulldown_3000081.jpg,data/lat pulldown/lat pulldown_3000101.jpg,data/lat pulldown/lat pulldown_3000111.jpg,data/lat pulldown/lat pulldown_3000131.jpg,data/lat pulldown/lat pulldown_3000151.jpg,data/lat pulldown/lat pulldown_3000161.jpg,data/lat pulldown/lat pulldown_3000181.jpg,data/lat pulldown/lat pulldown_3000201.jpg,data/lat pulldown/lat pulldown_3000211.jpg,data/lat pulldown/lat pulldown_3000231.jpg,data/lat pulldown/lat pulldown_3000251.jpg,8
lat pulldown,lat pulldown|num_310,train,14,1.0,131.0,numeric,data/lat pulldown/lat pulldown_3100001.jpg,data/lat pulldown/lat pulldown_3100011.jpg,data/lat pulldown/lat pulldown_3100021.jpg,data/lat pulldown/lat pulldown_3100031.jpg,data/lat pulldown/lat pulldown_3100041.jpg,data/lat pulldown/lat pulldown_3100051.jpg,data/lat pulldown/lat pulldown_3100061.jpg,data/lat pulldown/lat pulldown_3100071.jpg,data/lat pulldown/lat pulldown_3100081.jpg,data/lat pulldown/lat pulldown_3100091.jpg,data/lat pulldown/lat pulldown_3100101.jpg,data/lat pulldown/lat pulldown_3100111.jpg,data/lat pulldown/lat pulldown_3100121.jpg,data/lat pulldown/lat pulldown_3100131.jpg,data/lat pulldown/lat pulldown_3100131.jpg,data/lat pulldown/lat pulldown_3100131.jpg,8
lat pulldown,lat pulldown|num_320,train,10,1.0,91.0,numeric,data/lat pulldown/lat pulldown_3200001.jpg,data/lat pulldown/lat pulldown_3200011.jpg,data/lat pulldown/lat pulldown_3200021.jpg,data/lat pulldown/lat pulldown_3200031.jpg,data/lat pulldown/lat pulldown_3200041.jpg,data/lat pulldown/lat pulldown_3200051.jpg,data/lat pulldown/lat pulldown_3200061.jpg,data/lat pulldown/lat pulldown_3200071.jpg,data/lat pulldown/lat pulldown_3200081.jpg,data/lat pulldown/lat pulldown_3200091.jpg,data/lat pulldown/lat pulldown_3200091.jpg,data/lat pulldown/lat pulldown_3200091.jpg,data/lat pulldown/lat pulldown_3200091.jpg,data/lat pulldown/lat pulldown_3200091.jpg,data/lat pulldown/lat pulldown_3200091.jpg,data/lat pulldown/lat pulldown_3200091.jpg,8
lat pulldown,lat pulldown|num_330,val,6,1.0,51.0,numeric,data/lat pulldown/lat pulldown_3300001.jpg,data/lat pulldown/lat pulldown_3300011.jpg,data/lat pulldown/lat pulldown_3300021.jpg,data/lat pulldown/lat pulldown_3300031.jpg,data/lat pulldown/lat pulldown_3300041.jpg,data/lat pulldown/lat pulldown_3300051.jpg,data/lat pulldown/lat pulldown_3300051.jpg,data/lat pulldown/lat pulldown_3300051.jpg,data/lat pulldown/lat pulldown_3300051.jpg,data/lat pulldown/lat pulldown_3300051.jpg,data/lat pulldown/lat pulldown_3300051.jpg,data/lat pulldown/lat pulldown_3300051.jpg,data/lat pulldown/lat pulldown_3300051.jpg,data/lat pulldown/lat pulldown_3300051.jpg,data/lat pulldown/lat pulldown_3300051.jpg,data/lat pulldown/lat pulldown_3300051.jpg,8
lat pulldown,lat pulldown|num_340,train,8,1.0,71.0,numeric,data/lat pulldown/lat pulldown_3400001.jpg,data/lat pulldown/lat pulldown_3400011.jpg,data/lat pulldown/lat pulldown_3400021.jpg,data/lat pulldown/lat pulldown_3400031.jpg,data/lat pulldown/lat pulldown_3400041.jpg,data/lat pulldown/lat pulldown_3400051.jpg,data/lat pulldown/lat pulldown_3400061.jpg,data/lat pulldown/lat pulldown_3400071.jpg,data/lat pulldown/lat pulldown_3400071.jpg,data/lat pulldown/lat pulldown_3400071.jpg,data/lat pulldown/lat pulldown_3400071.jpg,data/lat pulldown/lat pulldown_3400071.jpg,data/lat pulldown/lat pulldown_3400071.jpg,data/lat pulldown/lat pulldown_3400071.jpg,data/lat pulldown/lat pulldown_3400071.jpg,data/lat pulldown/lat pulldown_3400071.jpg,8
lat pulldown,lat pulldown|num_350,train,7,1.0,61.0,numeric,data/lat pulldown/lat pulldown_3500001.jpg,data/lat pulldown/lat pulldown_3500011.jpg,data/lat pulldown/lat pulldown_3500021.jpg,data/lat pulldown/lat pulldown_3500031.jpg,data/lat pulldown/lat pulldown_3500041.jpg,data/lat pulldown/lat pulldown_3500051.jpg,data/lat pulldown/lat pulldown_3500061.jpg,data/lat pulldown/lat pulldown_3500061.jpg,data/lat pulldown/lat pulldown_3500061.jpg,data/lat pulldown/lat pulldown_3500061.jpg,data/lat pulldown/lat pulldown_3500061.jpg,data/lat pulldown/lat pulldown_3500061.jpg,data/lat pulldown/lat pulldown_3500061.jpg,data/lat pulldown/lat pulldown_3500061.jpg,data/lat pulldown/lat pulldown_3500061.jpg,data/lat pulldown/lat pulldown_3500061.jpg,8
lat pulldown,lat pulldown|num_360,train,8,1.0,71.0,numeric,data/lat pulldown/lat pulldown_3600001.jpg,data/lat pulldown/lat pulldown_3600011.jpg,data/lat pulldown/lat pulldown_3600021.jpg,data/lat pulldown/lat pulldown_3600031.jpg,data/lat pulldown/lat pulldown_3600041.jpg,data/lat pulldown/lat pulldown_3600051.jpg,data/lat pulldown/lat pulldown_3600061.jpg,data/lat pulldown/lat pulldown_3600071.jpg,data/lat pulldown/lat pulldown_3600071.jpg,data/lat pulldown/lat pulldown_3600071.jpg,data/lat pulldown/lat pulldown_3600071.jpg,data/lat pulldown/lat pulldown_3600071.jpg,data/lat pulldown/lat pulldown_3600071.jpg,data/lat pulldown/lat pulldown_3600071.jpg,data/lat pulldown/lat pulldown_3600071.jpg,data/lat pulldown/lat pulldown_3600071.jpg,8
lat pulldown,lat pulldown|num_370,train,11,1.0,101.0,numeric,data/lat pulldown/lat pulldown_3700001.jpg,data/lat pulldown/lat pulldown_3700011.jpg,data/lat pulldown/lat pulldown_3700021.jpg,data/lat pulldown/lat pulldown_3700031.jpg,data/lat pulldown/lat pulldown_3700041.jpg,data/lat pulldown/lat pulldown_3700051.jpg,data/lat pulldown/lat pulldown_3700061.jpg,data/lat pulldown/lat pulldown_3700071.jpg,data/lat pulldown/lat pulldown_3700081.jpg,data/lat pulldown/lat pulldown_3700091.jpg,data/lat pulldown/lat pulldown_3700101.jpg,data/lat pulldown/lat pulldown_3700101.jpg,data/lat pulldown/lat pulldown_3700101.jpg,data/lat pulldown/lat pulldown_3700101.jpg,data/lat pulldown/lat pulldown_3700101.jpg,data/lat pulldown/lat pulldown_3700101.jpg,8
lat pulldown,lat pulldown|num_380,val,10,1.0,91.0,numeric,data/lat pulldown/lat pulldown_3800001.jpg,data/lat pulldown/lat pulldown_3800011.jpg,data/lat pulldown/lat pulldown_3800021.jpg,data/lat pulldown/lat pulldown_3800031.jpg,data/lat pulldown/lat pulldown_3800041.jpg,data/lat pulldown/lat pulldown_3800051.jpg,data/lat pulldown/lat pulldown_3800061.jpg,data/lat pulldown/lat pulldown_3800071.jpg,data/lat pulldown/lat pulldown_3800081.jpg,data/lat pulldown/lat pulldown_3800091.jpg,data/lat pulldown/lat pulldown_3800091.jpg,data/lat pulldown/lat pulldown_3800091.jpg,data/lat pulldown/lat pulldown_3800091.jpg,data/lat pulldown/lat pulldown_3800091.jpg,data/lat pulldown/lat pulldown_3800091.jpg,data/lat pulldown/lat pulldown_3800091.jpg,8
lat pulldown,lat pulldown|num_390,train,7,1.0,61.0,numeric,data/lat pulldown/lat pulldown_3900001.jpg,data/lat pulldown/lat pulldown_3900011.jpg,data/lat pulldown/lat pulldown_3900021.jpg,data/lat pulldown/lat pulldown_3900031.jpg,data/lat pulldown/lat pulldown_3900041.jpg,data/lat pulldown/lat pulldown_3900051.jpg,data/lat pulldown/lat pulldown_3900061.jpg,data/lat pulldown/lat pulldown_3900061.jpg,data/lat pulldown/lat pulldown_3900061.jpg,data/lat pulldown/lat pulldown_3900061.jpg,data/lat pulldown/lat pulldown_3900061.jpg,data/lat pulldown/lat pulldown_3900061.jpg,data/lat pulldown/lat pulldown_3900061.jpg,data/lat pulldown/lat pulldown_3900061.jpg,data/lat pulldown/lat pulldown_3900061.jpg,data/lat pulldown/lat pulldown_3900061.jpg,8
lat pulldown,lat pulldown|num_40,train,6,1.0,51.0,numeric,data/lat pulldown/lat pulldown_400001.jpg,data/lat pulldown/lat pulldown_400011.jpg,data/lat pulldown/lat pulldown_400021.jpg,data/lat pulldown/lat pulldown_400031.jpg,data/lat pulldown/lat pulldown_400041.jpg,data/lat pulldown/lat pulldown_400051.jpg,data/lat pulldown/lat pulldown_400051.jpg,data/lat pulldown/lat pulldown_400051.jpg,data/lat pulldown/lat pulldown_400051.jpg,data/lat pulldown/lat pulldown_400051.jpg,data/lat pulldown/lat pulldown_400051.jpg,data/lat pulldown/lat pulldown_400051.jpg,data/lat pulldown/lat pulldown_400051.jpg,data/lat pulldown/lat pulldown_400051.jpg,data/lat pulldown/lat pulldown_400051.jpg,data/lat pulldown/lat pulldown_400051.jpg,8
lat pulldown,lat pulldown|num_400,train,24,1.0,231.0,numeric,data/lat pulldown/lat pulldown_4000001.jpg,data/lat pulldown/lat pulldown_4000011.jpg,data/lat pulldown/lat pulldown_4000031.jpg,data/lat pulldown/lat pulldown_4000041.jpg,data/lat pulldown/lat pulldown_4000061.jpg,data/lat pulldown/lat pulldown_4000071.jpg,data/lat pulldown/lat pulldown_4000091.jpg,data/lat pulldown/lat pulldown_4000101.jpg,data/lat pulldown/lat pulldown_4000121.jpg,data/lat pulldown/lat pulldown_4000131.jpg,data/lat pulldown/lat pulldown_4000151.jpg,data/lat pulldown/lat pulldown_4000161.jpg,data/lat pulldown/lat pulldown_4000181.jpg,data/lat pulldown/lat pulldown_4000191.jpg,data/lat pulldown/lat pulldown_4000211.jpg,data/lat pulldown/lat pulldown_4000231.jpg,8
lat pulldown,lat pulldown|num_410,train,15,1.0,141.0,numeric,data/lat pulldown/lat pulldown_4100001.jpg,data/lat pulldown/lat pulldown_4100011.jpg,data/lat pulldown/lat pulldown_4100021.jpg,data/lat pulldown/lat pulldown_4100031.jpg,data/lat pulldown/lat pulldown_4100041.jpg,data/lat pulldown/lat pulldown_4100051.jpg,data/lat pulldown/lat pulldown_4100061.jpg,data/lat pulldown/lat pulldown_4100071.jpg,data/lat pulldown/lat pulldown_4100081.jpg,data/lat pulldown/lat pulldown_4100091.jpg,data/lat pulldown/lat pulldown_4100101.jpg,data/lat pulldown/lat pulldown_4100111.jpg,data/lat pulldown/lat pulldown_4100121.jpg,data/lat pulldown/lat pulldown_4100131.jpg,data/lat pulldown/lat pulldown_4100141.jpg,data/lat pulldown/lat pulldown_4100141.jpg,8
lat pulldown,lat pulldown|num_420,train,15,1.0,141.0,numeric,data/lat pulldown/lat pulldown_4200001.jpg,data/lat pulldown/lat pulldown_4200011.jpg,data/lat pulldown/lat pulldown_4200021.jpg,data/lat pulldown/lat pulldown_4200031.jpg,data/lat pulldown/lat pulldown_4200041.jpg,data/lat pulldown/lat pulldown_4200051.jpg,data/lat pulldown/lat pulldown_4200061.jpg,data/lat pulldown/lat pulldown_4200071.jpg,data/lat pulldown/lat pulldown_4200081.jpg,data/lat pulldown/lat pulldown_4200091.jpg,data/lat pulldown/lat pulldown_4200101.jpg,data/lat pulldown/lat pulldown_4200111.jpg,data/lat pulldown/lat pulldown_4200121.jpg,data/lat pulldown/lat pulldown_4200131.jpg,data/lat pulldown/lat pulldown_4200141.jpg,data/lat pulldown/lat pulldown_4200141.jpg,8
lat pulldown,lat pulldown|num_430,train,16,1.0,151.0,numeric,data/lat pulldown/lat pulldown_4300001.jpg,data/lat pulldown/lat pulldown_4300011.jpg,data/lat pulldown/lat pulldown_4300021.jpg,data/lat pulldown/lat pulldown_4300031.jpg,data/lat pulldown/lat pulldown_4300041.jpg,data/lat pulldown/lat pulldown_4300051.jpg,data/lat pulldown/lat pulldown_4300061.jpg,data/lat pulldown/lat pulldown_4300071.jpg,data/lat pulldown/lat pulldown_4300081.jpg,data/lat pulldown/lat pulldown_4300091.jpg,data/lat pulldown/lat pulldown_4300101.jpg,data/lat pulldown/lat pulldown_4300111.jpg,data/lat pulldown/lat pulldown_4300121.jpg,data/lat pulldown/lat pulldown_4300131.jpg,data/lat pulldown/lat pulldown_4300141.jpg,data/lat pulldown/lat pulldown_4300151.jpg,8
lat pulldown,lat pulldown|num_440,train,11,11.0,111.0,numeric,data/lat pulldown/lat pulldown_4400011.jpg,data/lat pulldown/lat pulldown_4400021.jpg,data/lat pulldown/lat pulldown_4400031.jpg,data/lat pulldown/lat pulldown_4400041.jpg,data/lat pulldown/lat pulldown_4400051.jpg,data/lat pulldown/lat pulldown_4400061.jpg,data/lat pulldown/lat pulldown_4400071.jpg,data/lat pulldown/lat pulldown_4400081.jpg,data/lat pulldown/lat pulldown_4400091.jpg,data/lat pulldown/lat pulldown_4400101.jpg,data/lat pulldown/lat pulldown_4400111.jpg,data/lat pulldown/lat pulldown_4400111.jpg,data/lat pulldown/lat pulldown_4400111.jpg,data/lat pulldown/lat pulldown_4400111.jpg,data/lat pulldown/lat pulldown_4400111.jpg,data/lat pulldown/lat pulldown_4400111.jpg,8
lat pulldown,lat pulldown|num_450,train,21,11.0,211.0,numeric,data/lat pulldown/lat pulldown_4500011.jpg,data/lat pulldown/lat pulldown_4500021.jpg,data/lat pulldown/lat pulldown_4500031.jpg,data/lat pulldown/lat pulldown_4500051.jpg,data/lat pulldown/lat pulldown_4500061.jpg,data/lat pulldown/lat pulldown_4500071.jpg,data/lat pulldown/lat pulldown_4500091.jpg,data/lat pulldown/lat pulldown_4500101.jpg,data/lat pulldown/lat pulldown_4500111.jpg,data/lat pulldown/lat pulldown_4500131.jpg,data/lat pulldown/lat pulldown_4500141.jpg,data/lat pulldown/lat pulldown_4500151.jpg,data/lat pulldown/lat pulldown_4500171.jpg,data/lat pulldown/lat pulldown_4500181.jpg,data/lat pulldown/lat pulldown_4500191.jpg,data/lat pulldown/lat pulldown_4500211.jpg,8
lat pulldown,lat pulldown|num_460,train,30,1.0,291.0,numeric,data/lat pulldown/lat pulldown_4600001.jpg,data/lat pulldown/lat pulldown_4600011.jpg,data/lat pulldown/lat pulldown_4600031.jpg,data/lat pulldown/lat pulldown_4600051.jpg,data/lat pulldown/lat pulldown_4600071.jpg,data/lat pulldown/lat pulldown_4600091.jpg,data/lat pulldown/lat pulldown_4600111.jpg,data/lat pulldown/lat pulldown_4600131.jpg,data/lat pulldown/lat pulldown_4600151.jpg,data/lat pulldown/lat pulldown_4600171.jpg,data/lat pulldown/lat pulldown_4600191.jpg,data/lat pulldown/lat pulldown_4600211.jpg,data/lat pulldown/lat pulldown_4600231.jpg,data/lat pulldown/lat pulldown_4600251.jpg,data/lat pulldown/lat pulldown_4600271.jpg,data/lat pulldown/lat pulldown_4600291.jpg,8
lat pulldown,lat pulldown|num_470,train,9,1.0,81.0,numeric,data/lat pulldown/lat pulldown_4700001.jpg,data/lat pulldown/lat pulldown_4700011.jpg,data/lat pulldown/lat pulldown_4700021.jpg,data/lat pulldown/lat pulldown_4700031.jpg,data/lat pulldown/lat pulldown_4700041.jpg,data/lat pulldown/lat pulldown_4700051.jpg,data/lat pulldown/lat pulldown_4700061.jpg,data/lat pulldown/lat pulldown_4700071.jpg,data/lat pulldown/lat pulldown_4700081.jpg,data/lat pulldown/lat pulldown_4700081.jpg,data/lat pulldown/lat pulldown_4700081.jpg,data/lat pulldown/lat pulldown_4700081.jpg,data/lat pulldown/lat pulldown_4700081.jpg,data/lat pulldown/lat pulldown_4700081.jpg,data/lat pulldown/lat pulldown_4700081.jpg,data/lat pulldown/lat pulldown_4700081.jpg,8
lat pulldown,lat pulldown|num_480,train,29,1.0,281.0,numeric,data/lat pulldown/lat pulldown_4800001.jpg,data/lat pulldown/lat pulldown_4800011.jpg,data/lat pulldown/lat pulldown_4800031.jpg,data/lat pulldown/lat pulldown_4800051.jpg,data/lat pulldown/lat pulldown_4800071.jpg,data/lat pulldown/lat pulldown_4800091.jpg,data/lat pulldown/lat pulldown_4800111.jpg,data/lat pulldown/lat pulldown_4800131.jpg,data/lat pulldown/lat pulldown_4800141.jpg,data/lat pulldown/lat pulldown_4800161.jpg,data/lat pulldown/lat pulldown_4800181.jpg,data/lat pulldown/lat pulldown_4800201.jpg,data/lat pulldown/lat pulldown_4800221.jpg,data/lat pulldown/lat pulldown_4800241.jpg,data/lat pulldown/lat pulldown_4800261.jpg,data/lat pulldown/lat pulldown_4800281.jpg,8
lat pulldown,lat pulldown|num_490,train,26,1.0,251.0,numeric,data/lat pulldown/lat pulldown_4900001.jpg,data/lat pulldown/lat pulldown_4900011.jpg,data/lat pulldown/lat pulldown_4900031.jpg,data/lat pulldown/lat pulldown_4900051.jpg,data/lat pulldown/lat pulldown_4900061.jpg,data/lat pulldown/lat pulldown_4900081.jpg,data/lat pulldown/lat pulldown_4900101.jpg,data/lat pulldown/lat pulldown_4900111.jpg,data/lat pulldown/lat pulldown_4900131.jpg,data/lat pulldown/lat pulldown_4900151.jpg,data/lat pulldown/lat pulldown_4900161.jpg,data/lat pulldown/lat pulldown_4900181.jpg,data/lat pulldown/lat pulldown_4900201.jpg,data/lat pulldown/lat pulldown_4900211.jpg,data/lat pulldown/lat pulldown_4900231.jpg,data/lat pulldown/lat pulldown_4900251.jpg,8
lat pulldown,lat pulldown|num_50,train,7,1.0,61.0,numeric,data/lat pulldown/lat pulldown_500001.jpg,data/lat pulldown/lat pulldown_500011.jpg,data/lat pulldown/lat pulldown_500021.jpg,data/lat pulldown/lat pulldown_500031.jpg,data/lat pulldown/lat pulldown_500041.jpg,data/lat pulldown/lat pulldown_500051.jpg,data/lat pulldown/lat pulldown_500061.jpg,data/lat pulldown/lat pulldown_500061.jpg,data/lat pulldown/lat pulldown_500061.jpg,data/lat pulldown/lat pulldown_500061.jpg,data/lat pulldown/lat pulldown_500061.jpg,data/lat pulldown/lat pulldown_500061.jpg,data/lat pulldown/lat pulldown_500061.jpg,data/lat pulldown/lat pulldown_500061.jpg,data/lat pulldown/lat pulldown_500061.jpg,data/lat pulldown/lat pulldown_500061.jpg,8
lat pulldown,lat pulldown|num_500,train,12,1.0,111.0,numeric,data/lat pulldown/lat pulldown_5000001.jpg,data/lat pulldown/lat pulldown_5000011.jpg,data/lat pulldown/lat pulldown_5000021.jpg,data/lat pulldown/lat pulldown_5000031.jpg,data/lat pulldown/lat pulldown_5000041.jpg,data/lat pulldown/lat pulldown_5000051.jpg,data/lat pulldown/lat pulldown_5000061.jpg,data/lat pulldown/lat pulldown_5000071.jpg,data/lat pulldown/lat pulldown_5000081.jpg,data/lat pulldown/lat pulldown_5000091.jpg,data/lat pulldown/lat pulldown_5000101.jpg,data/lat pulldown/lat pulldown_5000111.jpg,data/lat pulldown/lat pulldown_5000111.jpg,data/lat pulldown/lat pulldown_5000111.jpg,data/lat pulldown/lat pulldown_5000111.jpg,data/lat pulldown/lat pulldown_5000111.jpg,8
lat pulldown,lat pulldown|num_510,train,8,1.0,71.0,numeric,data/lat pulldown/lat pulldown_5100001.jpg,data/lat pulldown/lat pulldown_5100011.jpg,data/lat pulldown/lat pulldown_5100021.jpg,data/lat pulldown/lat pulldown_5100031.jpg,data/lat pulldown/lat pulldown_5100041.jpg,data/lat pulldown/lat pulldown_5100051.jpg,data/lat pulldown/lat pulldown_5100061.jpg,data/lat pulldown/lat pulldown_5100071.jpg,data/lat pulldown/lat pulldown_5100071.jpg,data/lat pulldown/lat pulldown_5100071.jpg,data/lat pulldown/lat pulldown_5100071.jpg,data/lat pulldown/lat pulldown_5100071.jpg,data/lat pulldown/lat pulldown_5100071.jpg,data/lat pulldown/lat pulldown_5100071.jpg,data/lat pulldown/lat pulldown_5100071.jpg,data/lat pulldown/lat pulldown_5100071.jpg,8
lat pulldown,lat pulldown|num_60,train,10,1.0,91.0,numeric,data/lat pulldown/lat pulldown_600001.jpg,data/lat pulldown/lat pulldown_600011.jpg,data/lat pulldown/lat pulldown_600021.jpg,data/lat pulldown/lat pulldown_600031.jpg,data/lat pulldown/lat pulldown_600041.jpg,data/lat pulldown/lat pulldown_600051.jpg,data/lat pulldown/lat pulldown_600061.jpg,data/lat pulldown/lat pulldown_600071.jpg,data/lat pulldown/lat pulldown_600081.jpg,data/lat pulldown/lat pulldown_600091.jpg,data/lat pulldown/lat pulldown_600091.jpg,data/lat pulldown/lat pulldown_600091.jpg,data/lat pulldown/lat pulldown_600091.jpg,data/lat pulldown/lat pulldown_600091.jpg,data/lat pulldown/lat pulldown_600091.jpg,data/lat pulldown/lat pulldown_600091.jpg,8
lat pulldown,lat pulldown|num_70,train,14,1.0,131.0,numeric,data/lat pulldown/lat pulldown_700001.jpg,data/lat pulldown/lat pulldown_700011.jpg,data/lat pulldown/lat pulldown_700021.jpg,data/lat pulldown/lat pulldown_700031.jpg,data/lat pulldown/lat pulldown_700041.jpg,data/lat pulldown/lat pulldown_700051.jpg,data/lat pulldown/lat pulldown_700061.jpg,data/lat pulldown/lat pulldown_700071.jpg,data/lat pulldown/lat pulldown_700081.jpg,data/lat pulldown/lat pulldown_700091.jpg,data/lat pulldown/lat pulldown_700101.jpg,data/lat pulldown/lat pulldown_700111.jpg,data/lat pulldown/lat pulldown_700121.jpg,data/lat pulldown/lat pulldown_700131.jpg,data/lat pulldown/lat pulldown_700131.jpg,data/lat pulldown/lat pulldown_700131.jpg,8
lat pulldown,lat pulldown|num_80,train,15,1.0,141.0,numeric,data/lat pulldown/lat pulldown_800001.jpg,data/lat pulldown/lat pulldown_800011.jpg,data/lat pulldown/lat pulldown_800021.jpg,data/lat pulldown/lat pulldown_800031.jpg,data/lat pulldown/lat pulldown_800041.jpg,data/lat pulldown/lat pulldown_800051.jpg,data/lat pulldown/lat pulldown_800061.jpg,data/lat pulldown/lat pulldown_800071.jpg,data/lat pulldown/lat pulldown_800081.jpg,data/lat pulldown/lat pulldown_800091.jpg,data/lat pulldown/lat pulldown_800101.jpg,data/lat pulldown/lat pulldown_800111.jpg,data/lat pulldown/lat pulldown_800121.jpg,data/lat pulldown/lat pulldown_800131.jpg,data/lat pulldown/lat pulldown_800141.jpg,data/lat pulldown/lat pulldown_800141.jpg,8
lat pulldown,lat pulldown|num_90,val,10,1.0,91.0,numeric,data/lat pulldown/lat pulldown_900001.jpg,data/lat pulldown/lat pulldown_900011.jpg,data/lat pulldown/lat pulldown_900021.jpg,data/lat pulldown/lat pulldown_900031.jpg,data/lat pulldown/lat pulldown_900041.jpg,data/lat pulldown/lat pulldown_900051.jpg,data/lat pulldown/lat pulldown_900061.jpg,data/lat pulldown/lat pulldown_900071.jpg,data/lat pulldown/lat pulldown_900081.jpg,data/lat pulldown/lat pulldown_900091.jpg,data/lat pulldown/lat pulldown_900091.jpg,data/lat pulldown/lat pulldown_900091.jpg,data/lat pulldown/lat pulldown_900091.jpg,data/lat pulldown/lat pulldown_900091.jpg,data/lat pulldown/lat pulldown_900091.jpg,data/lat pulldown/lat pulldown_900091.jpg,8
lateral raises,lateral raises|g1,val,1,,,alpha_num,data/lateral raises/lateral raise_g1.jpg,data/lateral raises/lateral raise_g1.jpg,data/lateral raises/lateral raise_g1.jpg,data/lateral raises/lateral raise_g1.jpg,data/lateral raises/lateral raise_g1.jpg,data/lateral raises/lateral raise_g1.jpg,data/lateral raises/lateral raise_g1.jpg,data/lateral raises/lateral raise_g1.jpg,data/lateral raises/lateral raise_g1.jpg,data/lateral raises/lateral raise_g1.jpg,data/lateral raises/lateral raise_g1.jpg,data/lateral raises/lateral raise_g1.jpg,data/lateral raises/lateral raise_g1.jpg,data/lateral raises/lateral raise_g1.jpg,data/lateral raises/lateral raise_g1.jpg,data/lateral raises/lateral raise_g1.jpg,9
lateral raises,lateral raises|g10,train,1,,,alpha_num,data/lateral raises/lateral raise_g10.jpg,data/lateral raises/lateral raise_g10.jpg,data/lateral raises/lateral raise_g10.jpg,data/lateral raises/lateral raise_g10.jpg,data/lateral raises/lateral raise_g10.jpg,data/lateral raises/lateral raise_g10.jpg,data/lateral raises/lateral raise_g10.jpg,data/lateral raises/lateral raise_g10.jpg,data/lateral raises/lateral raise_g10.jpg,data/lateral raises/lateral raise_g10.jpg,data/lateral raises/lateral raise_g10.jpg,data/lateral raises/lateral raise_g10.jpg,data/lateral raises/lateral raise_g10.jpg,data/lateral raises/lateral raise_g10.jpg,data/lateral raises/lateral raise_g10.jpg,data/lateral raises/lateral raise_g10.jpg,9
lateral raises,lateral raises|g11,train,1,,,alpha_num,data/lateral raises/lateral raise_g11.jpg,data/lateral raises/lateral raise_g11.jpg,data/lateral raises/lateral raise_g11.jpg,data/lateral raises/lateral raise_g11.jpg,data/lateral raises/lateral raise_g11.jpg,data/lateral raises/lateral raise_g11.jpg,data/lateral raises/lateral raise_g11.jpg,data/lateral raises/lateral raise_g11.jpg,data/lateral raises/lateral raise_g11.jpg,data/lateral raises/lateral raise_g11.jpg,data/lateral raises/lateral raise_g11.jpg,data/lateral raises/lateral raise_g11.jpg,data/lateral raises/lateral raise_g11.jpg,data/lateral raises/lateral raise_g11.jpg,data/lateral raises/lateral raise_g11.jpg,data/lateral raises/lateral raise_g11.jpg,9
lateral raises,lateral raises|g12,train,1,,,alpha_num,data/lateral raises/lateral raise_g12.jpg,data/lateral raises/lateral raise_g12.jpg,data/lateral raises/lateral raise_g12.jpg,data/lateral raises/lateral raise_g12.jpg,data/lateral raises/lateral raise_g12.jpg,data/lateral raises/lateral raise_g12.jpg,data/lateral raises/lateral raise_g12.jpg,data/lateral raises/lateral raise_g12.jpg,data/lateral raises/lateral raise_g12.jpg,data/lateral raises/lateral raise_g12.jpg,data/lateral raises/lateral raise_g12.jpg,data/lateral raises/lateral raise_g12.jpg,data/lateral raises/lateral raise_g12.jpg,data/lateral raises/lateral raise_g12.jpg,data/lateral raises/lateral raise_g12.jpg,data/lateral raises/lateral raise_g12.jpg,9
lateral raises,lateral raises|g13,train,1,,,alpha_num,data/lateral raises/lateral raise_g13.jpg,data/lateral raises/lateral raise_g13.jpg,data/lateral raises/lateral raise_g13.jpg,data/lateral raises/lateral raise_g13.jpg,data/lateral raises/lateral raise_g13.jpg,data/lateral raises/lateral raise_g13.jpg,data/lateral raises/lateral raise_g13.jpg,data/lateral raises/lateral raise_g13.jpg,data/lateral raises/lateral raise_g13.jpg,data/lateral raises/lateral raise_g13.jpg,data/lateral raises/lateral raise_g13.jpg,data/lateral raises/lateral raise_g13.jpg,data/lateral raises/lateral raise_g13.jpg,data/lateral raises/lateral raise_g13.jpg,data/lateral raises/lateral raise_g13.jpg,data/lateral raises/lateral raise_g13.jpg,9
lateral raises,lateral raises|g14,train,1,,,alpha_num,data/lateral raises/lateral raise_g14.jpg,data/lateral raises/lateral raise_g14.jpg,data/lateral raises/lateral raise_g14.jpg,data/lateral raises/lateral raise_g14.jpg,data/lateral raises/lateral raise_g14.jpg,data/lateral raises/lateral raise_g14.jpg,data/lateral raises/lateral raise_g14.jpg,data/lateral raises/lateral raise_g14.jpg,data/lateral raises/lateral raise_g14.jpg,data/lateral raises/lateral raise_g14.jpg,data/lateral raises/lateral raise_g14.jpg,data/lateral raises/lateral raise_g14.jpg,data/lateral raises/lateral raise_g14.jpg,data/lateral raises/lateral raise_g14.jpg,data/lateral raises/lateral raise_g14.jpg,data/lateral raises/lateral raise_g14.jpg,9
lateral raises,lateral raises|g15,train,1,,,alpha_num,data/lateral raises/lateral raise_g15.jpg,data/lateral raises/lateral raise_g15.jpg,data/lateral raises/lateral raise_g15.jpg,data/lateral raises/lateral raise_g15.jpg,data/lateral raises/lateral raise_g15.jpg,data/lateral raises/lateral raise_g15.jpg,data/lateral raises/lateral raise_g15.jpg,data/lateral raises/lateral raise_g15.jpg,data/lateral raises/lateral raise_g15.jpg,data/lateral raises/lateral raise_g15.jpg,data/lateral raises/lateral raise_g15.jpg,data/lateral raises/lateral raise_g15.jpg,data/lateral raises/lateral raise_g15.jpg,data/lateral raises/lateral raise_g15.jpg,data/lateral raises/lateral raise_g15.jpg,data/lateral raises/lateral raise_g15.jpg,9
lateral raises,lateral raises|g16,train,1,,,alpha_num,data/lateral raises/lateral raise_g16.jpg,data/lateral raises/lateral raise_g16.jpg,data/lateral raises/lateral raise_g16.jpg,data/lateral raises/lateral raise_g16.jpg,data/lateral raises/lateral raise_g16.jpg,data/lateral raises/lateral raise_g16.jpg,data/lateral raises/lateral raise_g16.jpg,data/lateral raises/lateral raise_g16.jpg,data/lateral raises/lateral raise_g16.jpg,data/lateral raises/lateral raise_g16.jpg,data/lateral raises/lateral raise_g16.jpg,data/lateral raises/lateral raise_g16.jpg,data/lateral raises/lateral raise_g16.jpg,data/lateral raises/lateral raise_g16.jpg,data/lateral raises/lateral raise_g16.jpg,data/lateral raises/lateral raise_g16.jpg,9
lateral raises,lateral raises|g17,val,1,,,alpha_num,data/lateral raises/lateral raise_g17.jpg,data/lateral raises/lateral raise_g17.jpg,data/lateral raises/lateral raise_g17.jpg,data/lateral raises/lateral raise_g17.jpg,data/lateral raises/lateral raise_g17.jpg,data/lateral raises/lateral raise_g17.jpg,data/lateral raises/lateral raise_g17.jpg,data/lateral raises/lateral raise_g17.jpg,data/lateral raises/lateral raise_g17.jpg,data/lateral raises/lateral raise_g17.jpg,data/lateral raises/lateral raise_g17.jpg,data/lateral raises/lateral raise_g17.jpg,data/lateral raises/lateral raise_g17.jpg,data/lateral raises/lateral raise_g17.jpg,data/lateral raises/lateral raise_g17.jpg,data/lateral raises/lateral raise_g17.jpg,9
lateral raises,lateral raises|g18,train,1,,,alpha_num,data/lateral raises/lateral raise_g18.jpg,data/lateral raises/lateral raise_g18.jpg,data/lateral raises/lateral raise_g18.jpg,data/lateral raises/lateral raise_g18.jpg,data/lateral raises/lateral raise_g18.jpg,data/lateral raises/lateral raise_g18.jpg,data/lateral raises/lateral raise_g18.jpg,data/lateral raises/lateral raise_g18.jpg,data/lateral raises/lateral raise_g18.jpg,data/lateral raises/lateral raise_g18.jpg,data/lateral raises/lateral raise_g18.jpg,data/lateral raises/lateral raise_g18.jpg,data/lateral raises/lateral raise_g18.jpg,data/lateral raises/lateral raise_g18.jpg,data/lateral raises/lateral raise_g18.jpg,data/lateral raises/lateral raise_g18.jpg,9
lateral raises,lateral raises|g19,train,1,,,alpha_num,data/lateral raises/lateral raise_g19.jpg,data/lateral raises/lateral raise_g19.jpg,data/lateral raises/lateral raise_g19.jpg,data/lateral raises/lateral raise_g19.jpg,data/lateral raises/lateral raise_g19.jpg,data/lateral raises/lateral raise_g19.jpg,data/lateral raises/lateral raise_g19.jpg,data/lateral raises/lateral raise_g19.jpg,data/lateral raises/lateral raise_g19.jpg,data/lateral raises/lateral raise_g19.jpg,data/lateral raises/lateral raise_g19.jpg,data/lateral raises/lateral raise_g19.jpg,data/lateral raises/lateral raise_g19.jpg,data/lateral raises/lateral raise_g19.jpg,data/lateral raises/lateral raise_g19.jpg,data/lateral raises/lateral raise_g19.jpg,9
lateral raises,lateral raises|g2,train,1,,,alpha_num,data/lateral raises/lateral raise_g2.jpg,data/lateral raises/lateral raise_g2.jpg,data/lateral raises/lateral raise_g2.jpg,data/lateral raises/lateral raise_g2.jpg,data/lateral raises/lateral raise_g2.jpg,data/lateral raises/lateral raise_g2.jpg,data/lateral raises/lateral raise_g2.jpg,data/lateral raises/lateral raise_g2.jpg,data/lateral raises/lateral raise_g2.jpg,data/lateral raises/lateral raise_g2.jpg,data/lateral raises/lateral raise_g2.jpg,data/lateral raises/lateral raise_g2.jpg,data/lateral raises/lateral raise_g2.jpg,data/lateral raises/lateral raise_g2.jpg,data/lateral raises/lateral raise_g2.jpg,data/lateral raises/lateral raise_g2.jpg,9
lateral raises,lateral raises|g20,train,1,,,alpha_num,data/lateral raises/lateral raise_g20.jpg,data/lateral raises/lateral raise_g20.jpg,data/lateral raises/lateral raise_g20.jpg,data/lateral raises/lateral raise_g20.jpg,data/lateral raises/lateral raise_g20.jpg,data/lateral raises/lateral raise_g20.jpg,data/lateral raises/lateral raise_g20.jpg,data/lateral raises/lateral raise_g20.jpg,data/lateral raises/lateral raise_g20.jpg,data/lateral raises/lateral raise_g20.jpg,data/lateral raises/lateral raise_g20.jpg,data/lateral raises/lateral raise_g20.jpg,data/lateral raises/lateral raise_g20.jpg,data/lateral raises/lateral raise_g20.jpg,data/lateral raises/lateral raise_g20.jpg,data/lateral raises/lateral raise_g20.jpg,9
lateral raises,lateral raises|g21,train,1,,,alpha_num,data/lateral raises/lateral raise_g21.jpg,data/lateral raises/lateral raise_g21.jpg,data/lateral raises/lateral raise_g21.jpg,data/lateral raises/lateral raise_g21.jpg,data/lateral raises/lateral raise_g21.jpg,data/lateral raises/lateral raise_g21.jpg,data/lateral raises/lateral raise_g21.jpg,data/lateral raises/lateral raise_g21.jpg,data/lateral raises/lateral raise_g21.jpg,data/lateral raises/lateral raise_g21.jpg,data/lateral raises/lateral raise_g21.jpg,data/lateral raises/lateral raise_g21.jpg,data/lateral raises/lateral raise_g21.jpg,data/lateral raises/lateral raise_g21.jpg,data/lateral raises/lateral raise_g21.jpg,data/lateral raises/lateral raise_g21.jpg,9
lateral raises,lateral raises|g22,test,1,,,alpha_num,data/lateral raises/lateral raise_g22.jpg,data/lateral raises/lateral raise_g22.jpg,data/lateral raises/lateral raise_g22.jpg,data/lateral raises/lateral raise_g22.jpg,data/lateral raises/lateral raise_g22.jpg,data/lateral raises/lateral raise_g22.jpg,data/lateral raises/lateral raise_g22.jpg,data/lateral raises/lateral raise_g22.jpg,data/lateral raises/lateral raise_g22.jpg,data/lateral raises/lateral raise_g22.jpg,data/lateral raises/lateral raise_g22.jpg,data/lateral raises/lateral raise_g22.jpg,data/lateral raises/lateral raise_g22.jpg,data/lateral raises/lateral raise_g22.jpg,data/lateral raises/lateral raise_g22.jpg,data/lateral raises/lateral raise_g22.jpg,9
lateral raises,lateral raises|g23,train,1,,,alpha_num,data/lateral raises/lateral raise_g23.jpg,data/lateral raises/lateral raise_g23.jpg,data/lateral raises/lateral raise_g23.jpg,data/lateral raises/lateral raise_g23.jpg,data/lateral raises/lateral raise_g23.jpg,data/lateral raises/lateral raise_g23.jpg,data/lateral raises/lateral raise_g23.jpg,data/lateral raises/lateral raise_g23.jpg,data/lateral raises/lateral raise_g23.jpg,data/lateral raises/lateral raise_g23.jpg,data/lateral raises/lateral raise_g23.jpg,data/lateral raises/lateral raise_g23.jpg,data/lateral raises/lateral raise_g23.jpg,data/lateral raises/lateral raise_g23.jpg,data/lateral raises/lateral raise_g23.jpg,data/lateral raises/lateral raise_g23.jpg,9
lateral raises,lateral raises|g24,train,1,,,alpha_num,data/lateral raises/lateral raise_g24.jpg,data/lateral raises/lateral raise_g24.jpg,data/lateral raises/lateral raise_g24.jpg,data/lateral raises/lateral raise_g24.jpg,data/lateral raises/lateral raise_g24.jpg,data/lateral raises/lateral raise_g24.jpg,data/lateral raises/lateral raise_g24.jpg,data/lateral raises/lateral raise_g24.jpg,data/lateral raises/lateral raise_g24.jpg,data/lateral raises/lateral raise_g24.jpg,data/lateral raises/lateral raise_g24.jpg,data/lateral raises/lateral raise_g24.jpg,data/lateral raises/lateral raise_g24.jpg,data/lateral raises/lateral raise_g24.jpg,data/lateral raises/lateral raise_g24.jpg,data/lateral raises/lateral raise_g24.jpg,9
lateral raises,lateral raises|g25,train,1,,,alpha_num,data/lateral raises/lateral raise_g25.jpg,data/lateral raises/lateral raise_g25.jpg,data/lateral raises/lateral raise_g25.jpg,data/lateral raises/lateral raise_g25.jpg,data/lateral raises/lateral raise_g25.jpg,data/lateral raises/lateral raise_g25.jpg,data/lateral raises/lateral raise_g25.jpg,data/lateral raises/lateral raise_g25.jpg,data/lateral raises/lateral raise_g25.jpg,data/lateral raises/lateral raise_g25.jpg,data/lateral raises/lateral raise_g25.jpg,data/lateral raises/lateral raise_g25.jpg,data/lateral raises/lateral raise_g25.jpg,data/lateral raises/lateral raise_g25.jpg,data/lateral raises/lateral raise_g25.jpg,data/lateral raises/lateral raise_g25.jpg,9
lateral raises,lateral raises|g26,train,1,,,alpha_num,data/lateral raises/lateral raise_g26.jpg,data/lateral raises/lateral raise_g26.jpg,data/lateral raises/lateral raise_g26.jpg,data/lateral raises/lateral raise_g26.jpg,data/lateral raises/lateral raise_g26.jpg,data/lateral raises/lateral raise_g26.jpg,data/lateral raises/lateral raise_g26.jpg,data/lateral raises/lateral raise_g26.jpg,data/lateral raises/lateral raise_g26.jpg,data/lateral raises/lateral raise_g26.jpg,data/lateral raises/lateral raise_g26.jpg,data/lateral raises/lateral raise_g26.jpg,data/lateral raises/lateral raise_g26.jpg,data/lateral raises/lateral raise_g26.jpg,data/lateral raises/lateral raise_g26.jpg,data/lateral raises/lateral raise_g26.jpg,9
lateral raises,lateral raises|g27,train,1,,,alpha_num,data/lateral raises/lateral raise_g27.jpg,data/lateral raises/lateral raise_g27.jpg,data/lateral raises/lateral raise_g27.jpg,data/lateral raises/lateral raise_g27.jpg,data/lateral raises/lateral raise_g27.jpg,data/lateral raises/lateral raise_g27.jpg,data/lateral raises/lateral raise_g27.jpg,data/lateral raises/lateral raise_g27.jpg,data/lateral raises/lateral raise_g27.jpg,data/lateral raises/lateral raise_g27.jpg,data/lateral raises/lateral raise_g27.jpg,data/lateral raises/lateral raise_g27.jpg,data/lateral raises/lateral raise_g27.jpg,data/lateral raises/lateral raise_g27.jpg,data/lateral raises/lateral raise_g27.jpg,data/lateral raises/lateral raise_g27.jpg,9
lateral raises,lateral raises|g28,train,1,,,alpha_num,data/lateral raises/lateral raise_g28.jpg,data/lateral raises/lateral raise_g28.jpg,data/lateral raises/lateral raise_g28.jpg,data/lateral raises/lateral raise_g28.jpg,data/lateral raises/lateral raise_g28.jpg,data/lateral raises/lateral raise_g28.jpg,data/lateral raises/lateral raise_g28.jpg,data/lateral raises/lateral raise_g28.jpg,data/lateral raises/lateral raise_g28.jpg,data/lateral raises/lateral raise_g28.jpg,data/lateral raises/lateral raise_g28.jpg,data/lateral raises/lateral raise_g28.jpg,data/lateral raises/lateral raise_g28.jpg,data/lateral raises/lateral raise_g28.jpg,data/lateral raises/lateral raise_g28.jpg,data/lateral raises/lateral raise_g28.jpg,9
lateral raises,lateral raises|g29,val,1,,,alpha_num,data/lateral raises/lateral raise_g29.jpg,data/lateral raises/lateral raise_g29.jpg,data/lateral raises/lateral raise_g29.jpg,data/lateral raises/lateral raise_g29.jpg,data/lateral raises/lateral raise_g29.jpg,data/lateral raises/lateral raise_g29.jpg,data/lateral raises/lateral raise_g29.jpg,data/lateral raises/lateral raise_g29.jpg,data/lateral raises/lateral raise_g29.jpg,data/lateral raises/lateral raise_g29.jpg,data/lateral raises/lateral raise_g29.jpg,data/lateral raises/lateral raise_g29.jpg,data/lateral raises/lateral raise_g29.jpg,data/lateral raises/lateral raise_g29.jpg,data/lateral raises/lateral raise_g29.jpg,data/lateral raises/lateral raise_g29.jpg,9
lateral raises,lateral raises|g3,train,1,,,alpha_num,data/lateral raises/lateral raise_g3.jpg,data/lateral raises/lateral raise_g3.jpg,data/lateral raises/lateral raise_g3.jpg,data/lateral raises/lateral raise_g3.jpg,data/lateral raises/lateral raise_g3.jpg,data/lateral raises/lateral raise_g3.jpg,data/lateral raises/lateral raise_g3.jpg,data/lateral raises/lateral raise_g3.jpg,data/lateral raises/lateral raise_g3.jpg,data/lateral raises/lateral raise_g3.jpg,data/lateral raises/lateral raise_g3.jpg,data/lateral raises/lateral raise_g3.jpg,data/lateral raises/lateral raise_g3.jpg,data/lateral raises/lateral raise_g3.jpg,data/lateral raises/lateral raise_g3.jpg,data/lateral raises/lateral raise_g3.jpg,9
lateral raises,lateral raises|g30,train,1,,,alpha_num,data/lateral raises/lateral raise_g30.jpg,data/lateral raises/lateral raise_g30.jpg,data/lateral raises/lateral raise_g30.jpg,data/lateral raises/lateral raise_g30.jpg,data/lateral raises/lateral raise_g30.jpg,data/lateral raises/lateral raise_g30.jpg,data/lateral raises/lateral raise_g30.jpg,data/lateral raises/lateral raise_g30.jpg,data/lateral raises/lateral raise_g30.jpg,data/lateral raises/lateral raise_g30.jpg,data/lateral raises/lateral raise_g30.jpg,data/lateral raises/lateral raise_g30.jpg,data/lateral raises/lateral raise_g30.jpg,data/lateral raises/lateral raise_g30.jpg,data/lateral raises/lateral raise_g30.jpg,data/lateral raises/lateral raise_g30.jpg,9
lateral raises,lateral raises|g31,train,1,,,alpha_num,data/lateral raises/lateral raise_g31.jpg,data/lateral raises/lateral raise_g31.jpg,data/lateral raises/lateral raise_g31.jpg,data/lateral raises/lateral raise_g31.jpg,data/lateral raises/lateral raise_g31.jpg,data/lateral raises/lateral raise_g31.jpg,data/lateral raises/lateral raise_g31.jpg,data/lateral raises/lateral raise_g31.jpg,data/lateral raises/lateral raise_g31.jpg,data/lateral raises/lateral raise_g31.jpg,data/lateral raises/lateral raise_g31.jpg,data/lateral raises/lateral raise_g31.jpg,data/lateral raises/lateral raise_g31.jpg,data/lateral raises/lateral raise_g31.jpg,data/lateral raises/lateral raise_g31.jpg,data/lateral raises/lateral raise_g31.jpg,9
lateral raises,lateral raises|g32,train,1,,,alpha_num,data/lateral raises/lateral raise_g32.jpg,data/lateral raises/lateral raise_g32.jpg,data/lateral raises/lateral raise_g32.jpg,data/lateral raises/lateral raise_g32.jpg,data/lateral raises/lateral raise_g32.jpg,data/lateral raises/lateral raise_g32.jpg,data/lateral raises/lateral raise_g32.jpg,data/lateral raises/lateral raise_g32.jpg,data/lateral raises/lateral raise_g32.jpg,data/lateral raises/lateral raise_g32.jpg,data/lateral raises/lateral raise_g32.jpg,data/lateral raises/lateral raise_g32.jpg,data/lateral raises/lateral raise_g32.jpg,data/lateral raises/lateral raise_g32.jpg,data/lateral raises/lateral raise_g32.jpg,data/lateral raises/lateral raise_g32.jpg,9
lateral raises,lateral raises|g33,train,1,,,alpha_num,data/lateral raises/lateral raise_g33.jpg,data/lateral raises/lateral raise_g33.jpg,data/lateral raises/lateral raise_g33.jpg,data/lateral raises/lateral raise_g33.jpg,data/lateral raises/lateral raise_g33.jpg,data/lateral raises/lateral raise_g33.jpg,data/lateral raises/lateral raise_g33.jpg,data/lateral raises/lateral raise_g33.jpg,data/lateral raises/lateral raise_g33.jpg,data/lateral raises/lateral raise_g33.jpg,data/lateral raises/lateral raise_g33.jpg,data/lateral raises/lateral raise_g33.jpg,data/lateral raises/lateral raise_g33.jpg,data/lateral raises/lateral raise_g33.jpg,data/lateral raises/lateral raise_g33.jpg,data/lateral raises/lateral raise_g33.jpg,9
lateral raises,lateral raises|g34,train,1,,,alpha_num,data/lateral raises/lateral raise_g34.jpg,data/lateral raises/lateral raise_g34.jpg,data/lateral raises/lateral raise_g34.jpg,data/lateral raises/lateral raise_g34.jpg,data/lateral raises/lateral raise_g34.jpg,data/lateral raises/lateral raise_g34.jpg,data/lateral raises/lateral raise_g34.jpg,data/lateral raises/lateral raise_g34.jpg,data/lateral raises/lateral raise_g34.jpg,data/lateral raises/lateral raise_g34.jpg,data/lateral raises/lateral raise_g34.jpg,data/lateral raises/lateral raise_g34.jpg,data/lateral raises/lateral raise_g34.jpg,data/lateral raises/lateral raise_g34.jpg,data/lateral raises/lateral raise_g34.jpg,data/lateral raises/lateral raise_g34.jpg,9
lateral raises,lateral raises|g35,train,1,,,alpha_num,data/lateral raises/lateral raise_g35.jpg,data/lateral raises/lateral raise_g35.jpg,data/lateral raises/lateral raise_g35.jpg,data/lateral raises/lateral raise_g35.jpg,data/lateral raises/lateral raise_g35.jpg,data/lateral raises/lateral raise_g35.jpg,data/lateral raises/lateral raise_g35.jpg,data/lateral raises/lateral raise_g35.jpg,data/lateral raises/lateral raise_g35.jpg,data/lateral raises/lateral raise_g35.jpg,data/lateral raises/lateral raise_g35.jpg,data/lateral raises/lateral raise_g35.jpg,data/lateral raises/lateral raise_g35.jpg,data/lateral raises/lateral raise_g35.jpg,data/lateral raises/lateral raise_g35.jpg,data/lateral raises/lateral raise_g35.jpg,9
lateral raises,lateral raises|g36,train,1,,,alpha_num,data/lateral raises/lateral raise_g36.jpg,data/lateral raises/lateral raise_g36.jpg,data/lateral raises/lateral raise_g36.jpg,data/lateral raises/lateral raise_g36.jpg,data/lateral raises/lateral raise_g36.jpg,data/lateral raises/lateral raise_g36.jpg,data/lateral raises/lateral raise_g36.jpg,data/lateral raises/lateral raise_g36.jpg,data/lateral raises/lateral raise_g36.jpg,data/lateral raises/lateral raise_g36.jpg,data/lateral raises/lateral raise_g36.jpg,data/lateral raises/lateral raise_g36.jpg,data/lateral raises/lateral raise_g36.jpg,data/lateral raises/lateral raise_g36.jpg,data/lateral raises/lateral raise_g36.jpg,data/lateral raises/lateral raise_g36.jpg,9
lateral raises,lateral raises|g37,train,1,,,alpha_num,data/lateral raises/lateral raise_g37.jpg,data/lateral raises/lateral raise_g37.jpg,data/lateral raises/lateral raise_g37.jpg,data/lateral raises/lateral raise_g37.jpg,data/lateral raises/lateral raise_g37.jpg,data/lateral raises/lateral raise_g37.jpg,data/lateral raises/lateral raise_g37.jpg,data/lateral raises/lateral raise_g37.jpg,data/lateral raises/lateral raise_g37.jpg,data/lateral raises/lateral raise_g37.jpg,data/lateral raises/lateral raise_g37.jpg,data/lateral raises/lateral raise_g37.jpg,data/lateral raises/lateral raise_g37.jpg,data/lateral raises/lateral raise_g37.jpg,data/lateral raises/lateral raise_g37.jpg,data/lateral raises/lateral raise_g37.jpg,9
lateral raises,lateral raises|g4,train,1,,,alpha_num,data/lateral raises/lateral raise_g4.jpg,data/lateral raises/lateral raise_g4.jpg,data/lateral raises/lateral raise_g4.jpg,data/lateral raises/lateral raise_g4.jpg,data/lateral raises/lateral raise_g4.jpg,data/lateral raises/lateral raise_g4.jpg,data/lateral raises/lateral raise_g4.jpg,data/lateral raises/lateral raise_g4.jpg,data/lateral raises/lateral raise_g4.jpg,data/lateral raises/lateral raise_g4.jpg,data/lateral raises/lateral raise_g4.jpg,data/lateral raises/lateral raise_g4.jpg,data/lateral raises/lateral raise_g4.jpg,data/lateral raises/lateral raise_g4.jpg,data/lateral raises/lateral raise_g4.jpg,data/lateral raises/lateral raise_g4.jpg,9
lateral raises,lateral raises|g5,train,1,,,alpha_num,data/lateral raises/lateral raise_g5.jpg,data/lateral raises/lateral raise_g5.jpg,data/lateral raises/lateral raise_g5.jpg,data/lateral raises/lateral raise_g5.jpg,data/lateral raises/lateral raise_g5.jpg,data/lateral raises/lateral raise_g5.jpg,data/lateral raises/lateral raise_g5.jpg,data/lateral raises/lateral raise_g5.jpg,data/lateral raises/lateral raise_g5.jpg,data/lateral raises/lateral raise_g5.jpg,data/lateral raises/lateral raise_g5.jpg,data/lateral raises/lateral raise_g5.jpg,data/lateral raises/lateral raise_g5.jpg,data/lateral raises/lateral raise_g5.jpg,data/lateral raises/lateral raise_g5.jpg,data/lateral raises/lateral raise_g5.jpg,9
lateral raises,lateral raises|g6,train,1,,,alpha_num,data/lateral raises/lateral raise_g6.jpg,data/lateral raises/lateral raise_g6.jpg,data/lateral raises/lateral raise_g6.jpg,data/lateral raises/lateral raise_g6.jpg,data/lateral raises/lateral raise_g6.jpg,data/lateral raises/lateral raise_g6.jpg,data/lateral raises/lateral raise_g6.jpg,data/lateral raises/lateral raise_g6.jpg,data/lateral raises/lateral raise_g6.jpg,data/lateral raises/lateral raise_g6.jpg,data/lateral raises/lateral raise_g6.jpg,data/lateral raises/lateral raise_g6.jpg,data/lateral raises/lateral raise_g6.jpg,data/lateral raises/lateral raise_g6.jpg,data/lateral raises/lateral raise_g6.jpg,data/lateral raises/lateral raise_g6.jpg,9
lateral raises,lateral raises|g7,train,1,,,alpha_num,data/lateral raises/lateral raise_g7.jpg,data/lateral raises/lateral raise_g7.jpg,data/lateral raises/lateral raise_g7.jpg,data/lateral raises/lateral raise_g7.jpg,data/lateral raises/lateral raise_g7.jpg,data/lateral raises/lateral raise_g7.jpg,data/lateral raises/lateral raise_g7.jpg,data/lateral raises/lateral raise_g7.jpg,data/lateral raises/lateral raise_g7.jpg,data/lateral raises/lateral raise_g7.jpg,data/lateral raises/lateral raise_g7.jpg,data/lateral raises/lateral raise_g7.jpg,data/lateral raises/lateral raise_g7.jpg,data/lateral raises/lateral raise_g7.jpg,data/lateral raises/lateral raise_g7.jpg,data/lateral raises/lateral raise_g7.jpg,9
lateral raises,lateral raises|g8,train,1,,,alpha_num,data/lateral raises/lateral raise_g8.jpg,data/lateral raises/lateral raise_g8.jpg,data/lateral raises/lateral raise_g8.jpg,data/lateral raises/lateral raise_g8.jpg,data/lateral raises/lateral raise_g8.jpg,data/lateral raises/lateral raise_g8.jpg,data/lateral raises/lateral raise_g8.jpg,data/lateral raises/lateral raise_g8.jpg,data/lateral raises/lateral raise_g8.jpg,data/lateral raises/lateral raise_g8.jpg,data/lateral raises/lateral raise_g8.jpg,data/lateral raises/lateral raise_g8.jpg,data/lateral raises/lateral raise_g8.jpg,data/lateral raises/lateral raise_g8.jpg,data/lateral raises/lateral raise_g8.jpg,data/lateral raises/lateral raise_g8.jpg,9
lateral raises,lateral raises|g9,train,1,,,alpha_num,data/lateral raises/lateral raise_g9.jpg,data/lateral raises/lateral raise_g9.jpg,data/lateral raises/lateral raise_g9.jpg,data/lateral raises/lateral raise_g9.jpg,data/lateral raises/lateral raise_g9.jpg,data/lateral raises/lateral raise_g9.jpg,data/lateral raises/lateral raise_g9.jpg,data/lateral raises/lateral raise_g9.jpg,data/lateral raises/lateral raise_g9.jpg,data/lateral raises/lateral raise_g9.jpg,data/lateral raises/lateral raise_g9.jpg,data/lateral raises/lateral raise_g9.jpg,data/lateral raises/lateral raise_g9.jpg,data/lateral raises/lateral raise_g9.jpg,data/lateral raises/lateral raise_g9.jpg,data/lateral raises/lateral raise_g9.jpg,9
lateral raises,lateral raises|num_10,train,41,1.0,401.0,numeric,data/lateral raises/lateral raise_100001.jpg,data/lateral raises/lateral raise_100021.jpg,data/lateral raises/lateral raise_100051.jpg,data/lateral raises/lateral raise_100081.jpg,data/lateral raises/lateral raise_100101.jpg,data/lateral raises/lateral raise_100131.jpg,data/lateral raises/lateral raise_100161.jpg,data/lateral raises/lateral raise_100181.jpg,data/lateral raises/lateral raise_100211.jpg,data/lateral raises/lateral raise_100241.jpg,data/lateral raises/lateral raise_100261.jpg,data/lateral raises/lateral raise_100291.jpg,data/lateral raises/lateral raise_100321.jpg,data/lateral raises/lateral raise_100341.jpg,data/lateral raises/lateral raise_100371.jpg,data/lateral raises/lateral raise_100401.jpg,9
lateral raises,lateral raises|num_100,train,15,1.0,141.0,numeric,data/lateral raises/lateral raise_1000001.jpg,data/lateral raises/lateral raise_1000011.jpg,data/lateral raises/lateral raise_1000021.jpg,data/lateral raises/lateral raise_1000031.jpg,data/lateral raises/lateral raise_1000041.jpg,data/lateral raises/lateral raise_1000051.jpg,data/lateral raises/lateral raise_1000061.jpg,data/lateral raises/lateral raise_1000071.jpg,data/lateral raises/lateral raise_1000081.jpg,data/lateral raises/lateral raise_1000091.jpg,data/lateral raises/lateral raise_1000101.jpg,data/lateral raises/lateral raise_1000111.jpg,data/lateral raises/lateral raise_1000121.jpg,data/lateral raises/lateral raise_1000131.jpg,data/lateral raises/lateral raise_1000141.jpg,data/lateral raises/lateral raise_1000141.jpg,9
lateral raises,lateral raises|num_110,train,28,1.0,271.0,numeric,data/lateral raises/lateral raise_1100001.jpg,data/lateral raises/lateral raise_1100011.jpg,data/lateral raises/lateral raise_1100031.jpg,data/lateral raises/lateral raise_1100051.jpg,data/lateral raises/lateral raise_1100071.jpg,data/lateral raises/lateral raise_1100091.jpg,data/lateral raises/lateral raise_1100101.jpg,data/lateral raises/lateral raise_1100121.jpg,data/lateral raises/lateral raise_1100141.jpg,data/lateral raises/lateral raise_1100161.jpg,data/lateral raises/lateral raise_1100181.jpg,data/lateral raises/lateral raise_1100191.jpg,data/lateral raises/lateral raise_1100211.jpg,data/lateral raises/lateral raise_1100231.jpg,data/lateral raises/lateral raise_1100251.jpg,data/lateral raises/lateral raise_1100271.jpg,9
lateral raises,lateral raises|num_120,train,10,1.0,91.0,numeric,data/lateral raises/lateral raise_1200001.jpg,data/lateral raises/lateral raise_1200011.jpg,data/lateral raises/lateral raise_1200021.jpg,data/lateral raises/lateral raise_1200031.jpg,data/lateral raises/lateral raise_1200041.jpg,data/lateral raises/lateral raise_1200051.jpg,data/lateral raises/lateral raise_1200061.jpg,data/lateral raises/lateral raise_1200071.jpg,data/lateral raises/lateral raise_1200081.jpg,data/lateral raises/lateral raise_1200091.jpg,data/lateral raises/lateral raise_1200091.jpg,data/lateral raises/lateral raise_1200091.jpg,data/lateral raises/lateral raise_1200091.jpg,data/lateral raises/lateral raise_1200091.jpg,data/lateral raises/lateral raise_1200091.jpg,data/lateral raises/lateral raise_1200091.jpg,9
lateral raises,lateral raises|num_130,train,11,1.0,101.0,numeric,data/lateral raises/lateral raise_1300001.jpg,data/lateral raises/lateral raise_1300011.jpg,data/lateral raises/lateral raise_1300021.jpg,data/lateral raises/lateral raise_1300031.jpg,data/lateral raises/lateral raise_1300041.jpg,data/lateral raises/lateral raise_1300051.jpg,data/lateral raises/lateral raise_1300061.jpg,data/lateral raises/lateral raise_1300071.jpg,data/lateral raises/lateral raise_1300081.jpg,data/lateral raises/lateral raise_1300091.jpg,data/lateral raises/lateral raise_1300101.jpg,data/lateral raises/lateral raise_1300101.jpg,data/lateral raises/lateral raise_1300101.jpg,data/lateral raises/lateral raise_1300101.jpg,data/lateral raises/lateral raise_1300101.jpg,data/lateral raises/lateral raise_1300101.jpg,9
lateral raises,lateral raises|num_140,train,19,1.0,181.0,numeric,data/lateral raises/lateral raise_1400001.jpg,data/lateral raises/lateral raise_1400011.jpg,data/lateral raises/lateral raise_1400021.jpg,data/lateral raises/lateral raise_1400031.jpg,data/lateral raises/lateral raise_1400041.jpg,data/lateral raises/lateral raise_1400061.jpg,data/lateral raises/lateral raise_1400071.jpg,data/lateral raises/lateral raise_1400081.jpg,data/lateral raises/lateral raise_1400091.jpg,data/lateral raises/lateral raise_1400101.jpg,data/lateral raises/lateral raise_1400121.jpg,data/lateral raises/lateral raise_1400131.jpg,data/lateral raises/lateral raise_1400141.jpg,data/lateral raises/lateral raise_1400151.jpg,data/lateral raises/lateral raise_1400161.jpg,data/lateral raises/lateral raise_1400181.jpg,9
lateral raises,lateral raises|num_150,train,9,1.0,81.0,numeric,data/lateral raises/lateral raise_1500001.jpg,data/lateral raises/lateral raise_1500011.jpg,data/lateral raises/lateral raise_1500021.jpg,data/lateral raises/lateral raise_1500031.jpg,data/lateral raises/lateral raise_1500041.jpg,data/lateral raises/lateral raise_1500051.jpg,data/lateral raises/lateral raise_1500061.jpg,data/lateral raises/lateral raise_1500071.jpg,data/lateral raises/lateral raise_1500081.jpg,data/lateral raises/lateral raise_1500081.jpg,data/lateral raises/lateral raise_1500081.jpg,data/lateral raises/lateral raise_1500081.jpg,data/lateral raises/lateral raise_1500081.jpg,data/lateral raises/lateral raise_1500081.jpg,data/lateral raises/lateral raise_1500081.jpg,data/lateral raises/lateral raise_1500081.jpg,9
lateral raises,lateral raises|num_160,train,12,1.0,111.0,numeric,data/lateral raises/lateral raise_1600001.jpg,data/lateral raises/lateral raise_1600011.jpg,data/lateral raises/lateral raise_1600021.jpg,data/lateral raises/lateral raise_1600031.jpg,data/lateral raises/lateral raise_1600041.jpg,data/lateral raises/lateral raise_1600051.jpg,data/lateral raises/lateral raise_1600061.jpg,data/lateral raises/lateral raise_1600071.jpg,data/lateral raises/lateral raise_1600081.jpg,data/lateral raises/lateral raise_1600091.jpg,data/lateral raises/lateral raise_1600101.jpg,data/lateral raises/lateral raise_1600111.jpg,data/lateral raises/lateral raise_1600111.jpg,data/lateral raises/lateral raise_1600111.jpg,data/lateral raises/lateral raise_1600111.jpg,data/lateral raises/lateral raise_1600111.jpg,9
lateral raises,lateral raises|num_170,train,18,1.0,171.0,numeric,data/lateral raises/lateral raise_1700001.jpg,data/lateral raises/lateral raise_1700011.jpg,data/lateral raises/lateral raise_1700021.jpg,data/lateral raises/lateral raise_1700031.jpg,data/lateral raises/lateral raise_1700041.jpg,data/lateral raises/lateral raise_1700051.jpg,data/lateral raises/lateral raise_1700061.jpg,data/lateral raises/lateral raise_1700071.jpg,data/lateral raises/lateral raise_1700091.jpg,data/lateral raises/lateral raise_1700101.jpg,data/lateral raises/lateral raise_1700111.jpg,data/lateral raises/lateral raise_1700121.jpg,data/lateral raises/lateral raise_1700131.jpg,data/lateral raises/lateral raise_1700141.jpg,data/lateral raises/lateral raise_1700151.jpg,data/lateral raises/lateral raise_1700171.jpg,9
lateral raises,lateral raises|num_180,train,9,1.0,81.0,numeric,data/lateral raises/lateral raise_1800001.jpg,data/lateral raises/lateral raise_1800011.jpg,data/lateral raises/lateral raise_1800021.jpg,data/lateral raises/lateral raise_1800031.jpg,data/lateral raises/lateral raise_1800041.jpg,data/lateral raises/lateral raise_1800051.jpg,data/lateral raises/lateral raise_1800061.jpg,data/lateral raises/lateral raise_1800071.jpg,data/lateral raises/lateral raise_1800081.jpg,data/lateral raises/lateral raise_1800081.jpg,data/lateral raises/lateral raise_1800081.jpg,data/lateral raises/lateral raise_1800081.jpg,data/lateral raises/lateral raise_1800081.jpg,data/lateral raises/lateral raise_1800081.jpg,data/lateral raises/lateral raise_1800081.jpg,data/lateral raises/lateral raise_1800081.jpg,9
lateral raises,lateral raises|num_190,train,12,1.0,111.0,numeric,data/lateral raises/lateral raise_1900001.jpg,data/lateral raises/lateral raise_1900011.jpg,data/lateral raises/lateral raise_1900021.jpg,data/lateral raises/lateral raise_1900031.jpg,data/lateral raises/lateral raise_1900041.jpg,data/lateral raises/lateral raise_1900051.jpg,data/lateral raises/lateral raise_1900061.jpg,data/lateral raises/lateral raise_1900071.jpg,data/lateral raises/lateral raise_1900081.jpg,data/lateral raises/lateral raise_1900091.jpg,data/lateral raises/lateral raise_1900101.jpg,data/lateral raises/lateral raise_1900111.jpg,data/lateral raises/lateral raise_1900111.jpg,data/lateral raises/lateral raise_1900111.jpg,data/lateral raises/lateral raise_1900111.jpg,data/lateral raises/lateral raise_1900111.jpg,9
lateral raises,lateral raises|num_20,train,38,1.0,371.0,numeric,data/lateral raises/lateral raise_200001.jpg,data/lateral raises/lateral raise_200021.jpg,data/lateral raises/lateral raise_200041.jpg,data/lateral raises/lateral raise_200071.jpg,data/lateral raises/lateral raise_200091.jpg,data/lateral raises/lateral raise_200121.jpg,data/lateral raises/lateral raise_200141.jpg,data/lateral raises/lateral raise_200171.jpg,data/lateral raises/lateral raise_200191.jpg,data/lateral raises/lateral raise_200221.jpg,data/lateral raises/lateral raise_200241.jpg,data/lateral raises/lateral raise_200271.jpg,data/lateral raises/lateral raise_200291.jpg,data/lateral raises/lateral raise_200321.jpg,data/lateral raises/lateral raise_200341.jpg,data/lateral raises/lateral raise_200371.jpg,9
lateral raises,lateral raises|num_200,train,10,1.0,91.0,numeric,data/lateral raises/lateral raise_2000001.jpg,data/lateral raises/lateral raise_2000011.jpg,data/lateral raises/lateral raise_2000021.jpg,data/lateral raises/lateral raise_2000031.jpg,data/lateral raises/lateral raise_2000041.jpg,data/lateral raises/lateral raise_2000051.jpg,data/lateral raises/lateral raise_2000061.jpg,data/lateral raises/lateral raise_2000071.jpg,data/lateral raises/lateral raise_2000081.jpg,data/lateral raises/lateral raise_2000091.jpg,data/lateral raises/lateral raise_2000091.jpg,data/lateral raises/lateral raise_2000091.jpg,data/lateral raises/lateral raise_2000091.jpg,data/lateral raises/lateral raise_2000091.jpg,data/lateral raises/lateral raise_2000091.jpg,data/lateral raises/lateral raise_2000091.jpg,9
lateral raises,lateral raises|num_210,train,8,1.0,71.0,numeric,data/lateral raises/lateral raise_2100001.jpg,data/lateral raises/lateral raise_2100011.jpg,data/lateral raises/lateral raise_2100021.jpg,data/lateral raises/lateral raise_2100031.jpg,data/lateral raises/lateral raise_2100041.jpg,data/lateral raises/lateral raise_2100051.jpg,data/lateral raises/lateral raise_2100061.jpg,data/lateral raises/lateral raise_2100071.jpg,data/lateral raises/lateral raise_2100071.jpg,data/lateral raises/lateral raise_2100071.jpg,data/lateral raises/lateral raise_2100071.jpg,data/lateral raises/lateral raise_2100071.jpg,data/lateral raises/lateral raise_2100071.jpg,data/lateral raises/lateral raise_2100071.jpg,data/lateral raises/lateral raise_2100071.jpg,data/lateral raises/lateral raise_2100071.jpg,9
lateral raises,lateral raises|num_220,train,9,1.0,81.0,numeric,data/lateral raises/lateral raise_2200001.jpg,data/lateral raises/lateral raise_2200011.jpg,data/lateral raises/lateral raise_2200021.jpg,data/lateral raises/lateral raise_2200031.jpg,data/lateral raises/lateral raise_2200041.jpg,data/lateral raises/lateral raise_2200051.jpg,data/lateral raises/lateral raise_2200061.jpg,data/lateral raises/lateral raise_2200071.jpg,data/lateral raises/lateral raise_2200081.jpg,data/lateral raises/lateral raise_2200081.jpg,data/lateral raises/lateral raise_2200081.jpg,data/lateral raises/lateral raise_2200081.jpg,data/lateral raises/lateral raise_2200081.jpg,data/lateral raises/lateral raise_2200081.jpg,data/lateral raises/lateral raise_2200081.jpg,data/lateral raises/lateral raise_2200081.jpg,9
lateral raises,lateral raises|num_230,train,9,1.0,81.0,numeric,data/lateral raises/lateral raise_2300001.jpg,data/lateral raises/lateral raise_2300011.jpg,data/lateral raises/lateral raise_2300021.jpg,data/lateral raises/lateral raise_2300031.jpg,data/lateral raises/lateral raise_2300041.jpg,data/lateral raises/lateral raise_2300051.jpg,data/lateral raises/lateral raise_2300061.jpg,data/lateral raises/lateral raise_2300071.jpg,data/lateral raises/lateral raise_2300081.jpg,data/lateral raises/lateral raise_2300081.jpg,data/lateral raises/lateral raise_2300081.jpg,data/lateral raises/lateral raise_2300081.jpg,data/lateral raises/lateral raise_2300081.jpg,data/lateral raises/lateral raise_2300081.jpg,data/lateral raises/lateral raise_2300081.jpg,data/lateral raises/lateral raise_2300081.jpg,9
lateral raises,lateral raises|num_240,train,18,1.0,171.0,numeric,data/lateral raises/lateral raise_2400001.jpg,data/lateral raises/lateral raise_2400011.jpg,data/lateral raises/lateral raise_2400021.jpg,data/lateral raises/lateral raise_2400031.jpg,data/lateral raises/lateral raise_2400041.jpg,data/lateral raises/lateral raise_2400051.jpg,data/lateral raises/lateral raise_2400061.jpg,data/lateral raises/lateral raise_2400071.jpg,data/lateral raises/lateral raise_2400091.jpg,data/lateral raises/lateral raise_2400101.jpg,data/lateral raises/lateral raise_2400111.jpg,data/lateral raises/lateral raise_2400121.jpg,data/lateral raises/lateral raise_2400131.jpg,data/lateral raises/lateral raise_2400141.jpg,data/lateral raises/lateral raise_2400151.jpg,data/lateral raises/lateral raise_2400171.jpg,9
lateral raises,lateral raises|num_250,train,17,1.0,161.0,numeric,data/lateral raises/lateral raise_2500001.jpg,data/lateral raises/lateral raise_2500011.jpg,data/lateral raises/lateral raise_2500021.jpg,data/lateral raises/lateral raise_2500031.jpg,data/lateral raises/lateral raise_2500041.jpg,data/lateral raises/lateral raise_2500051.jpg,data/lateral raises/lateral raise_2500061.jpg,data/lateral raises/lateral raise_2500071.jpg,data/lateral raises/lateral raise_2500081.jpg,data/lateral raises/lateral raise_2500091.jpg,data/lateral raises/lateral raise_2500101.jpg,data/lateral raises/lateral raise_2500111.jpg,data/lateral raises/lateral raise_2500121.jpg,data/lateral raises/lateral raise_2500131.jpg,data/lateral raises/lateral raise_2500141.jpg,data/lateral raises/lateral raise_2500161.jpg,9
lateral raises,lateral raises|num_260,train,25,1.0,241.0,numeric,data/lateral raises/lateral raise_2600001.jpg,data/lateral raises/lateral raise_2600011.jpg,data/lateral raises/lateral raise_2600031.jpg,data/lateral raises/lateral raise_2600041.jpg,data/lateral raises/lateral raise_2600061.jpg,data/lateral raises/lateral raise_2600081.jpg,data/lateral raises/lateral raise_2600091.jpg,data/lateral raises/lateral raise_2600111.jpg,data/lateral raises/lateral raise_2600121.jpg,data/lateral raises/lateral raise_2600141.jpg,data/lateral raises/lateral raise_2600161.jpg,data/lateral raises/lateral raise_2600171.jpg,data/lateral raises/lateral raise_2600191.jpg,data/lateral raises/lateral raise_2600201.jpg,data/lateral raises/lateral raise_2600221.jpg,data/lateral raises/lateral raise_2600241.jpg,9
lateral raises,lateral raises|num_270,train,18,1.0,171.0,numeric,data/lateral raises/lateral raise_2700001.jpg,data/lateral raises/lateral raise_2700011.jpg,data/lateral raises/lateral raise_2700021.jpg,data/lateral raises/lateral raise_2700031.jpg,data/lateral raises/lateral raise_2700041.jpg,data/lateral raises/lateral raise_2700051.jpg,data/lateral raises/lateral raise_2700061.jpg,data/lateral raises/lateral raise_2700071.jpg,data/lateral raises/lateral raise_2700091.jpg,data/lateral raises/lateral raise_2700101.jpg,data/lateral raises/lateral raise_2700111.jpg,data/lateral raises/lateral raise_2700121.jpg,data/lateral raises/lateral raise_2700131.jpg,data/lateral raises/lateral raise_2700141.jpg,data/lateral raises/lateral raise_2700151.jpg,data/lateral raises/lateral raise_2700171.jpg,9
lateral raises,lateral raises|num_280,train,28,1.0,271.0,numeric,data/lateral raises/lateral raise_2800001.jpg,data/lateral raises/lateral raise_2800011.jpg,data/lateral raises/lateral raise_2800031.jpg,data/lateral raises/lateral raise_2800051.jpg,data/lateral raises/lateral raise_2800071.jpg,data/lateral raises/lateral raise_2800091.jpg,data/lateral raises/lateral raise_2800101.jpg,data/lateral raises/lateral raise_2800121.jpg,data/lateral raises/lateral raise_2800141.jpg,data/lateral raises/lateral raise_2800161.jpg,data/lateral raises/lateral raise_2800181.jpg,data/lateral raises/lateral raise_2800191.jpg,data/lateral raises/lateral raise_2800211.jpg,data/lateral raises/lateral raise_2800231.jpg,data/lateral raises/lateral raise_2800251.jpg,data/lateral raises/lateral raise_2800271.jpg,9
lateral raises,lateral raises|num_290,train,19,1.0,181.0,numeric,data/lateral raises/lateral raise_2900001.jpg,data/lateral raises/lateral raise_2900011.jpg,data/lateral raises/lateral raise_2900021.jpg,data/lateral raises/lateral raise_2900031.jpg,data/lateral raises/lateral raise_2900041.jpg,data/lateral raises/lateral raise_2900061.jpg,data/lateral raises/lateral raise_2900071.jpg,data/lateral raises/lateral raise_2900081.jpg,data/lateral raises/lateral raise_2900091.jpg,data/lateral raises/lateral raise_2900101.jpg,data/lateral raises/lateral raise_2900121.jpg,data/lateral raises/lateral raise_2900131.jpg,data/lateral raises/lateral raise_2900141.jpg,data/lateral raises/lateral raise_2900151.jpg,data/lateral raises/lateral raise_2900161.jpg,data/lateral raises/lateral raise_2900181.jpg,9
lateral raises,lateral raises|num_30,train,41,1.0,401.0,numeric,data/lateral raises/lateral raise_300001.jpg,data/lateral raises/lateral raise_300021.jpg,data/lateral raises/lateral raise_300051.jpg,data/lateral raises/lateral raise_300081.jpg,data/lateral raises/lateral raise_300101.jpg,data/lateral raises/lateral raise_300131.jpg,data/lateral raises/lateral raise_300161.jpg,data/lateral raises/lateral raise_300181.jpg,data/lateral raises/lateral raise_300211.jpg,data/lateral raises/lateral raise_300241.jpg,data/lateral raises/lateral raise_300261.jpg,data/lateral raises/lateral raise_300291.jpg,data/lateral raises/lateral raise_300321.jpg,data/lateral raises/lateral raise_300341.jpg,data/lateral raises/lateral raise_300371.jpg,data/lateral raises/lateral raise_300401.jpg,9
lateral raises,lateral raises|num_300,val,22,1.0,211.0,numeric,data/lateral raises/lateral raise_3000001.jpg,data/lateral raises/lateral raise_3000011.jpg,data/lateral raises/lateral raise_3000021.jpg,data/lateral raises/lateral raise_3000041.jpg,data/lateral raises/lateral raise_3000051.jpg,data/lateral raises/lateral raise_3000071.jpg,data/lateral raises/lateral raise_3000081.jpg,data/lateral raises/lateral raise_3000091.jpg,data/lateral raises/lateral raise_3000111.jpg,data/lateral raises/lateral raise_3000121.jpg,data/lateral raises/lateral raise_3000141.jpg,data/lateral raises/lateral raise_3000151.jpg,data/lateral raises/lateral raise_3000161.jpg,data/lateral raises/lateral raise_3000181.jpg,data/lateral raises/lateral raise_3000191.jpg,data/lateral raises/lateral raise_3000211.jpg,9
lateral raises,lateral raises|num_310,train,29,1.0,281.0,numeric,data/lateral raises/lateral raise_3100001.jpg,data/lateral raises/lateral raise_3100011.jpg,data/lateral raises/lateral raise_3100031.jpg,data/lateral raises/lateral raise_3100051.jpg,data/lateral raises/lateral raise_3100071.jpg,data/lateral raises/lateral raise_3100091.jpg,data/lateral raises/lateral raise_3100111.jpg,data/lateral raises/lateral raise_3100131.jpg,data/lateral raises/lateral raise_3100141.jpg,data/lateral raises/lateral raise_3100161.jpg,data/lateral raises/lateral raise_3100181.jpg,data/lateral raises/lateral raise_3100201.jpg,data/lateral raises/lateral raise_3100221.jpg,data/lateral raises/lateral raise_3100241.jpg,data/lateral raises/lateral raise_3100261.jpg,data/lateral raises/lateral raise_3100281.jpg,9
lateral raises,lateral raises|num_320,train,29,1.0,281.0,numeric,data/lateral raises/lateral raise_3200001.jpg,data/lateral raises/lateral raise_3200011.jpg,data/lateral raises/lateral raise_3200031.jpg,data/lateral raises/lateral raise_3200051.jpg,data/lateral raises/lateral raise_3200071.jpg,data/lateral raises/lateral raise_3200091.jpg,data/lateral raises/lateral raise_3200111.jpg,data/lateral raises/lateral raise_3200131.jpg,data/lateral raises/lateral raise_3200141.jpg,data/lateral raises/lateral raise_3200161.jpg,data/lateral raises/lateral raise_3200181.jpg,data/lateral raises/lateral raise_3200201.jpg,data/lateral raises/lateral raise_3200221.jpg,data/lateral raises/lateral raise_3200241.jpg,data/lateral raises/lateral raise_3200261.jpg,data/lateral raises/lateral raise_3200281.jpg,9
lateral raises,lateral raises|num_330,val,37,1.0,361.0,numeric,data/lateral raises/lateral raise_3300001.jpg,data/lateral raises/lateral raise_3300021.jpg,data/lateral raises/lateral raise_3300041.jpg,data/lateral raises/lateral raise_3300071.jpg,data/lateral raises/lateral raise_3300091.jpg,data/lateral raises/lateral raise_3300121.jpg,data/lateral raises/lateral raise_3300141.jpg,data/lateral raises/lateral raise_3300161.jpg,data/lateral raises/lateral raise_3300191.jpg,data/lateral raises/lateral raise_3300211.jpg,data/lateral raises/lateral raise_3300241.jpg,data/lateral raises/lateral raise_3300261.jpg,data/lateral raises/lateral raise_3300281.jpg,data/lateral raises/lateral raise_3300311.jpg,data/lateral raises/lateral raise_3300331.jpg,data/lateral raises/lateral raise_3300361.jpg,9
lateral raises,lateral raises|num_340,train,26,1.0,251.0,numeric,data/lateral raises/lateral raise_3400001.jpg,data/lateral raises/lateral raise_3400011.jpg,data/lateral raises/lateral raise_3400031.jpg,data/lateral raises/lateral raise_3400051.jpg,data/lateral raises/lateral raise_3400061.jpg,data/lateral raises/lateral raise_3400081.jpg,data/lateral raises/lateral raise_3400101.jpg,data/lateral raises/lateral raise_3400111.jpg,data/lateral raises/lateral raise_3400131.jpg,data/lateral raises/lateral raise_3400151.jpg,data/lateral raises/lateral raise_3400161.jpg,data/lateral raises/lateral raise_3400181.jpg,data/lateral raises/lateral raise_3400201.jpg,data/lateral raises/lateral raise_3400211.jpg,data/lateral raises/lateral raise_3400231.jpg,data/lateral raises/lateral raise_3400251.jpg,9
lateral raises,lateral raises|num_350,train,28,1.0,271.0,numeric,data/lateral raises/lateral raise_3500001.jpg,data/lateral raises/lateral raise_3500011.jpg,data/lateral raises/lateral raise_3500031.jpg,data/lateral raises/lateral raise_3500051.jpg,data/lateral raises/lateral raise_3500071.jpg,data/lateral raises/lateral raise_3500091.jpg,data/lateral raises/lateral raise_3500101.jpg,data/lateral raises/lateral raise_3500121.jpg,data/lateral raises/lateral raise_3500141.jpg,data/lateral raises/lateral raise_3500161.jpg,data/lateral raises/lateral raise_3500181.jpg,data/lateral raises/lateral raise_3500191.jpg,data/lateral raises/lateral raise_3500211.jpg,data/lateral raises/lateral raise_3500231.jpg,data/lateral raises/lateral raise_3500251.jpg,data/lateral raises/lateral raise_3500271.jpg,9
lateral raises,lateral raises|num_360,train,21,1.0,201.0,numeric,data/lateral raises/lateral raise_3600001.jpg,data/lateral raises/lateral raise_3600011.jpg,data/lateral raises/lateral raise_3600021.jpg,data/lateral raises/lateral raise_3600041.jpg,data/lateral raises/lateral raise_3600051.jpg,data/lateral raises/lateral raise_3600061.jpg,data/lateral raises/lateral raise_3600081.jpg,data/lateral raises/lateral raise_3600091.jpg,data/lateral raises/lateral raise_3600101.jpg,data/lateral raises/lateral raise_3600121.jpg,data/lateral raises/lateral raise_3600131.jpg,data/lateral raises/lateral raise_3600141.jpg,data/lateral raises/lateral raise_3600161.jpg,data/lateral raises/lateral raise_3600171.jpg,data/lateral raises/lateral raise_3600181.jpg,data/lateral raises/lateral raise_3600201.jpg,9
lateral raises,lateral raises|num_370,train,33,1.0,321.0,numeric,data/lateral raises/lateral raise_3700001.jpg,data/lateral raises/lateral raise_3700021.jpg,data/lateral raises/lateral raise_3700041.jpg,data/lateral raises/lateral raise_3700061.jpg,data/lateral raises/lateral raise_3700081.jpg,data/lateral raises/lateral raise_3700101.jpg,data/lateral raises/lateral raise_3700121.jpg,data/lateral raises/lateral raise_3700141.jpg,data/lateral raises/lateral raise_3700171.jpg,data/lateral raises/lateral raise_3700191.jpg,data/lateral raises/lateral raise_3700211.jpg,data/lateral raises/lateral raise_3700231.jpg,data/lateral raises/lateral raise_3700251.jpg,data/lateral raises/lateral raise_3700271.jpg,data/lateral raises/lateral raise_3700291.jpg,data/lateral raises/lateral raise_3700321.jpg,9
lateral raises,lateral raises|num_40,train,40,21.0,411.0,numeric,data/lateral raises/lateral raise_400021.jpg,data/lateral raises/lateral raise_400041.jpg,data/lateral raises/lateral raise_400071.jpg,data/lateral raises/lateral raise_400091.jpg,data/lateral raises/lateral raise_400121.jpg,data/lateral raises/lateral raise_400151.jpg,data/lateral raises/lateral raise_400171.jpg,data/lateral raises/lateral raise_400201.jpg,data/lateral raises/lateral raise_400221.jpg,data/lateral raises/lateral raise_400251.jpg,data/lateral raises/lateral raise_400281.jpg,data/lateral raises/lateral raise_400301.jpg,data/lateral raises/lateral raise_400331.jpg,data/lateral raises/lateral raise_400351.jpg,data/lateral raises/lateral raise_400381.jpg,data/lateral raises/lateral raise_400411.jpg,9
lateral raises,lateral raises|num_50,val,43,121.0,541.0,numeric,data/lateral raises/lateral raise_500121.jpg,data/lateral raises/lateral raise_500141.jpg,data/lateral raises/lateral raise_500171.jpg,data/lateral raises/lateral raise_500201.jpg,data/lateral raises/lateral raise_500231.jpg,data/lateral raises/lateral raise_500261.jpg,data/lateral raises/lateral raise_500281.jpg,data/lateral raises/lateral raise_500311.jpg,data/lateral raises/lateral raise_500341.jpg,data/lateral raises/lateral raise_500371.jpg,data/lateral raises/lateral raise_500401.jpg,data/lateral raises/lateral raise_500421.jpg,data/lateral raises/lateral raise_500451.jpg,data/lateral raises/lateral raise_500481.jpg,data/lateral raises/lateral raise_500511.jpg,data/lateral raises/lateral raise_500541.jpg,9
lateral raises,lateral raises|num_60,train,44,101.0,531.0,numeric,data/lateral raises/lateral raise_600101.jpg,data/lateral raises/lateral raise_600121.jpg,data/lateral raises/lateral raise_600151.jpg,data/lateral raises/lateral raise_600181.jpg,data/lateral raises/lateral raise_600211.jpg,data/lateral raises/lateral raise_600241.jpg,data/lateral raises/lateral raise_600271.jpg,data/lateral raises/lateral raise_600301.jpg,data/lateral raises/lateral raise_600321.jpg,data/lateral raises/lateral raise_600351.jpg,data/lateral raises/lateral raise_600381.jpg,data/lateral raises/lateral raise_600411.jpg,data/lateral raises/lateral raise_600441.jpg,data/lateral raises/lateral raise_600471.jpg,data/lateral raises/lateral raise_600501.jpg,data/lateral raises/lateral raise_600531.jpg,9
lateral raises,lateral raises|num_70,train,7,1.0,61.0,numeric,data/lateral raises/lateral raise_700001.jpg,data/lateral raises/lateral raise_700011.jpg,data/lateral raises/lateral raise_700021.jpg,data/lateral raises/lateral raise_700031.jpg,data/lateral raises/lateral raise_700041.jpg,data/lateral raises/lateral raise_700051.jpg,data/lateral raises/lateral raise_700061.jpg,data/lateral raises/lateral raise_700061.jpg,data/lateral raises/lateral raise_700061.jpg,data/lateral raises/lateral raise_700061.jpg,data/lateral raises/lateral raise_700061.jpg,data/lateral raises/lateral raise_700061.jpg,data/lateral raises/lateral raise_700061.jpg,data/lateral raises/lateral raise_700061.jpg,data/lateral raises/lateral raise_700061.jpg,data/lateral raises/lateral raise_700061.jpg,9
lateral raises,lateral raises|num_80,train,6,1.0,51.0,numeric,data/lateral raises/lateral raise_800001.jpg,data/lateral raises/lateral raise_800011.jpg,data/lateral raises/lateral raise_800021.jpg,data/lateral raises/lateral raise_800031.jpg,data/lateral raises/lateral raise_800041.jpg,data/lateral raises/lateral raise_800051.jpg,data/lateral raises/lateral raise_800051.jpg,data/lateral raises/lateral raise_800051.jpg,data/lateral raises/lateral raise_800051.jpg,data/lateral raises/lateral raise_800051.jpg,data/lateral raises/lateral raise_800051.jpg,data/lateral raises/lateral raise_800051.jpg,data/lateral raises/lateral raise_800051.jpg,data/lateral raises/lateral raise_800051.jpg,data/lateral raises/lateral raise_800051.jpg,data/lateral raises/lateral raise_800051.jpg,9
lateral raises,lateral raises|num_90,train,17,1.0,161.0,numeric,data/lateral raises/lateral raise_900001.jpg,data/lateral raises/lateral raise_900011.jpg,data/lateral raises/lateral raise_900021.jpg,data/lateral raises/lateral raise_900031.jpg,data/lateral raises/lateral raise_900041.jpg,data/lateral raises/lateral raise_900051.jpg,data/lateral raises/lateral raise_900061.jpg,data/lateral raises/lateral raise_900071.jpg,data/lateral raises/lateral raise_900081.jpg,data/lateral raises/lateral raise_900091.jpg,data/lateral raises/lateral raise_900101.jpg,data/lateral raises/lateral raise_900111.jpg,data/lateral raises/lateral raise_900121.jpg,data/lateral raises/lateral raise_900131.jpg,data/lateral raises/lateral raise_900141.jpg,data/lateral raises/lateral raise_900161.jpg,9
leg extension,leg extension|g1,val,1,,,alpha_num,data/leg extension/leg extension_g1.jpg,data/leg extension/leg extension_g1.jpg,data/leg extension/leg extension_g1.jpg,data/leg extension/leg extension_g1.jpg,data/leg extension/leg extension_g1.jpg,data/leg extension/leg extension_g1.jpg,data/leg extension/leg extension_g1.jpg,data/leg extension/leg extension_g1.jpg,data/leg extension/leg extension_g1.jpg,data/leg extension/leg extension_g1.jpg,data/leg extension/leg extension_g1.jpg,data/leg extension/leg extension_g1.jpg,data/leg extension/leg extension_g1.jpg,data/leg extension/leg extension_g1.jpg,data/leg extension/leg extension_g1.jpg,data/leg extension/leg extension_g1.jpg,10
leg extension,leg extension|g10,train,1,,,alpha_num,data/leg extension/leg extension_g10.jpg,data/leg extension/leg extension_g10.jpg,data/leg extension/leg extension_g10.jpg,data/leg extension/leg extension_g10.jpg,data/leg extension/leg extension_g10.jpg,data/leg extension/leg extension_g10.jpg,data/leg extension/leg extension_g10.jpg,data/leg extension/leg extension_g10.jpg,data/leg extension/leg extension_g10.jpg,data/leg extension/leg extension_g10.jpg,data/leg extension/leg extension_g10.jpg,data/leg extension/leg extension_g10.jpg,data/leg extension/leg extension_g10.jpg,data/leg extension/leg extension_g10.jpg,data/leg extension/leg extension_g10.jpg,data/leg extension/leg extension_g10.jpg,10
leg extension,leg extension|g11,train,1,,,alpha_num,data/leg extension/leg extension_g11.jpg,data/leg extension/leg extension_g11.jpg,data/leg extension/leg extension_g11.jpg,data/leg extension/leg extension_g11.jpg,data/leg extension/leg extension_g11.jpg,data/leg extension/leg extension_g11.jpg,data/leg extension/leg extension_g11.jpg,data/leg extension/leg extension_g11.jpg,data/leg extension/leg extension_g11.jpg,data/leg extension/leg extension_g11.jpg,data/leg extension/leg extension_g11.jpg,data/leg extension/leg extension_g11.jpg,data/leg extension/leg extension_g11.jpg,data/leg extension/leg extension_g11.jpg,data/leg extension/leg extension_g11.jpg,data/leg extension/leg extension_g11.jpg,10
leg extension,leg extension|g12,train,1,,,alpha_num,data/leg extension/leg extension_g12.jpg,data/leg extension/leg extension_g12.jpg,data/leg extension/leg extension_g12.jpg,data/leg extension/leg extension_g12.jpg,data/leg extension/leg extension_g12.jpg,data/leg extension/leg extension_g12.jpg,data/leg extension/leg extension_g12.jpg,data/leg extension/leg extension_g12.jpg,data/leg extension/leg extension_g12.jpg,data/leg extension/leg extension_g12.jpg,data/leg extension/leg extension_g12.jpg,data/leg extension/leg extension_g12.jpg,data/leg extension/leg extension_g12.jpg,data/leg extension/leg extension_g12.jpg,data/leg extension/leg extension_g12.jpg,data/leg extension/leg extension_g12.jpg,10
leg extension,leg extension|g13,train,1,,,alpha_num,data/leg extension/leg extension_g13.jpg,data/leg extension/leg extension_g13.jpg,data/leg extension/leg extension_g13.jpg,data/leg extension/leg extension_g13.jpg,data/leg extension/leg extension_g13.jpg,data/leg extension/leg extension_g13.jpg,data/leg extension/leg extension_g13.jpg,data/leg extension/leg extension_g13.jpg,data/leg extension/leg extension_g13.jpg,data/leg extension/leg extension_g13.jpg,data/leg extension/leg extension_g13.jpg,data/leg extension/leg extension_g13.jpg,data/leg extension/leg extension_g13.jpg,data/leg extension/leg extension_g13.jpg,data/leg extension/leg extension_g13.jpg,data/leg extension/leg extension_g13.jpg,10
leg extension,leg extension|g14,train,1,,,alpha_num,data/leg extension/leg extension_g14.jpg,data/leg extension/leg extension_g14.jpg,data/leg extension/leg extension_g14.jpg,data/leg extension/leg extension_g14.jpg,data/leg extension/leg extension_g14.jpg,data/leg extension/leg extension_g14.jpg,data/leg extension/leg extension_g14.jpg,data/leg extension/leg extension_g14.jpg,data/leg extension/leg extension_g14.jpg,data/leg extension/leg extension_g14.jpg,data/leg extension/leg extension_g14.jpg,data/leg extension/leg extension_g14.jpg,data/leg extension/leg extension_g14.jpg,data/leg extension/leg extension_g14.jpg,data/leg extension/leg extension_g14.jpg,data/leg extension/leg extension_g14.jpg,10
leg extension,leg extension|g15,train,1,,,alpha_num,data/leg extension/leg extension_g15.jpg,data/leg extension/leg extension_g15.jpg,data/leg extension/leg extension_g15.jpg,data/leg extension/leg extension_g15.jpg,data/leg extension/leg extension_g15.jpg,data/leg extension/leg extension_g15.jpg,data/leg extension/leg extension_g15.jpg,data/leg extension/leg extension_g15.jpg,data/leg extension/leg extension_g15.jpg,data/leg extension/leg extension_g15.jpg,data/leg extension/leg extension_g15.jpg,data/leg extension/leg extension_g15.jpg,data/leg extension/leg extension_g15.jpg,data/leg extension/leg extension_g15.jpg,data/leg extension/leg extension_g15.jpg,data/leg extension/leg extension_g15.jpg,10
leg extension,leg extension|g16,train,1,,,alpha_num,data/leg extension/leg extension_g16.jpg,data/leg extension/leg extension_g16.jpg,data/leg extension/leg extension_g16.jpg,data/leg extension/leg extension_g16.jpg,data/leg extension/leg extension_g16.jpg,data/leg extension/leg extension_g16.jpg,data/leg extension/leg extension_g16.jpg,data/leg extension/leg extension_g16.jpg,data/leg extension/leg extension_g16.jpg,data/leg extension/leg extension_g16.jpg,data/leg extension/leg extension_g16.jpg,data/leg extension/leg extension_g16.jpg,data/leg extension/leg extension_g16.jpg,data/leg extension/leg extension_g16.jpg,data/leg extension/leg extension_g16.jpg,data/leg extension/leg extension_g16.jpg,10
leg extension,leg extension|g17,train,1,,,alpha_num,data/leg extension/leg extension_g17.jpg,data/leg extension/leg extension_g17.jpg,data/leg extension/leg extension_g17.jpg,data/leg extension/leg extension_g17.jpg,data/leg extension/leg extension_g17.jpg,data/leg extension/leg extension_g17.jpg,data/leg extension/leg extension_g17.jpg,data/leg extension/leg extension_g17.jpg,data/leg extension/leg extension_g17.jpg,data/leg extension/leg extension_g17.jpg,data/leg extension/leg extension_g17.jpg,data/leg extension/leg extension_g17.jpg,data/leg extension/leg extension_g17.jpg,data/leg extension/leg extension_g17.jpg,data/leg extension/leg extension_g17.jpg,data/leg extension/leg extension_g17.jpg,10
leg extension,leg extension|g18,train,1,,,alpha_num,data/leg extension/leg extension_g18.jpg,data/leg extension/leg extension_g18.jpg,data/leg extension/leg extension_g18.jpg,data/leg extension/leg extension_g18.jpg,data/leg extension/leg extension_g18.jpg,data/leg extension/leg extension_g18.jpg,data/leg extension/leg extension_g18.jpg,data/leg extension/leg extension_g18.jpg,data/leg extension/leg extension_g18.jpg,data/leg extension/leg extension_g18.jpg,data/leg extension/leg extension_g18.jpg,data/leg extension/leg extension_g18.jpg,data/leg extension/leg extension_g18.jpg,data/leg extension/leg extension_g18.jpg,data/leg extension/leg extension_g18.jpg,data/leg extension/leg extension_g18.jpg,10
leg extension,leg extension|g19,val,1,,,alpha_num,data/leg extension/leg extension_g19.jpg,data/leg extension/leg extension_g19.jpg,data/leg extension/leg extension_g19.jpg,data/leg extension/leg extension_g19.jpg,data/leg extension/leg extension_g19.jpg,data/leg extension/leg extension_g19.jpg,data/leg extension/leg extension_g19.jpg,data/leg extension/leg extension_g19.jpg,data/leg extension/leg extension_g19.jpg,data/leg extension/leg extension_g19.jpg,data/leg extension/leg extension_g19.jpg,data/leg extension/leg extension_g19.jpg,data/leg extension/leg extension_g19.jpg,data/leg extension/leg extension_g19.jpg,data/leg extension/leg extension_g19.jpg,data/leg extension/leg extension_g19.jpg,10
leg extension,leg extension|g2,train,1,,,alpha_num,data/leg extension/leg extension_g2.jpg,data/leg extension/leg extension_g2.jpg,data/leg extension/leg extension_g2.jpg,data/leg extension/leg extension_g2.jpg,data/leg extension/leg extension_g2.jpg,data/leg extension/leg extension_g2.jpg,data/leg extension/leg extension_g2.jpg,data/leg extension/leg extension_g2.jpg,data/leg extension/leg extension_g2.jpg,data/leg extension/leg extension_g2.jpg,data/leg extension/leg extension_g2.jpg,data/leg extension/leg extension_g2.jpg,data/leg extension/leg extension_g2.jpg,data/leg extension/leg extension_g2.jpg,data/leg extension/leg extension_g2.jpg,data/leg extension/leg extension_g2.jpg,10
leg extension,leg extension|g20,train,1,,,alpha_num,data/leg extension/leg extension_g20.jpg,data/leg extension/leg extension_g20.jpg,data/leg extension/leg extension_g20.jpg,data/leg extension/leg extension_g20.jpg,data/leg extension/leg extension_g20.jpg,data/leg extension/leg extension_g20.jpg,data/leg extension/leg extension_g20.jpg,data/leg extension/leg extension_g20.jpg,data/leg extension/leg extension_g20.jpg,data/leg extension/leg extension_g20.jpg,data/leg extension/leg extension_g20.jpg,data/leg extension/leg extension_g20.jpg,data/leg extension/leg extension_g20.jpg,data/leg extension/leg extension_g20.jpg,data/leg extension/leg extension_g20.jpg,data/leg extension/leg extension_g20.jpg,10
leg extension,leg extension|g21,train,1,,,alpha_num,data/leg extension/leg extension_g21.jpg,data/leg extension/leg extension_g21.jpg,data/leg extension/leg extension_g21.jpg,data/leg extension/leg extension_g21.jpg,data/leg extension/leg extension_g21.jpg,data/leg extension/leg extension_g21.jpg,data/leg extension/leg extension_g21.jpg,data/leg extension/leg extension_g21.jpg,data/leg extension/leg extension_g21.jpg,data/leg extension/leg extension_g21.jpg,data/leg extension/leg extension_g21.jpg,data/leg extension/leg extension_g21.jpg,data/leg extension/leg extension_g21.jpg,data/leg extension/leg extension_g21.jpg,data/leg extension/leg extension_g21.jpg,data/leg extension/leg extension_g21.jpg,10
leg extension,leg extension|g22,train,1,,,alpha_num,data/leg extension/leg extension_g22.jpg,data/leg extension/leg extension_g22.jpg,data/leg extension/leg extension_g22.jpg,data/leg extension/leg extension_g22.jpg,data/leg extension/leg extension_g22.jpg,data/leg extension/leg extension_g22.jpg,data/leg extension/leg extension_g22.jpg,data/leg extension/leg extension_g22.jpg,data/leg extension/leg extension_g22.jpg,data/leg extension/leg extension_g22.jpg,data/leg extension/leg extension_g22.jpg,data/leg extension/leg extension_g22.jpg,data/leg extension/leg extension_g22.jpg,data/leg extension/leg extension_g22.jpg,data/leg extension/leg extension_g22.jpg,data/leg extension/leg extension_g22.jpg,10
leg extension,leg extension|g23,train,1,,,alpha_num,data/leg extension/leg extension_g23.jpg,data/leg extension/leg extension_g23.jpg,data/leg extension/leg extension_g23.jpg,data/leg extension/leg extension_g23.jpg,data/leg extension/leg extension_g23.jpg,data/leg extension/leg extension_g23.jpg,data/leg extension/leg extension_g23.jpg,data/leg extension/leg extension_g23.jpg,data/leg extension/leg extension_g23.jpg,data/leg extension/leg extension_g23.jpg,data/leg extension/leg extension_g23.jpg,data/leg extension/leg extension_g23.jpg,data/leg extension/leg extension_g23.jpg,data/leg extension/leg extension_g23.jpg,data/leg extension/leg extension_g23.jpg,data/leg extension/leg extension_g23.jpg,10
leg extension,leg extension|g24,val,1,,,alpha_num,data/leg extension/leg extension_g24.jpg,data/leg extension/leg extension_g24.jpg,data/leg extension/leg extension_g24.jpg,data/leg extension/leg extension_g24.jpg,data/leg extension/leg extension_g24.jpg,data/leg extension/leg extension_g24.jpg,data/leg extension/leg extension_g24.jpg,data/leg extension/leg extension_g24.jpg,data/leg extension/leg extension_g24.jpg,data/leg extension/leg extension_g24.jpg,data/leg extension/leg extension_g24.jpg,data/leg extension/leg extension_g24.jpg,data/leg extension/leg extension_g24.jpg,data/leg extension/leg extension_g24.jpg,data/leg extension/leg extension_g24.jpg,data/leg extension/leg extension_g24.jpg,10
leg extension,leg extension|g25,train,1,,,alpha_num,data/leg extension/leg extension_g25.jpg,data/leg extension/leg extension_g25.jpg,data/leg extension/leg extension_g25.jpg,data/leg extension/leg extension_g25.jpg,data/leg extension/leg extension_g25.jpg,data/leg extension/leg extension_g25.jpg,data/leg extension/leg extension_g25.jpg,data/leg extension/leg extension_g25.jpg,data/leg extension/leg extension_g25.jpg,data/leg extension/leg extension_g25.jpg,data/leg extension/leg extension_g25.jpg,data/leg extension/leg extension_g25.jpg,data/leg extension/leg extension_g25.jpg,data/leg extension/leg extension_g25.jpg,data/leg extension/leg extension_g25.jpg,data/leg extension/leg extension_g25.jpg,10
leg extension,leg extension|g3,test,1,,,alpha_num,data/leg extension/leg extension_g3.jpg,data/leg extension/leg extension_g3.jpg,data/leg extension/leg extension_g3.jpg,data/leg extension/leg extension_g3.jpg,data/leg extension/leg extension_g3.jpg,data/leg extension/leg extension_g3.jpg,data/leg extension/leg extension_g3.jpg,data/leg extension/leg extension_g3.jpg,data/leg extension/leg extension_g3.jpg,data/leg extension/leg extension_g3.jpg,data/leg extension/leg extension_g3.jpg,data/leg extension/leg extension_g3.jpg,data/leg extension/leg extension_g3.jpg,data/leg extension/leg extension_g3.jpg,data/leg extension/leg extension_g3.jpg,data/leg extension/leg extension_g3.jpg,10
leg extension,leg extension|g4,train,1,,,alpha_num,data/leg extension/leg extension_g4.jpg,data/leg extension/leg extension_g4.jpg,data/leg extension/leg extension_g4.jpg,data/leg extension/leg extension_g4.jpg,data/leg extension/leg extension_g4.jpg,data/leg extension/leg extension_g4.jpg,data/leg extension/leg extension_g4.jpg,data/leg extension/leg extension_g4.jpg,data/leg extension/leg extension_g4.jpg,data/leg extension/leg extension_g4.jpg,data/leg extension/leg extension_g4.jpg,data/leg extension/leg extension_g4.jpg,data/leg extension/leg extension_g4.jpg,data/leg extension/leg extension_g4.jpg,data/leg extension/leg extension_g4.jpg,data/leg extension/leg extension_g4.jpg,10
leg extension,leg extension|g5,train,1,,,alpha_num,data/leg extension/leg extension_g5.jpg,data/leg extension/leg extension_g5.jpg,data/leg extension/leg extension_g5.jpg,data/leg extension/leg extension_g5.jpg,data/leg extension/leg extension_g5.jpg,data/leg extension/leg extension_g5.jpg,data/leg extension/leg extension_g5.jpg,data/leg extension/leg extension_g5.jpg,data/leg extension/leg extension_g5.jpg,data/leg extension/leg extension_g5.jpg,data/leg extension/leg extension_g5.jpg,data/leg extension/leg extension_g5.jpg,data/leg extension/leg extension_g5.jpg,data/leg extension/leg extension_g5.jpg,data/leg extension/leg extension_g5.jpg,data/leg extension/leg extension_g5.jpg,10
leg extension,leg extension|g6,val,1,,,alpha_num,data/leg extension/leg extension_g6.jpg,data/leg extension/leg extension_g6.jpg,data/leg extension/leg extension_g6.jpg,data/leg extension/leg extension_g6.jpg,data/leg extension/leg extension_g6.jpg,data/leg extension/leg extension_g6.jpg,data/leg extension/leg extension_g6.jpg,data/leg extension/leg extension_g6.jpg,data/leg extension/leg extension_g6.jpg,data/leg extension/leg extension_g6.jpg,data/leg extension/leg extension_g6.jpg,data/leg extension/leg extension_g6.jpg,data/leg extension/leg extension_g6.jpg,data/leg extension/leg extension_g6.jpg,data/leg extension/leg extension_g6.jpg,data/leg extension/leg extension_g6.jpg,10
leg extension,leg extension|g7,train,1,,,alpha_num,data/leg extension/leg extension_g7.jpg,data/leg extension/leg extension_g7.jpg,data/leg extension/leg extension_g7.jpg,data/leg extension/leg extension_g7.jpg,data/leg extension/leg extension_g7.jpg,data/leg extension/leg extension_g7.jpg,data/leg extension/leg extension_g7.jpg,data/leg extension/leg extension_g7.jpg,data/leg extension/leg extension_g7.jpg,data/leg extension/leg extension_g7.jpg,data/leg extension/leg extension_g7.jpg,data/leg extension/leg extension_g7.jpg,data/leg extension/leg extension_g7.jpg,data/leg extension/leg extension_g7.jpg,data/leg extension/leg extension_g7.jpg,data/leg extension/leg extension_g7.jpg,10
leg extension,leg extension|g8,train,1,,,alpha_num,data/leg extension/leg extension_g8.jpg,data/leg extension/leg extension_g8.jpg,data/leg extension/leg extension_g8.jpg,data/leg extension/leg extension_g8.jpg,data/leg extension/leg extension_g8.jpg,data/leg extension/leg extension_g8.jpg,data/leg extension/leg extension_g8.jpg,data/leg extension/leg extension_g8.jpg,data/leg extension/leg extension_g8.jpg,data/leg extension/leg extension_g8.jpg,data/leg extension/leg extension_g8.jpg,data/leg extension/leg extension_g8.jpg,data/leg extension/leg extension_g8.jpg,data/leg extension/leg extension_g8.jpg,data/leg extension/leg extension_g8.jpg,data/leg extension/leg extension_g8.jpg,10
leg extension,leg extension|g9,train,1,,,alpha_num,data/leg extension/leg extension_g9.jpg,data/leg extension/leg extension_g9.jpg,data/leg extension/leg extension_g9.jpg,data/leg extension/leg extension_g9.jpg,data/leg extension/leg extension_g9.jpg,data/leg extension/leg extension_g9.jpg,data/leg extension/leg extension_g9.jpg,data/leg extension/leg extension_g9.jpg,data/leg extension/leg extension_g9.jpg,data/leg extension/leg extension_g9.jpg,data/leg extension/leg extension_g9.jpg,data/leg extension/leg extension_g9.jpg,data/leg extension/leg extension_g9.jpg,data/leg extension/leg extension_g9.jpg,data/leg extension/leg extension_g9.jpg,data/leg extension/leg extension_g9.jpg,10
leg extension,leg extension|num_10,train,32,31.0,341.0,numeric,data/leg extension/leg extension_100031.jpg,data/leg extension/leg extension_100051.jpg,data/leg extension/leg extension_100071.jpg,data/leg extension/leg extension_100091.jpg,data/leg extension/leg extension_100111.jpg,data/leg extension/leg extension_100131.jpg,data/leg extension/leg extension_100151.jpg,data/leg extension/leg extension_100171.jpg,data/leg extension/leg extension_100191.jpg,data/leg extension/leg extension_100211.jpg,data/leg extension/leg extension_100231.jpg,data/leg extension/leg extension_100251.jpg,data/leg extension/leg extension_100271.jpg,data/leg extension/leg extension_100291.jpg,data/leg extension/leg extension_100311.jpg,data/leg extension/leg extension_100341.jpg,10
leg extension,leg extension|num_100,train,17,11.0,171.0,numeric,data/leg extension/leg extension_1000011.jpg,data/leg extension/leg extension_1000021.jpg,data/leg extension/leg extension_1000031.jpg,data/leg extension/leg extension_1000041.jpg,data/leg extension/leg extension_1000051.jpg,data/leg extension/leg extension_1000061.jpg,data/leg extension/leg extension_1000071.jpg,data/leg extension/leg extension_1000081.jpg,data/leg extension/leg extension_1000091.jpg,data/leg extension/leg extension_1000101.jpg,data/leg extension/leg extension_1000111.jpg,data/leg extension/leg extension_1000121.jpg,data/leg extension/leg extension_1000131.jpg,data/leg extension/leg extension_1000141.jpg,data/leg extension/leg extension_1000151.jpg,data/leg extension/leg extension_1000171.jpg,10
leg extension,leg extension|num_110,train,12,1.0,111.0,numeric,data/leg extension/leg extension_1100001.jpg,data/leg extension/leg extension_1100011.jpg,data/leg extension/leg extension_1100021.jpg,data/leg extension/leg extension_1100031.jpg,data/leg extension/leg extension_1100041.jpg,data/leg extension/leg extension_1100051.jpg,data/leg extension/leg extension_1100061.jpg,data/leg extension/leg extension_1100071.jpg,data/leg extension/leg extension_1100081.jpg,data/leg extension/leg extension_1100091.jpg,data/leg extension/leg extension_1100101.jpg,data/leg extension/leg extension_1100111.jpg,data/leg extension/leg extension_1100111.jpg,data/leg extension/leg extension_1100111.jpg,data/leg extension/leg extension_1100111.jpg,data/leg extension/leg extension_1100111.jpg,10
leg extension,leg extension|num_120,train,11,1.0,101.0,numeric,data/leg extension/leg extension_1200001.jpg,data/leg extension/leg extension_1200011.jpg,data/leg extension/leg extension_1200021.jpg,data/leg extension/leg extension_1200031.jpg,data/leg extension/leg extension_1200041.jpg,data/leg extension/leg extension_1200051.jpg,data/leg extension/leg extension_1200061.jpg,data/leg extension/leg extension_1200071.jpg,data/leg extension/leg extension_1200081.jpg,data/leg extension/leg extension_1200091.jpg,data/leg extension/leg extension_1200101.jpg,data/leg extension/leg extension_1200101.jpg,data/leg extension/leg extension_1200101.jpg,data/leg extension/leg extension_1200101.jpg,data/leg extension/leg extension_1200101.jpg,data/leg extension/leg extension_1200101.jpg,10
leg extension,leg extension|num_130,train,16,1.0,151.0,numeric,data/leg extension/leg extension_1300001.jpg,data/leg extension/leg extension_1300011.jpg,data/leg extension/leg extension_1300021.jpg,data/leg extension/leg extension_1300031.jpg,data/leg extension/leg extension_1300041.jpg,data/leg extension/leg extension_1300051.jpg,data/leg extension/leg extension_1300061.jpg,data/leg extension/leg extension_1300071.jpg,data/leg extension/leg extension_1300081.jpg,data/leg extension/leg extension_1300091.jpg,data/leg extension/leg extension_1300101.jpg,data/leg extension/leg extension_1300111.jpg,data/leg extension/leg extension_1300121.jpg,data/leg extension/leg extension_1300131.jpg,data/leg extension/leg extension_1300141.jpg,data/leg extension/leg extension_1300151.jpg,10
leg extension,leg extension|num_140,train,10,1.0,91.0,numeric,data/leg extension/leg extension_1400001.jpg,data/leg extension/leg extension_1400011.jpg,data/leg extension/leg extension_1400021.jpg,data/leg extension/leg extension_1400031.jpg,data/leg extension/leg extension_1400041.jpg,data/leg extension/leg extension_1400051.jpg,data/leg extension/leg extension_1400061.jpg,data/leg extension/leg extension_1400071.jpg,data/leg extension/leg extension_1400081.jpg,data/leg extension/leg extension_1400091.jpg,data/leg extension/leg extension_1400091.jpg,data/leg extension/leg extension_1400091.jpg,data/leg extension/leg extension_1400091.jpg,data/leg extension/leg extension_1400091.jpg,data/leg extension/leg extension_1400091.jpg,data/leg extension/leg extension_1400091.jpg,10
leg extension,leg extension|num_150,train,17,1.0,161.0,numeric,data/leg extension/leg extension_1500001.jpg,data/leg extension/leg extension_1500011.jpg,data/leg extension/leg extension_1500021.jpg,data/leg extension/leg extension_1500031.jpg,data/leg extension/leg extension_1500041.jpg,data/leg extension/leg extension_1500051.jpg,data/leg extension/leg extension_1500061.jpg,data/leg extension/leg extension_1500071.jpg,data/leg extension/leg extension_1500081.jpg,data/leg extension/leg extension_1500091.jpg,data/leg extension/leg extension_1500101.jpg,data/leg extension/leg extension_1500111.jpg,data/leg extension/leg extension_1500121.jpg,data/leg extension/leg extension_1500131.jpg,data/leg extension/leg extension_1500141.jpg,data/leg extension/leg extension_1500161.jpg,10
leg extension,leg extension|num_160,train,34,1.0,331.0,numeric,data/leg extension/leg extension_1600001.jpg,data/leg extension/leg extension_1600021.jpg,data/leg extension/leg extension_1600041.jpg,data/leg extension/leg extension_1600061.jpg,data/leg extension/leg extension_1600081.jpg,data/leg extension/leg extension_1600111.jpg,data/leg extension/leg extension_1600131.jpg,data/leg extension/leg extension_1600151.jpg,data/leg extension/leg extension_1600171.jpg,data/leg extension/leg extension_1600191.jpg,data/leg extension/leg extension_1600221.jpg,data/leg extension/leg extension_1600241.jpg,data/leg extension/leg extension_1600261.jpg,data/leg extension/leg extension_1600281.jpg,data/leg extension/leg extension_1600301.jpg,data/leg extension/leg extension_1600331.jpg,10
leg extension,leg extension|num_170,train,25,1.0,241.0,numeric,data/leg extension/leg extension_1700001.jpg,data/leg extension/leg extension_1700011.jpg,data/leg extension/leg extension_1700031.jpg,data/leg extension/leg extension_1700041.jpg,data/leg extension/leg extension_1700061.jpg,data/leg extension/leg extension_1700081.jpg,data/leg extension/leg extension_1700091.jpg,data/leg extension/leg extension_1700111.jpg,data/leg extension/leg extension_1700121.jpg,data/leg extension/leg extension_1700141.jpg,data/leg extension/leg extension_1700161.jpg,data/leg extension/leg extension_1700171.jpg,data/leg extension/leg extension_1700191.jpg,data/leg extension/leg extension_1700201.jpg,data/leg extension/leg extension_1700221.jpg,data/leg extension/leg extension_1700241.jpg,10
leg extension,leg extension|num_180,train,50,1.0,491.0,numeric,data/leg extension/leg extension_1800001.jpg,data/leg extension/leg extension_1800031.jpg,data/leg extension/leg extension_1800061.jpg,data/leg extension/leg extension_1800091.jpg,data/leg extension/leg extension_1800131.jpg,data/leg extension/leg extension_1800161.jpg,data/leg extension/leg extension_1800191.jpg,data/leg extension/leg extension_1800221.jpg,data/leg extension/leg extension_1800261.jpg,data/leg extension/leg extension_1800291.jpg,data/leg extension/leg extension_1800321.jpg,data/leg extension/leg extension_1800351.jpg,data/leg extension/leg extension_1800391.jpg,data/leg extension/leg extension_1800421.jpg,data/leg extension/leg extension_1800451.jpg,data/leg extension/leg extension_1800491.jpg,10
leg extension,leg extension|num_190,train,10,1.0,91.0,numeric,data/leg extension/leg extension_1900001.jpg,data/leg extension/leg extension_1900011.jpg,data/leg extension/leg extension_1900021.jpg,data/leg extension/leg extension_1900031.jpg,data/leg extension/leg extension_1900041.jpg,data/leg extension/leg extension_1900051.jpg,data/leg extension/leg extension_1900061.jpg,data/leg extension/leg extension_1900071.jpg,data/leg extension/leg extension_1900081.jpg,data/leg extension/leg extension_1900091.jpg,data/leg extension/leg extension_1900091.jpg,data/leg extension/leg extension_1900091.jpg,data/leg extension/leg extension_1900091.jpg,data/leg extension/leg extension_1900091.jpg,data/leg extension/leg extension_1900091.jpg,data/leg extension/leg extension_1900091.jpg,10
leg extension,leg extension|num_20,train,27,1.0,261.0,numeric,data/leg extension/leg extension_200001.jpg,data/leg extension/leg extension_200011.jpg,data/leg extension/leg extension_200031.jpg,data/leg extension/leg extension_200051.jpg,data/leg extension/leg extension_200061.jpg,data/leg extension/leg extension_200081.jpg,data/leg extension/leg extension_200101.jpg,data/leg extension/leg extension_200121.jpg,data/leg extension/leg extension_200131.jpg,data/leg extension/leg extension_200151.jpg,data/leg extension/leg extension_200171.jpg,data/leg extension/leg extension_200191.jpg,data/leg extension/leg extension_200201.jpg,data/leg extension/leg extension_200221.jpg,data/leg extension/leg extension_200241.jpg,data/leg extension/leg extension_200261.jpg,10
leg extension,leg extension|num_200,train,37,1.0,361.0,numeric,data/leg extension/leg extension_2000001.jpg,data/leg extension/leg extension_2000021.jpg,data/leg extension/leg extension_2000041.jpg,data/leg extension/leg extension_2000071.jpg,data/leg extension/leg extension_2000091.jpg,data/leg extension/leg extension_2000121.jpg,data/leg extension/leg extension_2000141.jpg,data/leg extension/leg extension_2000161.jpg,data/leg extension/leg extension_2000191.jpg,data/leg extension/leg extension_2000211.jpg,data/leg extension/leg extension_2000241.jpg,data/leg extension/leg extension_2000261.jpg,data/leg extension/leg extension_2000281.jpg,data/leg extension/leg extension_2000311.jpg,data/leg extension/leg extension_2000331.jpg,data/leg extension/leg extension_2000361.jpg,10
leg extension,leg extension|num_210,train,14,1.0,131.0,numeric,data/leg extension/leg extension_2100001.jpg,data/leg extension/leg extension_2100011.jpg,data/leg extension/leg extension_2100021.jpg,data/leg extension/leg extension_2100031.jpg,data/leg extension/leg extension_2100041.jpg,data/leg extension/leg extension_2100051.jpg,data/leg extension/leg extension_2100061.jpg,data/leg extension/leg extension_2100071.jpg,data/leg extension/leg extension_2100081.jpg,data/leg extension/leg extension_2100091.jpg,data/leg extension/leg extension_2100101.jpg,data/leg extension/leg extension_2100111.jpg,data/leg extension/leg extension_2100121.jpg,data/leg extension/leg extension_2100131.jpg,data/leg extension/leg extension_2100131.jpg,data/leg extension/leg extension_2100131.jpg,10
leg extension,leg extension|num_220,train,19,1.0,181.0,numeric,data/leg extension/leg extension_2200001.jpg,data/leg extension/leg extension_2200011.jpg,data/leg extension/leg extension_2200021.jpg,data/leg extension/leg extension_2200031.jpg,data/leg extension/leg extension_2200041.jpg,data/leg extension/leg extension_2200061.jpg,data/leg extension/leg extension_2200071.jpg,data/leg extension/leg extension_2200081.jpg,data/leg extension/leg extension_2200091.jpg,data/leg extension/leg extension_2200101.jpg,data/leg extension/leg extension_2200121.jpg,data/leg extension/leg extension_2200131.jpg,data/leg extension/leg extension_2200141.jpg,data/leg extension/leg extension_2200151.jpg,data/leg extension/leg extension_2200161.jpg,data/leg extension/leg extension_2200181.jpg,10
leg extension,leg extension|num_230,train,18,1.0,171.0,numeric,data/leg extension/leg extension_2300001.jpg,data/leg extension/leg extension_2300011.jpg,data/leg extension/leg extension_2300021.jpg,data/leg extension/leg extension_2300031.jpg,data/leg extension/leg extension_2300041.jpg,data/leg extension/leg extension_2300051.jpg,data/leg extension/leg extension_2300061.jpg,data/leg extension/leg extension_2300071.jpg,data/leg extension/leg extension_2300091.jpg,data/leg extension/leg extension_2300101.jpg,data/leg extension/leg extension_2300111.jpg,data/leg extension/leg extension_2300121.jpg,data/leg extension/leg extension_2300131.jpg,data/leg extension/leg extension_2300141.jpg,data/leg extension/leg extension_2300151.jpg,data/leg extension/leg extension_2300171.jpg,10
leg extension,leg extension|num_240,train,22,1.0,211.0,numeric,data/leg extension/leg extension_2400001.jpg,data/leg extension/leg extension_2400011.jpg,data/leg extension/leg extension_2400021.jpg,data/leg extension/leg extension_2400041.jpg,data/leg extension/leg extension_2400051.jpg,data/leg extension/leg extension_2400071.jpg,data/leg extension/leg extension_2400081.jpg,data/leg extension/leg extension_2400091.jpg,data/leg extension/leg extension_2400111.jpg,data/leg extension/leg extension_2400121.jpg,data/leg extension/leg extension_2400141.jpg,data/leg extension/leg extension_2400151.jpg,data/leg extension/leg extension_2400161.jpg,data/leg extension/leg extension_2400181.jpg,data/leg extension/leg extension_2400191.jpg,data/leg extension/leg extension_2400211.jpg,10
leg extension,leg extension|num_250,train,20,1.0,191.0,numeric,data/leg extension/leg extension_2500001.jpg,data/leg extension/leg extension_2500011.jpg,data/leg extension/leg extension_2500021.jpg,data/leg extension/leg extension_2500031.jpg,data/leg extension/leg extension_2500051.jpg,data/leg extension/leg extension_2500061.jpg,data/leg extension/leg extension_2500071.jpg,data/leg extension/leg extension_2500081.jpg,data/leg extension/leg extension_2500101.jpg,data/leg extension/leg extension_2500111.jpg,data/leg extension/leg extension_2500121.jpg,data/leg extension/leg extension_2500131.jpg,data/leg extension/leg extension_2500151.jpg,data/leg extension/leg extension_2500161.jpg,data/leg extension/leg extension_2500171.jpg,data/leg extension/leg extension_2500191.jpg,10
leg extension,leg extension|num_30,train,35,1.0,341.0,numeric,data/leg extension/leg extension_300001.jpg,data/leg extension/leg extension_300021.jpg,data/leg extension/leg extension_300041.jpg,data/leg extension/leg extension_300061.jpg,data/leg extension/leg extension_300091.jpg,data/leg extension/leg extension_300111.jpg,data/leg extension/leg extension_300131.jpg,data/leg extension/leg extension_300151.jpg,data/leg extension/leg extension_300181.jpg,data/leg extension/leg extension_300201.jpg,data/leg extension/leg extension_300221.jpg,data/leg extension/leg extension_300241.jpg,data/leg extension/leg extension_300271.jpg,data/leg extension/leg extension_300291.jpg,data/leg extension/leg extension_300311.jpg,data/leg extension/leg extension_300341.jpg,10
leg extension,leg extension|num_40,train,35,1.0,341.0,numeric,data/leg extension/leg extension_400001.jpg,data/leg extension/leg extension_400021.jpg,data/leg extension/leg extension_400041.jpg,data/leg extension/leg extension_400061.jpg,data/leg extension/leg extension_400091.jpg,data/leg extension/leg extension_400111.jpg,data/leg extension/leg extension_400131.jpg,data/leg extension/leg extension_400151.jpg,data/leg extension/leg extension_400181.jpg,data/leg extension/leg extension_400201.jpg,data/leg extension/leg extension_400221.jpg,data/leg extension/leg extension_400241.jpg,data/leg extension/leg extension_400271.jpg,data/leg extension/leg extension_400291.jpg,data/leg extension/leg extension_400311.jpg,data/leg extension/leg extension_400341.jpg,10
leg extension,leg extension|num_50,train,35,1.0,341.0,numeric,data/leg extension/leg extension_500001.jpg,data/leg extension/leg extension_500021.jpg,data/leg extension/leg extension_500041.jpg,data/leg extension/leg extension_500061.jpg,data/leg extension/leg extension_500091.jpg,data/leg extension/leg extension_500111.jpg,data/leg extension/leg extension_500131.jpg,data/leg extension/leg extension_500151.jpg,data/leg extension/leg extension_500181.jpg,data/leg extension/leg extension_500201.jpg,data/leg extension/leg extension_500221.jpg,data/leg extension/leg extension_500241.jpg,data/leg extension/leg extension_500271.jpg,data/leg extension/leg extension_500291.jpg,data/leg extension/leg extension_500311.jpg,data/leg extension/leg extension_500341.jpg,10
leg extension,leg extension|num_60,train,35,1.0,341.0,numeric,data/leg extension/leg extension_600001.jpg,data/leg extension/leg extension_600021.jpg,data/leg extension/leg extension_600041.jpg,data/leg extension/leg extension_600061.jpg,data/leg extension/leg extension_600091.jpg,data/leg extension/leg extension_600111.jpg,data/leg extension/leg extension_600131.jpg,data/leg extension/leg extension_600151.jpg,data/leg extension/leg extension_600181.jpg,data/leg extension/leg extension_600201.jpg,data/leg extension/leg extension_600221.jpg,data/leg extension/leg extension_600241.jpg,data/leg extension/leg extension_600271.jpg,data/leg extension/leg extension_600291.jpg,data/leg extension/leg extension_600311.jpg,data/leg extension/leg extension_600341.jpg,10
leg extension,leg extension|num_70,train,8,1.0,71.0,numeric,data/leg extension/leg extension_700001.jpg,data/leg extension/leg extension_700011.jpg,data/leg extension/leg extension_700021.jpg,data/leg extension/leg extension_700031.jpg,data/leg extension/leg extension_700041.jpg,data/leg extension/leg extension_700051.jpg,data/leg extension/leg extension_700061.jpg,data/leg extension/leg extension_700071.jpg,data/leg extension/leg extension_700071.jpg,data/leg extension/leg extension_700071.jpg,data/leg extension/leg extension_700071.jpg,data/leg extension/leg extension_700071.jpg,data/leg extension/leg extension_700071.jpg,data/leg extension/leg extension_700071.jpg,data/leg extension/leg extension_700071.jpg,data/leg extension/leg extension_700071.jpg,10
leg extension,leg extension|num_80,train,16,1.0,151.0,numeric,data/leg extension/leg extension_800001.jpg,data/leg extension/leg extension_800011.jpg,data/leg extension/leg extension_800021.jpg,data/leg extension/leg extension_800031.jpg,data/leg extension/leg extension_800041.jpg,data/leg extension/leg extension_800051.jpg,data/leg extension/leg extension_800061.jpg,data/leg extension/leg extension_800071.jpg,data/leg extension/leg extension_800081.jpg,data/leg extension/leg extension_800091.jpg,data/leg extension/leg extension_800101.jpg,data/leg extension/leg extension_800111.jpg,data/leg extension/leg extension_800121.jpg,data/leg extension/leg extension_800131.jpg,data/leg extension/leg extension_800141.jpg,data/leg extension/leg extension_800151.jpg,10
leg extension,leg extension|num_90,train,6,1.0,51.0,numeric,data/leg extension/leg extension_900001.jpg,data/leg extension/leg extension_900011.jpg,data/leg extension/leg extension_900021.jpg,data/leg extension/leg extension_900031.jpg,data/leg extension/leg extension_900041.jpg,data/leg extension/leg extension_900051.jpg,data/leg extension/leg extension_900051.jpg,data/leg extension/leg extension_900051.jpg,data/leg extension/leg extension_900051.jpg,data/leg extension/leg extension_900051.jpg,data/leg extension/leg extension_900051.jpg,data/leg extension/leg extension_900051.jpg,data/leg extension/leg extension_900051.jpg,data/leg extension/leg extension_900051.jpg,data/leg extension/leg extension_900051.jpg,data/leg extension/leg extension_900051.jpg,10
leg raises,leg raises|g1,train,1,,,alpha_num,data/leg raises/leg raises_g1.jpg,data/leg raises/leg raises_g1.jpg,data/leg raises/leg raises_g1.jpg,data/leg raises/leg raises_g1.jpg,data/leg raises/leg raises_g1.jpg,data/leg raises/leg raises_g1.jpg,data/leg raises/leg raises_g1.jpg,data/leg raises/leg raises_g1.jpg,data/leg raises/leg raises_g1.jpg,data/leg raises/leg raises_g1.jpg,data/leg raises/leg raises_g1.jpg,data/leg raises/leg raises_g1.jpg,data/leg raises/leg raises_g1.jpg,data/leg raises/leg raises_g1.jpg,data/leg raises/leg raises_g1.jpg,data/leg raises/leg raises_g1.jpg,11
leg raises,leg raises|g10,train,1,,,alpha_num,data/leg raises/leg raises_g10.jpg,data/leg raises/leg raises_g10.jpg,data/leg raises/leg raises_g10.jpg,data/leg raises/leg raises_g10.jpg,data/leg raises/leg raises_g10.jpg,data/leg raises/leg raises_g10.jpg,data/leg raises/leg raises_g10.jpg,data/leg raises/leg raises_g10.jpg,data/leg raises/leg raises_g10.jpg,data/leg raises/leg raises_g10.jpg,data/leg raises/leg raises_g10.jpg,data/leg raises/leg raises_g10.jpg,data/leg raises/leg raises_g10.jpg,data/leg raises/leg raises_g10.jpg,data/leg raises/leg raises_g10.jpg,data/leg raises/leg raises_g10.jpg,11
leg raises,leg raises|g11,train,1,,,alpha_num,data/leg raises/leg raises_g11.jpg,data/leg raises/leg raises_g11.jpg,data/leg raises/leg raises_g11.jpg,data/leg raises/leg raises_g11.jpg,data/leg raises/leg raises_g11.jpg,data/leg raises/leg raises_g11.jpg,data/leg raises/leg raises_g11.jpg,data/leg raises/leg raises_g11.jpg,data/leg raises/leg raises_g11.jpg,data/leg raises/leg raises_g11.jpg,data/leg raises/leg raises_g11.jpg,data/leg raises/leg raises_g11.jpg,data/leg raises/leg raises_g11.jpg,data/leg raises/leg raises_g11.jpg,data/leg raises/leg raises_g11.jpg,data/leg raises/leg raises_g11.jpg,11
leg raises,leg raises|g12,train,1,,,alpha_num,data/leg raises/leg raises_g12.jpg,data/leg raises/leg raises_g12.jpg,data/leg raises/leg raises_g12.jpg,data/leg raises/leg raises_g12.jpg,data/leg raises/leg raises_g12.jpg,data/leg raises/leg raises_g12.jpg,data/leg raises/leg raises_g12.jpg,data/leg raises/leg raises_g12.jpg,data/leg raises/leg raises_g12.jpg,data/leg raises/leg raises_g12.jpg,data/leg raises/leg raises_g12.jpg,data/leg raises/leg raises_g12.jpg,data/leg raises/leg raises_g12.jpg,data/leg raises/leg raises_g12.jpg,data/leg raises/leg raises_g12.jpg,data/leg raises/leg raises_g12.jpg,11
leg raises,leg raises|g13,train,1,,,alpha_num,data/leg raises/leg raises_g13.jpg,data/leg raises/leg raises_g13.jpg,data/leg raises/leg raises_g13.jpg,data/leg raises/leg raises_g13.jpg,data/leg raises/leg raises_g13.jpg,data/leg raises/leg raises_g13.jpg,data/leg raises/leg raises_g13.jpg,data/leg raises/leg raises_g13.jpg,data/leg raises/leg raises_g13.jpg,data/leg raises/leg raises_g13.jpg,data/leg raises/leg raises_g13.jpg,data/leg raises/leg raises_g13.jpg,data/leg raises/leg raises_g13.jpg,data/leg raises/leg raises_g13.jpg,data/leg raises/leg raises_g13.jpg,data/leg raises/leg raises_g13.jpg,11
leg raises,leg raises|g14,train,1,,,alpha_num,data/leg raises/leg raises_g14.jpg,data/leg raises/leg raises_g14.jpg,data/leg raises/leg raises_g14.jpg,data/leg raises/leg raises_g14.jpg,data/leg raises/leg raises_g14.jpg,data/leg raises/leg raises_g14.jpg,data/leg raises/leg raises_g14.jpg,data/leg raises/leg raises_g14.jpg,data/leg raises/leg raises_g14.jpg,data/leg raises/leg raises_g14.jpg,data/leg raises/leg raises_g14.jpg,data/leg raises/leg raises_g14.jpg,data/leg raises/leg raises_g14.jpg,data/leg raises/leg raises_g14.jpg,data/leg raises/leg raises_g14.jpg,data/leg raises/leg raises_g14.jpg,11
leg raises,leg raises|g15,val,1,,,alpha_num,data/leg raises/leg raises_g15.jpg,data/leg raises/leg raises_g15.jpg,data/leg raises/leg raises_g15.jpg,data/leg raises/leg raises_g15.jpg,data/leg raises/leg raises_g15.jpg,data/leg raises/leg raises_g15.jpg,data/leg raises/leg raises_g15.jpg,data/leg raises/leg raises_g15.jpg,data/leg raises/leg raises_g15.jpg,data/leg raises/leg raises_g15.jpg,data/leg raises/leg raises_g15.jpg,data/leg raises/leg raises_g15.jpg,data/leg raises/leg raises_g15.jpg,data/leg raises/leg raises_g15.jpg,data/leg raises/leg raises_g15.jpg,data/leg raises/leg raises_g15.jpg,11
leg raises,leg raises|g16,train,1,,,alpha_num,data/leg raises/leg raises_g16.jpg,data/leg raises/leg raises_g16.jpg,data/leg raises/leg raises_g16.jpg,data/leg raises/leg raises_g16.jpg,data/leg raises/leg raises_g16.jpg,data/leg raises/leg raises_g16.jpg,data/leg raises/leg raises_g16.jpg,data/leg raises/leg raises_g16.jpg,data/leg raises/leg raises_g16.jpg,data/leg raises/leg raises_g16.jpg,data/leg raises/leg raises_g16.jpg,data/leg raises/leg raises_g16.jpg,data/leg raises/leg raises_g16.jpg,data/leg raises/leg raises_g16.jpg,data/leg raises/leg raises_g16.jpg,data/leg raises/leg raises_g16.jpg,11
leg raises,leg raises|g17,val,1,,,alpha_num,data/leg raises/leg raises_g17.jpg,data/leg raises/leg raises_g17.jpg,data/leg raises/leg raises_g17.jpg,data/leg raises/leg raises_g17.jpg,data/leg raises/leg raises_g17.jpg,data/leg raises/leg raises_g17.jpg,data/leg raises/leg raises_g17.jpg,data/leg raises/leg raises_g17.jpg,data/leg raises/leg raises_g17.jpg,data/leg raises/leg raises_g17.jpg,data/leg raises/leg raises_g17.jpg,data/leg raises/leg raises_g17.jpg,data/leg raises/leg raises_g17.jpg,data/leg raises/leg raises_g17.jpg,data/leg raises/leg raises_g17.jpg,data/leg raises/leg raises_g17.jpg,11
leg raises,leg raises|g18,train,1,,,alpha_num,data/leg raises/leg raises_g18.jpg,data/leg raises/leg raises_g18.jpg,data/leg raises/leg raises_g18.jpg,data/leg raises/leg raises_g18.jpg,data/leg raises/leg raises_g18.jpg,data/leg raises/leg raises_g18.jpg,data/leg raises/leg raises_g18.jpg,data/leg raises/leg raises_g18.jpg,data/leg raises/leg raises_g18.jpg,data/leg raises/leg raises_g18.jpg,data/leg raises/leg raises_g18.jpg,data/leg raises/leg raises_g18.jpg,data/leg raises/leg raises_g18.jpg,data/leg raises/leg raises_g18.jpg,data/leg raises/leg raises_g18.jpg,data/leg raises/leg raises_g18.jpg,11
leg raises,leg raises|g19,train,1,,,alpha_num,data/leg raises/leg raises_g19.jpg,data/leg raises/leg raises_g19.jpg,data/leg raises/leg raises_g19.jpg,data/leg raises/leg raises_g19.jpg,data/leg raises/leg raises_g19.jpg,data/leg raises/leg raises_g19.jpg,data/leg raises/leg raises_g19.jpg,data/leg raises/leg raises_g19.jpg,data/leg raises/leg raises_g19.jpg,data/leg raises/leg raises_g19.jpg,data/leg raises/leg raises_g19.jpg,data/leg raises/leg raises_g19.jpg,data/leg raises/leg raises_g19.jpg,data/leg raises/leg raises_g19.jpg,data/leg raises/leg raises_g19.jpg,data/leg raises/leg raises_g19.jpg,11
leg raises,leg raises|g2,train,1,,,alpha_num,data/leg raises/leg raises_g2.jpg,data/leg raises/leg raises_g2.jpg,data/leg raises/leg raises_g2.jpg,data/leg raises/leg raises_g2.jpg,data/leg raises/leg raises_g2.jpg,data/leg raises/leg raises_g2.jpg,data/leg raises/leg raises_g2.jpg,data/leg raises/leg raises_g2.jpg,data/leg raises/leg raises_g2.jpg,data/leg raises/leg raises_g2.jpg,data/leg raises/leg raises_g2.jpg,data/leg raises/leg raises_g2.jpg,data/leg raises/leg raises_g2.jpg,data/leg raises/leg raises_g2.jpg,data/leg raises/leg raises_g2.jpg,data/leg raises/leg raises_g2.jpg,11
leg raises,leg raises|g20,train,1,,,alpha_num,data/leg raises/leg raises_g20.jpg,data/leg raises/leg raises_g20.jpg,data/leg raises/leg raises_g20.jpg,data/leg raises/leg raises_g20.jpg,data/leg raises/leg raises_g20.jpg,data/leg raises/leg raises_g20.jpg,data/leg raises/leg raises_g20.jpg,data/leg raises/leg raises_g20.jpg,data/leg raises/leg raises_g20.jpg,data/leg raises/leg raises_g20.jpg,data/leg raises/leg raises_g20.jpg,data/leg raises/leg raises_g20.jpg,data/leg raises/leg raises_g20.jpg,data/leg raises/leg raises_g20.jpg,data/leg raises/leg raises_g20.jpg,data/leg raises/leg raises_g20.jpg,11
leg raises,leg raises|g21,train,1,,,alpha_num,data/leg raises/leg raises_g21.jpg,data/leg raises/leg raises_g21.jpg,data/leg raises/leg raises_g21.jpg,data/leg raises/leg raises_g21.jpg,data/leg raises/leg raises_g21.jpg,data/leg raises/leg raises_g21.jpg,data/leg raises/leg raises_g21.jpg,data/leg raises/leg raises_g21.jpg,data/leg raises/leg raises_g21.jpg,data/leg raises/leg raises_g21.jpg,data/leg raises/leg raises_g21.jpg,data/leg raises/leg raises_g21.jpg,data/leg raises/leg raises_g21.jpg,data/leg raises/leg raises_g21.jpg,data/leg raises/leg raises_g21.jpg,data/leg raises/leg raises_g21.jpg,11
leg raises,leg raises|g22,train,1,,,alpha_num,data/leg raises/leg raises_g22.jpg,data/leg raises/leg raises_g22.jpg,data/leg raises/leg raises_g22.jpg,data/leg raises/leg raises_g22.jpg,data/leg raises/leg raises_g22.jpg,data/leg raises/leg raises_g22.jpg,data/leg raises/leg raises_g22.jpg,data/leg raises/leg raises_g22.jpg,data/leg raises/leg raises_g22.jpg,data/leg raises/leg raises_g22.jpg,data/leg raises/leg raises_g22.jpg,data/leg raises/leg raises_g22.jpg,data/leg raises/leg raises_g22.jpg,data/leg raises/leg raises_g22.jpg,data/leg raises/leg raises_g22.jpg,data/leg raises/leg raises_g22.jpg,11
leg raises,leg raises|g23,train,1,,,alpha_num,data/leg raises/leg raises_g23.jpg,data/leg raises/leg raises_g23.jpg,data/leg raises/leg raises_g23.jpg,data/leg raises/leg raises_g23.jpg,data/leg raises/leg raises_g23.jpg,data/leg raises/leg raises_g23.jpg,data/leg raises/leg raises_g23.jpg,data/leg raises/leg raises_g23.jpg,data/leg raises/leg raises_g23.jpg,data/leg raises/leg raises_g23.jpg,data/leg raises/leg raises_g23.jpg,data/leg raises/leg raises_g23.jpg,data/leg raises/leg raises_g23.jpg,data/leg raises/leg raises_g23.jpg,data/leg raises/leg raises_g23.jpg,data/leg raises/leg raises_g23.jpg,11
leg raises,leg raises|g3,train,1,,,alpha_num,data/leg raises/leg raises_g3.jpg,data/leg raises/leg raises_g3.jpg,data/leg raises/leg raises_g3.jpg,data/leg raises/leg raises_g3.jpg,data/leg raises/leg raises_g3.jpg,data/leg raises/leg raises_g3.jpg,data/leg raises/leg raises_g3.jpg,data/leg raises/leg raises_g3.jpg,data/leg raises/leg raises_g3.jpg,data/leg raises/leg raises_g3.jpg,data/leg raises/leg raises_g3.jpg,data/leg raises/leg raises_g3.jpg,data/leg raises/leg raises_g3.jpg,data/leg raises/leg raises_g3.jpg,data/leg raises/leg raises_g3.jpg,data/leg raises/leg raises_g3.jpg,11
leg raises,leg raises|g4,train,1,,,alpha_num,data/leg raises/leg raises_g4.jpg,data/leg raises/leg raises_g4.jpg,data/leg raises/leg raises_g4.jpg,data/leg raises/leg raises_g4.jpg,data/leg raises/leg raises_g4.jpg,data/leg raises/leg raises_g4.jpg,data/leg raises/leg raises_g4.jpg,data/leg raises/leg raises_g4.jpg,data/leg raises/leg raises_g4.jpg,data/leg raises/leg raises_g4.jpg,data/leg raises/leg raises_g4.jpg,data/leg raises/leg raises_g4.jpg,data/leg raises/leg raises_g4.jpg,data/leg raises/leg raises_g4.jpg,data/leg raises/leg raises_g4.jpg,data/leg raises/leg raises_g4.jpg,11
leg raises,leg raises|g5,train,1,,,alpha_num,data/leg raises/leg raises_g5.jpg,data/leg raises/leg raises_g5.jpg,data/leg raises/leg raises_g5.jpg,data/leg raises/leg raises_g5.jpg,data/leg raises/leg raises_g5.jpg,data/leg raises/leg raises_g5.jpg,data/leg raises/leg raises_g5.jpg,data/leg raises/leg raises_g5.jpg,data/leg raises/leg raises_g5.jpg,data/leg raises/leg raises_g5.jpg,data/leg raises/leg raises_g5.jpg,data/leg raises/leg raises_g5.jpg,data/leg raises/leg raises_g5.jpg,data/leg raises/leg raises_g5.jpg,data/leg raises/leg raises_g5.jpg,data/leg raises/leg raises_g5.jpg,11
leg raises,leg raises|g6,train,1,,,alpha_num,data/leg raises/leg raises_g6.jpg,data/leg raises/leg raises_g6.jpg,data/leg raises/leg raises_g6.jpg,data/leg raises/leg raises_g6.jpg,data/leg raises/leg raises_g6.jpg,data/leg raises/leg raises_g6.jpg,data/leg raises/leg raises_g6.jpg,data/leg raises/leg raises_g6.jpg,data/leg raises/leg raises_g6.jpg,data/leg raises/leg raises_g6.jpg,data/leg raises/leg raises_g6.jpg,data/leg raises/leg raises_g6.jpg,data/leg raises/leg raises_g6.jpg,data/leg raises/leg raises_g6.jpg,data/leg raises/leg raises_g6.jpg,data/leg raises/leg raises_g6.jpg,11
leg raises,leg raises|g7,train,1,,,alpha_num,data/leg raises/leg raises_g7.jpg,data/leg raises/leg raises_g7.jpg,data/leg raises/leg raises_g7.jpg,data/leg raises/leg raises_g7.jpg,data/leg raises/leg raises_g7.jpg,data/leg raises/leg raises_g7.jpg,data/leg raises/leg raises_g7.jpg,data/leg raises/leg raises_g7.jpg,data/leg raises/leg raises_g7.jpg,data/leg raises/leg raises_g7.jpg,data/leg raises/leg raises_g7.jpg,data/leg raises/leg raises_g7.jpg,data/leg raises/leg raises_g7.jpg,data/leg raises/leg raises_g7.jpg,data/leg raises/leg raises_g7.jpg,data/leg raises/leg raises_g7.jpg,11
leg raises,leg raises|g8,train,1,,,alpha_num,data/leg raises/leg raises_g8.jpg,data/leg raises/leg raises_g8.jpg,data/leg raises/leg raises_g8.jpg,data/leg raises/leg raises_g8.jpg,data/leg raises/leg raises_g8.jpg,data/leg raises/leg raises_g8.jpg,data/leg raises/leg raises_g8.jpg,data/leg raises/leg raises_g8.jpg,data/leg raises/leg raises_g8.jpg,data/leg raises/leg raises_g8.jpg,data/leg raises/leg raises_g8.jpg,data/leg raises/leg raises_g8.jpg,data/leg raises/leg raises_g8.jpg,data/leg raises/leg raises_g8.jpg,data/leg raises/leg raises_g8.jpg,data/leg raises/leg raises_g8.jpg,11
leg raises,leg raises|g9,train,1,,,alpha_num,data/leg raises/leg raises_g9.jpg,data/leg raises/leg raises_g9.jpg,data/leg raises/leg raises_g9.jpg,data/leg raises/leg raises_g9.jpg,data/leg raises/leg raises_g9.jpg,data/leg raises/leg raises_g9.jpg,data/leg raises/leg raises_g9.jpg,data/leg raises/leg raises_g9.jpg,data/leg raises/leg raises_g9.jpg,data/leg raises/leg raises_g9.jpg,data/leg raises/leg raises_g9.jpg,data/leg raises/leg raises_g9.jpg,data/leg raises/leg raises_g9.jpg,data/leg raises/leg raises_g9.jpg,data/leg raises/leg raises_g9.jpg,data/leg raises/leg raises_g9.jpg,11
leg raises,leg raises|num_10,train,36,1.0,351.0,numeric,data/leg raises/leg raises_100001.jpg,data/leg raises/leg raises_100021.jpg,data/leg raises/leg raises_100041.jpg,data/leg raises/leg raises_100071.jpg,data/leg raises/leg raises_100091.jpg,data/leg raises/leg raises_100111.jpg,data/leg raises/leg raises_100141.jpg,data/leg raises/leg raises_100161.jpg,data/leg raises/leg raises_100181.jpg,data/leg raises/leg raises_100211.jpg,data/leg raises/leg raises_100231.jpg,data/leg raises/leg raises_100251.jpg,data/leg raises/leg raises_100281.jpg,data/leg raises/leg raises_100301.jpg,data/leg raises/leg raises_100321.jpg,data/leg raises/leg raises_100351.jpg,11
leg raises,leg raises|num_100,train,18,1.0,171.0,numeric,data/leg raises/leg raises_1000001.jpg,data/leg raises/leg raises_1000011.jpg,data/leg raises/leg raises_1000021.jpg,data/leg raises/leg raises_1000031.jpg,data/leg raises/leg raises_1000041.jpg,data/leg raises/leg raises_1000051.jpg,data/leg raises/leg raises_1000061.jpg,data/leg raises/leg raises_1000071.jpg,data/leg raises/leg raises_1000091.jpg,data/leg raises/leg raises_1000101.jpg,data/leg raises/leg raises_1000111.jpg,data/leg raises/leg raises_1000121.jpg,data/leg raises/leg raises_1000131.jpg,data/leg raises/leg raises_1000141.jpg,data/leg raises/leg raises_1000151.jpg,data/leg raises/leg raises_1000171.jpg,11
leg raises,leg raises|num_110,train,24,11.0,241.0,numeric,data/leg raises/leg raises_1100011.jpg,data/leg raises/leg raises_1100021.jpg,data/leg raises/leg raises_1100041.jpg,data/leg raises/leg raises_1100051.jpg,data/leg raises/leg raises_1100071.jpg,data/leg raises/leg raises_1100081.jpg,data/leg raises/leg raises_1100101.jpg,data/leg raises/leg raises_1100111.jpg,data/leg raises/leg raises_1100131.jpg,data/leg raises/leg raises_1100141.jpg,data/leg raises/leg raises_1100161.jpg,data/leg raises/leg raises_1100171.jpg,data/leg raises/leg raises_1100191.jpg,data/leg raises/leg raises_1100201.jpg,data/leg raises/leg raises_1100221.jpg,data/leg raises/leg raises_1100241.jpg,11
leg raises,leg raises|num_120,train,19,1.0,181.0,numeric,data/leg raises/leg raises_1200001.jpg,data/leg raises/leg raises_1200011.jpg,data/leg raises/leg raises_1200021.jpg,data/leg raises/leg raises_1200031.jpg,data/leg raises/leg raises_1200041.jpg,data/leg raises/leg raises_1200061.jpg,data/leg raises/leg raises_1200071.jpg,data/leg raises/leg raises_1200081.jpg,data/leg raises/leg raises_1200091.jpg,data/leg raises/leg raises_1200101.jpg,data/leg raises/leg raises_1200121.jpg,data/leg raises/leg raises_1200131.jpg,data/leg raises/leg raises_1200141.jpg,data/leg raises/leg raises_1200151.jpg,data/leg raises/leg raises_1200161.jpg,data/leg raises/leg raises_1200181.jpg,11
leg raises,leg raises|num_130,train,19,1.0,181.0,numeric,data/leg raises/leg raises_1300001.jpg,data/leg raises/leg raises_1300011.jpg,data/leg raises/leg raises_1300021.jpg,data/leg raises/leg raises_1300031.jpg,data/leg raises/leg raises_1300041.jpg,data/leg raises/leg raises_1300061.jpg,data/leg raises/leg raises_1300071.jpg,data/leg raises/leg raises_1300081.jpg,data/leg raises/leg raises_1300091.jpg,data/leg raises/leg raises_1300101.jpg,data/leg raises/leg raises_1300121.jpg,data/leg raises/leg raises_1300131.jpg,data/leg raises/leg raises_1300141.jpg,data/leg raises/leg raises_1300151.jpg,data/leg raises/leg raises_1300161.jpg,data/leg raises/leg raises_1300181.jpg,11
leg raises,leg raises|num_140,train,27,1.0,261.0,numeric,data/leg raises/leg raises_1400001.jpg,data/leg raises/leg raises_1400011.jpg,data/leg raises/leg raises_1400031.jpg,data/leg raises/leg raises_1400051.jpg,data/leg raises/leg raises_1400061.jpg,data/leg raises/leg raises_1400081.jpg,data/leg raises/leg raises_1400101.jpg,data/leg raises/leg raises_1400121.jpg,data/leg raises/leg raises_1400131.jpg,data/leg raises/leg raises_1400151.jpg,data/leg raises/leg raises_1400171.jpg,data/leg raises/leg raises_1400191.jpg,data/leg raises/leg raises_1400201.jpg,data/leg raises/leg raises_1400221.jpg,data/leg raises/leg raises_1400241.jpg,data/leg raises/leg raises_1400261.jpg,11
leg raises,leg raises|num_150,train,15,1.0,141.0,numeric,data/leg raises/leg raises_1500001.jpg,data/leg raises/leg raises_1500011.jpg,data/leg raises/leg raises_1500021.jpg,data/leg raises/leg raises_1500031.jpg,data/leg raises/leg raises_1500041.jpg,data/leg raises/leg raises_1500051.jpg,data/leg raises/leg raises_1500061.jpg,data/leg raises/leg raises_1500071.jpg,data/leg raises/leg raises_1500081.jpg,data/leg raises/leg raises_1500091.jpg,data/leg raises/leg raises_1500101.jpg,data/leg raises/leg raises_1500111.jpg,data/leg raises/leg raises_1500121.jpg,data/leg raises/leg raises_1500131.jpg,data/leg raises/leg raises_1500141.jpg,data/leg raises/leg raises_1500141.jpg,11
leg raises,leg raises|num_160,train,22,1.0,211.0,numeric,data/leg raises/leg raises_1600001.jpg,data/leg raises/leg raises_1600011.jpg,data/leg raises/leg raises_1600021.jpg,data/leg raises/leg raises_1600041.jpg,data/leg raises/leg raises_1600051.jpg,data/leg raises/leg raises_1600071.jpg,data/leg raises/leg raises_1600081.jpg,data/leg raises/leg raises_1600091.jpg,data/leg raises/leg raises_1600111.jpg,data/leg raises/leg raises_1600121.jpg,data/leg raises/leg raises_1600141.jpg,data/leg raises/leg raises_1600151.jpg,data/leg raises/leg raises_1600161.jpg,data/leg raises/leg raises_1600181.jpg,data/leg raises/leg raises_1600191.jpg,data/leg raises/leg raises_1600211.jpg,11
leg raises,leg raises|num_170,val,33,1.0,321.0,numeric,data/leg raises/leg raises_1700001.jpg,data/leg raises/leg raises_1700021.jpg,data/leg raises/leg raises_1700041.jpg,data/leg raises/leg raises_1700061.jpg,data/leg raises/leg raises_1700081.jpg,data/leg raises/leg raises_1700101.jpg,data/leg raises/leg raises_1700121.jpg,data/leg raises/leg raises_1700141.jpg,data/leg raises/leg raises_1700171.jpg,data/leg raises/leg raises_1700191.jpg,data/leg raises/leg raises_1700211.jpg,data/leg raises/leg raises_1700231.jpg,data/leg raises/leg raises_1700251.jpg,data/leg raises/leg raises_1700271.jpg,data/leg raises/leg raises_1700291.jpg,data/leg raises/leg raises_1700321.jpg,11
leg raises,leg raises|num_180,train,15,1.0,141.0,numeric,data/leg raises/leg raises_1800001.jpg,data/leg raises/leg raises_1800011.jpg,data/leg raises/leg raises_1800021.jpg,data/leg raises/leg raises_1800031.jpg,data/leg raises/leg raises_1800041.jpg,data/leg raises/leg raises_1800051.jpg,data/leg raises/leg raises_1800061.jpg,data/leg raises/leg raises_1800071.jpg,data/leg raises/leg raises_1800081.jpg,data/leg raises/leg raises_1800091.jpg,data/leg raises/leg raises_1800101.jpg,data/leg raises/leg raises_1800111.jpg,data/leg raises/leg raises_1800121.jpg,data/leg raises/leg raises_1800131.jpg,data/leg raises/leg raises_1800141.jpg,data/leg raises/leg raises_1800141.jpg,11
leg raises,leg raises|num_190,train,22,1.0,211.0,numeric,data/leg raises/leg raises_1900001.jpg,data/leg raises/leg raises_1900011.jpg,data/leg raises/leg raises_1900021.jpg,data/leg raises/leg raises_1900041.jpg,data/leg raises/leg raises_1900051.jpg,data/leg raises/leg raises_1900071.jpg,data/leg raises/leg raises_1900081.jpg,data/leg raises/leg raises_1900091.jpg,data/leg raises/leg raises_1900111.jpg,data/leg raises/leg raises_1900121.jpg,data/leg raises/leg raises_1900141.jpg,data/leg raises/leg raises_1900151.jpg,data/leg raises/leg raises_1900161.jpg,data/leg raises/leg raises_1900181.jpg,data/leg raises/leg raises_1900191.jpg,data/leg raises/leg raises_1900211.jpg,11
leg raises,leg raises|num_20,train,38,51.0,421.0,numeric,data/leg raises/leg raises_200051.jpg,data/leg raises/leg raises_200071.jpg,data/leg raises/leg raises_200091.jpg,data/leg raises/leg raises_200121.jpg,data/leg raises/leg raises_200141.jpg,data/leg raises/leg raises_200171.jpg,data/leg raises/leg raises_200191.jpg,data/leg raises/leg raises_200221.jpg,data/leg raises/leg raises_200241.jpg,data/leg raises/leg raises_200271.jpg,data/leg raises/leg raises_200291.jpg,data/leg raises/leg raises_200321.jpg,data/leg raises/leg raises_200341.jpg,data/leg raises/leg raises_200371.jpg,data/leg raises/leg raises_200391.jpg,data/leg raises/leg raises_200421.jpg,11
leg raises,leg raises|num_200,train,7,1.0,61.0,numeric,data/leg raises/leg raises_2000001.jpg,data/leg raises/leg raises_2000011.jpg,data/leg raises/leg raises_2000021.jpg,data/leg raises/leg raises_2000031.jpg,data/leg raises/leg raises_2000041.jpg,data/leg raises/leg raises_2000051.jpg,data/leg raises/leg raises_2000061.jpg,data/leg raises/leg raises_2000061.jpg,data/leg raises/leg raises_2000061.jpg,data/leg raises/leg raises_2000061.jpg,data/leg raises/leg raises_2000061.jpg,data/leg raises/leg raises_2000061.jpg,data/leg raises/leg raises_2000061.jpg,data/leg raises/leg raises_2000061.jpg,data/leg raises/leg raises_2000061.jpg,data/leg raises/leg raises_2000061.jpg,11
leg raises,leg raises|num_210,train,6,1.0,51.0,numeric,data/leg raises/leg raises_2100001.jpg,data/leg raises/leg raises_2100011.jpg,data/leg raises/leg raises_2100021.jpg,data/leg raises/leg raises_2100031.jpg,data/leg raises/leg raises_2100041.jpg,data/leg raises/leg raises_2100051.jpg,data/leg raises/leg raises_2100051.jpg,data/leg raises/leg raises_2100051.jpg,data/leg raises/leg raises_2100051.jpg,data/leg raises/leg raises_2100051.jpg,data/leg raises/leg raises_2100051.jpg,data/leg raises/leg raises_2100051.jpg,data/leg raises/leg raises_2100051.jpg,data/leg raises/leg raises_2100051.jpg,data/leg raises/leg raises_2100051.jpg,data/leg raises/leg raises_2100051.jpg,11
leg raises,leg raises|num_30,train,32,1.0,311.0,numeric,data/leg raises/leg raises_300001.jpg,data/leg raises/leg raises_300021.jpg,data/leg raises/leg raises_300041.jpg,data/leg raises/leg raises_300061.jpg,data/leg raises/leg raises_300081.jpg,data/leg raises/leg raises_300101.jpg,data/leg raises/leg raises_300121.jpg,data/leg raises/leg raises_300141.jpg,data/leg raises/leg raises_300161.jpg,data/leg raises/leg raises_300181.jpg,data/leg raises/leg raises_300201.jpg,data/leg raises/leg raises_300221.jpg,data/leg raises/leg raises_300241.jpg,data/leg raises/leg raises_300261.jpg,data/leg raises/leg raises_300281.jpg,data/leg raises/leg raises_300311.jpg,11
leg raises,leg raises|num_40,train,19,1.0,181.0,numeric,data/leg raises/leg raises_400001.jpg,data/leg raises/leg raises_400011.jpg,data/leg raises/leg raises_400021.jpg,data/leg raises/leg raises_400031.jpg,data/leg raises/leg raises_400041.jpg,data/leg raises/leg raises_400061.jpg,data/leg raises/leg raises_400071.jpg,data/leg raises/leg raises_400081.jpg,data/leg raises/leg raises_400091.jpg,data/leg raises/leg raises_400101.jpg,data/leg raises/leg raises_400121.jpg,data/leg raises/leg raises_400131.jpg,data/leg raises/leg raises_400141.jpg,data/leg raises/leg raises_400151.jpg,data/leg raises/leg raises_400161.jpg,data/leg raises/leg raises_400181.jpg,11
leg raises,leg raises|num_50,train,25,181.0,421.0,numeric,data/leg raises/leg raises_500181.jpg,data/leg raises/leg raises_500191.jpg,data/leg raises/leg raises_500211.jpg,data/leg raises/leg raises_500221.jpg,data/leg raises/leg raises_500241.jpg,data/leg raises/leg raises_500261.jpg,data/leg raises/leg raises_500271.jpg,data/leg raises/leg raises_500291.jpg,data/leg raises/leg raises_500301.jpg,data/leg raises/leg raises_500321.jpg,data/leg raises/leg raises_500341.jpg,data/leg raises/leg raises_500351.jpg,data/leg raises/leg raises_500371.jpg,data/leg raises/leg raises_500381.jpg,data/leg raises/leg raises_500401.jpg,data/leg raises/leg raises_500421.jpg,11
leg raises,leg raises|num_60,train,26,71.0,321.0,numeric,data/leg raises/leg raises_600071.jpg,data/leg raises/leg raises_600081.jpg,data/leg raises/leg raises_600101.jpg,data/leg raises/leg raises_600121.jpg,data/leg raises/leg raises_600131.jpg,data/leg raises/leg raises_600151.jpg,data/leg raises/leg raises_600171.jpg,data/leg raises/leg raises_600181.jpg,data/leg raises/leg raises_600201.jpg,data/leg raises/leg raises_600221.jpg,data/leg raises/leg raises_600231.jpg,data/leg raises/leg raises_600251.jpg,data/leg raises/leg raises_600271.jpg,data/leg raises/leg raises_600281.jpg,data/leg raises/leg raises_600301.jpg,data/leg raises/leg raises_600321.jpg,11
leg raises,leg raises|num_70,train,35,1.0,341.0,numeric,data/leg raises/leg raises_700001.jpg,data/leg raises/leg raises_700021.jpg,data/leg raises/leg raises_700041.jpg,data/leg raises/leg raises_700061.jpg,data/leg raises/leg raises_700091.jpg,data/leg raises/leg raises_700111.jpg,data/leg raises/leg raises_700131.jpg,data/leg raises/leg raises_700151.jpg,data/leg raises/leg raises_700181.jpg,data/leg raises/leg raises_700201.jpg,data/leg raises/leg raises_700221.jpg,data/leg raises/leg raises_700241.jpg,data/leg raises/leg raises_700271.jpg,data/leg raises/leg raises_700291.jpg,data/leg raises/leg raises_700311.jpg,data/leg raises/leg raises_700341.jpg,11
leg raises,leg raises|num_80,test,33,11.0,331.0,numeric,data/leg raises/leg raises_800011.jpg,data/leg raises/leg raises_800031.jpg,data/leg raises/leg raises_800051.jpg,data/leg raises/leg raises_800071.jpg,data/leg raises/leg raises_800091.jpg,data/leg raises/leg raises_800111.jpg,data/leg raises/leg raises_800131.jpg,data/leg raises/leg raises_800151.jpg,data/leg raises/leg raises_800181.jpg,data/leg raises/leg raises_800201.jpg,data/leg raises/leg raises_800221.jpg,data/leg raises/leg raises_800241.jpg,data/leg raises/leg raises_800261.jpg,data/leg raises/leg raises_800281.jpg,data/leg raises/leg raises_800301.jpg,data/leg raises/leg raises_800331.jpg,11
leg raises,leg raises|num_90,train,20,11.0,201.0,numeric,data/leg raises/leg raises_900011.jpg,data/leg raises/leg raises_900021.jpg,data/leg raises/leg raises_900031.jpg,data/leg raises/leg raises_900041.jpg,data/leg raises/leg raises_900061.jpg,data/leg raises/leg raises_900071.jpg,data/leg raises/leg raises_900081.jpg,data/leg raises/leg raises_900091.jpg,data/leg raises/leg raises_900111.jpg,data/leg raises/leg raises_900121.jpg,data/leg raises/leg raises_900131.jpg,data/leg raises/leg raises_900141.jpg,data/leg raises/leg raises_900161.jpg,data/leg raises/leg raises_900171.jpg,data/leg raises/leg raises_900181.jpg,data/leg raises/leg raises_900201.jpg,11
plank,plank|g1,train,1,,,alpha_num,data/plank/plank_g1.jpg,data/plank/plank_g1.jpg,data/plank/plank_g1.jpg,data/plank/plank_g1.jpg,data/plank/plank_g1.jpg,data/plank/plank_g1.jpg,data/plank/plank_g1.jpg,data/plank/plank_g1.jpg,data/plank/plank_g1.jpg,data/plank/plank_g1.jpg,data/plank/plank_g1.jpg,data/plank/plank_g1.jpg,data/plank/plank_g1.jpg,data/plank/plank_g1.jpg,data/plank/plank_g1.jpg,data/plank/plank_g1.jpg,12
plank,plank|g10,train,1,,,alpha_num,data/plank/plank_g10.jpg,data/plank/plank_g10.jpg,data/plank/plank_g10.jpg,data/plank/plank_g10.jpg,data/plank/plank_g10.jpg,data/plank/plank_g10.jpg,data/plank/plank_g10.jpg,data/plank/plank_g10.jpg,data/plank/plank_g10.jpg,data/plank/plank_g10.jpg,data/plank/plank_g10.jpg,data/plank/plank_g10.jpg,data/plank/plank_g10.jpg,data/plank/plank_g10.jpg,data/plank/plank_g10.jpg,data/plank/plank_g10.jpg,12
plank,plank|g11,train,1,,,alpha_num,data/plank/plank_g11.jpg,data/plank/plank_g11.jpg,data/plank/plank_g11.jpg,data/plank/plank_g11.jpg,data/plank/plank_g11.jpg,data/plank/plank_g11.jpg,data/plank/plank_g11.jpg,data/plank/plank_g11.jpg,data/plank/plank_g11.jpg,data/plank/plank_g11.jpg,data/plank/plank_g11.jpg,data/plank/plank_g11.jpg,data/plank/plank_g11.jpg,data/plank/plank_g11.jpg,data/plank/plank_g11.jpg,data/plank/plank_g11.jpg,12
plank,plank|g12,train,1,,,alpha_num,data/plank/plank_g12.jpg,data/plank/plank_g12.jpg,data/plank/plank_g12.jpg,data/plank/plank_g12.jpg,data/plank/plank_g12.jpg,data/plank/plank_g12.jpg,data/plank/plank_g12.jpg,data/plank/plank_g12.jpg,data/plank/plank_g12.jpg,data/plank/plank_g12.jpg,data/plank/plank_g12.jpg,data/plank/plank_g12.jpg,data/plank/plank_g12.jpg,data/plank/plank_g12.jpg,data/plank/plank_g12.jpg,data/plank/plank_g12.jpg,12
plank,plank|g13,train,1,,,alpha_num,data/plank/plank_g13.jpg,data/plank/plank_g13.jpg,data/plank/plank_g13.jpg,data/plank/plank_g13.jpg,data/plank/plank_g13.jpg,data/plank/plank_g13.jpg,data/plank/plank_g13.jpg,data/plank/plank_g13.jpg,data/plank/plank_g13.jpg,data/plank/plank_g13.jpg,data/plank/plank_g13.jpg,data/plank/plank_g13.jpg,data/plank/plank_g13.jpg,data/plank/plank_g13.jpg,data/plank/plank_g13.jpg,data/plank/plank_g13.jpg,12
plank,plank|g14,train,1,,,alpha_num,data/plank/plank_g14.jpg,data/plank/plank_g14.jpg,data/plank/plank_g14.jpg,data/plank/plank_g14.jpg,data/plank/plank_g14.jpg,data/plank/plank_g14.jpg,data/plank/plank_g14.jpg,data/plank/plank_g14.jpg,data/plank/plank_g14.jpg,data/plank/plank_g14.jpg,data/plank/plank_g14.jpg,data/plank/plank_g14.jpg,data/plank/plank_g14.jpg,data/plank/plank_g14.jpg,data/plank/plank_g14.jpg,data/plank/plank_g14.jpg,12
plank,plank|g15,train,1,,,alpha_num,data/plank/plank_g15.jpg,data/plank/plank_g15.jpg,data/plank/plank_g15.jpg,data/plank/plank_g15.jpg,data/plank/plank_g15.jpg,data/plank/plank_g15.jpg,data/plank/plank_g15.jpg,data/plank/plank_g15.jpg,data/plank/plank_g15.jpg,data/plank/plank_g15.jpg,data/plank/plank_g15.jpg,data/plank/plank_g15.jpg,data/plank/plank_g15.jpg,data/plank/plank_g15.jpg,data/plank/plank_g15.jpg,data/plank/plank_g15.jpg,12
plank,plank|g16,train,1,,,alpha_num,data/plank/plank_g16.jpg,data/plank/plank_g16.jpg,data/plank/plank_g16.jpg,data/plank/plank_g16.jpg,data/plank/plank_g16.jpg,data/plank/plank_g16.jpg,data/plank/plank_g16.jpg,data/plank/plank_g16.jpg,data/plank/plank_g16.jpg,data/plank/plank_g16.jpg,data/plank/plank_g16.jpg,data/plank/plank_g16.jpg,data/plank/plank_g16.jpg,data/plank/plank_g16.jpg,data/plank/plank_g16.jpg,data/plank/plank_g16.jpg,12
plank,plank|g17,train,1,,,alpha_num,data/plank/plank_g17.jpg,data/plank/plank_g17.jpg,data/plank/plank_g17.jpg,data/plank/plank_g17.jpg,data/plank/plank_g17.jpg,data/plank/plank_g17.jpg,data/plank/plank_g17.jpg,data/plank/plank_g17.jpg,data/plank/plank_g17.jpg,data/plank/plank_g17.jpg,data/plank/plank_g17.jpg,data/plank/plank_g17.jpg,data/plank/plank_g17.jpg,data/plank/plank_g17.jpg,data/plank/plank_g17.jpg,data/plank/plank_g17.jpg,12
plank,plank|g18,train,1,,,alpha_num,data/plank/plank_g18.jpg,data/plank/plank_g18.jpg,data/plank/plank_g18.jpg,data/plank/plank_g18.jpg,data/plank/plank_g18.jpg,data/plank/plank_g18.jpg,data/plank/plank_g18.jpg,data/plank/plank_g18.jpg,data/plank/plank_g18.jpg,data/plank/plank_g18.jpg,data/plank/plank_g18.jpg,data/plank/plank_g18.jpg,data/plank/plank_g18.jpg,data/plank/plank_g18.jpg,data/plank/plank_g18.jpg,data/plank/plank_g18.jpg,12
plank,plank|g19,test,1,,,alpha_num,data/plank/plank_g19.jpg,data/plank/plank_g19.jpg,data/plank/plank_g19.jpg,data/plank/plank_g19.jpg,data/plank/plank_g19.jpg,data/plank/plank_g19.jpg,data/plank/plank_g19.jpg,data/plank/plank_g19.jpg,data/plank/plank_g19.jpg,data/plank/plank_g19.jpg,data/plank/plank_g19.jpg,data/plank/plank_g19.jpg,data/plank/plank_g19.jpg,data/plank/plank_g19.jpg,data/plank/plank_g19.jpg,data/plank/plank_g19.jpg,12
plank,plank|g2,val,1,,,alpha_num,data/plank/plank_g2.jpg,data/plank/plank_g2.jpg,data/plank/plank_g2.jpg,data/plank/plank_g2.jpg,data/plank/plank_g2.jpg,data/plank/plank_g2.jpg,data/plank/plank_g2.jpg,data/plank/plank_g2.jpg,data/plank/plank_g2.jpg,data/plank/plank_g2.jpg,data/plank/plank_g2.jpg,data/plank/plank_g2.jpg,data/plank/plank_g2.jpg,data/plank/plank_g2.jpg,data/plank/plank_g2.jpg,data/plank/plank_g2.jpg,12
plank,plank|g20,train,1,,,alpha_num,data/plank/plank_g20.jpg,data/plank/plank_g20.jpg,data/plank/plank_g20.jpg,data/plank/plank_g20.jpg,data/plank/plank_g20.jpg,data/plank/plank_g20.jpg,data/plank/plank_g20.jpg,data/plank/plank_g20.jpg,data/plank/plank_g20.jpg,data/plank/plank_g20.jpg,data/plank/plank_g20.jpg,data/plank/plank_g20.jpg,data/plank/plank_g20.jpg,data/plank/plank_g20.jpg,data/plank/plank_g20.jpg,data/plank/plank_g20.jpg,12
plank,plank|g21,train,1,,,alpha_num,data/plank/plank_g21.jpg,data/plank/plank_g21.jpg,data/plank/plank_g21.jpg,data/plank/plank_g21.jpg,data/plank/plank_g21.jpg,data/plank/plank_g21.jpg,data/plank/plank_g21.jpg,data/plank/plank_g21.jpg,data/plank/plank_g21.jpg,data/plank/plank_g21.jpg,data/plank/plank_g21.jpg,data/plank/plank_g21.jpg,data/plank/plank_g21.jpg,data/plank/plank_g21.jpg,data/plank/plank_g21.jpg,data/plank/plank_g21.jpg,12
plank,plank|g22,train,1,,,alpha_num,data/plank/plank_g22.jpg,data/plank/plank_g22.jpg,data/plank/plank_g22.jpg,data/plank/plank_g22.jpg,data/plank/plank_g22.jpg,data/plank/plank_g22.jpg,data/plank/plank_g22.jpg,data/plank/plank_g22.jpg,data/plank/plank_g22.jpg,data/plank/plank_g22.jpg,data/plank/plank_g22.jpg,data/plank/plank_g22.jpg,data/plank/plank_g22.jpg,data/plank/plank_g22.jpg,data/plank/plank_g22.jpg,data/plank/plank_g22.jpg,12
plank,plank|g3,train,1,,,alpha_num,data/plank/plank_g3.jpg,data/plank/plank_g3.jpg,data/plank/plank_g3.jpg,data/plank/plank_g3.jpg,data/plank/plank_g3.jpg,data/plank/plank_g3.jpg,data/plank/plank_g3.jpg,data/plank/plank_g3.jpg,data/plank/plank_g3.jpg,data/plank/plank_g3.jpg,data/plank/plank_g3.jpg,data/plank/plank_g3.jpg,data/plank/plank_g3.jpg,data/plank/plank_g3.jpg,data/plank/plank_g3.jpg,data/plank/plank_g3.jpg,12
plank,plank|g4,train,1,,,alpha_num,data/plank/plank_g4.jpg,data/plank/plank_g4.jpg,data/plank/plank_g4.jpg,data/plank/plank_g4.jpg,data/plank/plank_g4.jpg,data/plank/plank_g4.jpg,data/plank/plank_g4.jpg,data/plank/plank_g4.jpg,data/plank/plank_g4.jpg,data/plank/plank_g4.jpg,data/plank/plank_g4.jpg,data/plank/plank_g4.jpg,data/plank/plank_g4.jpg,data/plank/plank_g4.jpg,data/plank/plank_g4.jpg,data/plank/plank_g4.jpg,12
plank,plank|g5,train,1,,,alpha_num,data/plank/plank_g5.jpg,data/plank/plank_g5.jpg,data/plank/plank_g5.jpg,data/plank/plank_g5.jpg,data/plank/plank_g5.jpg,data/plank/plank_g5.jpg,data/plank/plank_g5.jpg,data/plank/plank_g5.jpg,data/plank/plank_g5.jpg,data/plank/plank_g5.jpg,data/plank/plank_g5.jpg,data/plank/plank_g5.jpg,data/plank/plank_g5.jpg,data/plank/plank_g5.jpg,data/plank/plank_g5.jpg,data/plank/plank_g5.jpg,12
plank,plank|g6,train,1,,,alpha_num,data/plank/plank_g6.jpg,data/plank/plank_g6.jpg,data/plank/plank_g6.jpg,data/plank/plank_g6.jpg,data/plank/plank_g6.jpg,data/plank/plank_g6.jpg,data/plank/plank_g6.jpg,data/plank/plank_g6.jpg,data/plank/plank_g6.jpg,data/plank/plank_g6.jpg,data/plank/plank_g6.jpg,data/plank/plank_g6.jpg,data/plank/plank_g6.jpg,data/plank/plank_g6.jpg,data/plank/plank_g6.jpg,data/plank/plank_g6.jpg,12
plank,plank|g7,train,1,,,alpha_num,data/plank/plank_g7.jpg,data/plank/plank_g7.jpg,data/plank/plank_g7.jpg,data/plank/plank_g7.jpg,data/plank/plank_g7.jpg,data/plank/plank_g7.jpg,data/plank/plank_g7.jpg,data/plank/plank_g7.jpg,data/plank/plank_g7.jpg,data/plank/plank_g7.jpg,data/plank/plank_g7.jpg,data/plank/plank_g7.jpg,data/plank/plank_g7.jpg,data/plank/plank_g7.jpg,data/plank/plank_g7.jpg,data/plank/plank_g7.jpg,12
plank,plank|g8,val,1,,,alpha_num,data/plank/plank_g8.jpg,data/plank/plank_g8.jpg,data/plank/plank_g8.jpg,data/plank/plank_g8.jpg,data/plank/plank_g8.jpg,data/plank/plank_g8.jpg,data/plank/plank_g8.jpg,data/plank/plank_g8.jpg,data/plank/plank_g8.jpg,data/plank/plank_g8.jpg,data/plank/plank_g8.jpg,data/plank/plank_g8.jpg,data/plank/plank_g8.jpg,data/plank/plank_g8.jpg,data/plank/plank_g8.jpg,data/plank/plank_g8.jpg,12
plank,plank|g9,train,1,,,alpha_num,data/plank/plank_g9.jpg,data/plank/plank_g9.jpg,data/plank/plank_g9.jpg,data/plank/plank_g9.jpg,data/plank/plank_g9.jpg,data/plank/plank_g9.jpg,data/plank/plank_g9.jpg,data/plank/plank_g9.jpg,data/plank/plank_g9.jpg,data/plank/plank_g9.jpg,data/plank/plank_g9.jpg,data/plank/plank_g9.jpg,data/plank/plank_g9.jpg,data/plank/plank_g9.jpg,data/plank/plank_g9.jpg,data/plank/plank_g9.jpg,12
plank,plank|num_10,train,108,1.0,1071.0,numeric,data/plank/plank_100001.jpg,data/plank/plank_100071.jpg,data/plank/plank_100141.jpg,data/plank/plank_100211.jpg,data/plank/plank_100281.jpg,data/plank/plank_100351.jpg,data/plank/plank_100421.jpg,data/plank/plank_100491.jpg,data/plank/plank_100571.jpg,data/plank/plank_100641.jpg,data/plank/plank_100711.jpg,data/plank/plank_100781.jpg,data/plank/plank_100851.jpg,data/plank/plank_100921.jpg,data/plank/plank_100991.jpg,data/plank/plank_101071.jpg,12
plank,plank|num_20,train,27,11.0,331.0,numeric,data/plank/plank_200011.jpg,data/plank/plank_200021.jpg,data/plank/plank_200041.jpg,data/plank/plank_200061.jpg,data/plank/plank_200071.jpg,data/plank/plank_200091.jpg,data/plank/plank_200111.jpg,data/plank/plank_200131.jpg,data/plank/plank_200201.jpg,data/plank/plank_200221.jpg,data/plank/plank_200241.jpg,data/plank/plank_200261.jpg,data/plank/plank_200271.jpg,data/plank/plank_200291.jpg,data/plank/plank_200311.jpg,data/plank/plank_200331.jpg,12
plank,plank|num_30,train,8,1.0,71.0,numeric,data/plank/plank_300001.jpg,data/plank/plank_300011.jpg,data/plank/plank_300021.jpg,data/plank/plank_300031.jpg,data/plank/plank_300041.jpg,data/plank/plank_300051.jpg,data/plank/plank_300061.jpg,data/plank/plank_300071.jpg,data/plank/plank_300071.jpg,data/plank/plank_300071.jpg,data/plank/plank_300071.jpg,data/plank/plank_300071.jpg,data/plank/plank_300071.jpg,data/plank/plank_300071.jpg,data/plank/plank_300071.jpg,data/plank/plank_300071.jpg,12
plank,plank|num_40,train,12,1.0,111.0,numeric,data/plank/plank_400001.jpg,data/plank/plank_400011.jpg,data/plank/plank_400021.jpg,data/plank/plank_400031.jpg,data/plank/plank_400041.jpg,data/plank/plank_400051.jpg,data/plank/plank_400061.jpg,data/plank/plank_400071.jpg,data/plank/plank_400081.jpg,data/plank/plank_400091.jpg,data/plank/plank_400101.jpg,data/plank/plank_400111.jpg,data/plank/plank_400111.jpg,data/plank/plank_400111.jpg,data/plank/plank_400111.jpg,data/plank/plank_400111.jpg,12
plank,plank|num_50,train,75,1.0,741.0,numeric,data/plank/plank_500001.jpg,data/plank/plank_500041.jpg,data/plank/plank_500091.jpg,data/plank/plank_500141.jpg,data/plank/plank_500191.jpg,data/plank/plank_500241.jpg,data/plank/plank_500291.jpg,data/plank/plank_500341.jpg,data/plank/plank_500391.jpg,data/plank/plank_500441.jpg,data/plank/plank_500491.jpg,data/plank/plank_500541.jpg,data/plank/plank_500591.jpg,data/plank/plank_500641.jpg,data/plank/plank_500691.jpg,data/plank/plank_500741.jpg,12
plank,plank|num_60,train,65,1.0,641.0,numeric,data/plank/plank_600001.jpg,data/plank/plank_600041.jpg,data/plank/plank_600081.jpg,data/plank/plank_600121.jpg,data/plank/plank_600171.jpg,data/plank/plank_600211.jpg,data/plank/plank_600251.jpg,data/plank/plank_600291.jpg,data/plank/plank_600341.jpg,data/plank/plank_600381.jpg,data/plank/plank_600421.jpg,data/plank/plank_600461.jpg,data/plank/plank_600511.jpg,data/plank/plank_600551.jpg,data/plank/plank_600591.jpg,data/plank/plank_600641.jpg,12
plank,plank|num_70,train,676,1.0,6751.0,numeric,data/plank/plank_700001.jpg,data/plank/plank_700451.jpg,data/plank/plank_700901.jpg,data/plank/plank_701351.jpg,data/plank/plank_701801.jpg,data/plank/plank_702251.jpg,data/plank/plank_702701.jpg,data/plank/plank_703151.jpg,data/plank/plank_703601.jpg,data/plank/plank_704051.jpg,data/plank/plank_704501.jpg,data/plank/plank_704951.jpg,data/plank/plank_705401.jpg,data/plank/plank_705851.jpg,data/plank/plank_706301.jpg,data/plank/plank_706751.jpg,12
pull up,pull up|g1,train,1,,,alpha_num,data/pull up/pull up_g1.jpg,data/pull up/pull up_g1.jpg,data/pull up/pull up_g1.jpg,data/pull up/pull up_g1.jpg,data/pull up/pull up_g1.jpg,data/pull up/pull up_g1.jpg,data/pull up/pull up_g1.jpg,data/pull up/pull up_g1.jpg,data/pull up/pull up_g1.jpg,data/pull up/pull up_g1.jpg,data/pull up/pull up_g1.jpg,data/pull up/pull up_g1.jpg,data/pull up/pull up_g1.jpg,data/pull up/pull up_g1.jpg,data/pull up/pull up_g1.jpg,data/pull up/pull up_g1.jpg,13
pull up,pull up|g10,train,1,,,alpha_num,data/pull up/pull up_g10.jpg,data/pull up/pull up_g10.jpg,data/pull up/pull up_g10.jpg,data/pull up/pull up_g10.jpg,data/pull up/pull up_g10.jpg,data/pull up/pull up_g10.jpg,data/pull up/pull up_g10.jpg,data/pull up/pull up_g10.jpg,data/pull up/pull up_g10.jpg,data/pull up/pull up_g10.jpg,data/pull up/pull up_g10.jpg,data/pull up/pull up_g10.jpg,data/pull up/pull up_g10.jpg,data/pull up/pull up_g10.jpg,data/pull up/pull up_g10.jpg,data/pull up/pull up_g10.jpg,13
pull up,pull up|g11,train,1,,,alpha_num,data/pull up/pull up_g11.jpg,data/pull up/pull up_g11.jpg,data/pull up/pull up_g11.jpg,data/pull up/pull up_g11.jpg,data/pull up/pull up_g11.jpg,data/pull up/pull up_g11.jpg,data/pull up/pull up_g11.jpg,data/pull up/pull up_g11.jpg,data/pull up/pull up_g11.jpg,data/pull up/pull up_g11.jpg,data/pull up/pull up_g11.jpg,data/pull up/pull up_g11.jpg,data/pull up/pull up_g11.jpg,data/pull up/pull up_g11.jpg,data/pull up/pull up_g11.jpg,data/pull up/pull up_g11.jpg,13
pull up,pull up|g12,train,1,,,alpha_num,data/pull up/pull up_g12.jpg,data/pull up/pull up_g12.jpg,data/pull up/pull up_g12.jpg,data/pull up/pull up_g12.jpg,data/pull up/pull up_g12.jpg,data/pull up/pull up_g12.jpg,data/pull up/pull up_g12.jpg,data/pull up/pull up_g12.jpg,data/pull up/pull up_g12.jpg,data/pull up/pull up_g12.jpg,data/pull up/pull up_g12.jpg,data/pull up/pull up_g12.jpg,data/pull up/pull up_g12.jpg,data/pull up/pull up_g12.jpg,data/pull up/pull up_g12.jpg,data/pull up/pull up_g12.jpg,13
pull up,pull up|g13,train,1,,,alpha_num,data/pull up/pull up_g13.jpg,data/pull up/pull up_g13.jpg,data/pull up/pull up_g13.jpg,data/pull up/pull up_g13.jpg,data/pull up/pull up_g13.jpg,data/pull up/pull up_g13.jpg,data/pull up/pull up_g13.jpg,data/pull up/pull up_g13.jpg,data/pull up/pull up_g13.jpg,data/pull up/pull up_g13.jpg,data/pull up/pull up_g13.jpg,data/pull up/pull up_g13.jpg,data/pull up/pull up_g13.jpg,data/pull up/pull up_g13.jpg,data/pull up/pull up_g13.jpg,data/pull up/pull up_g13.jpg,13
pull up,pull up|g14,train,1,,,alpha_num,data/pull up/pull up_g14.jpg,data/pull up/pull up_g14.jpg,data/pull up/pull up_g14.jpg,data/pull up/pull up_g14.jpg,data/pull up/pull up_g14.jpg,data/pull up/pull up_g14.jpg,data/pull up/pull up_g14.jpg,data/pull up/pull up_g14.jpg,data/pull up/pull up_g14.jpg,data/pull up/pull up_g14.jpg,data/pull up/pull up_g14.jpg,data/pull up/pull up_g14.jpg,data/pull up/pull up_g14.jpg,data/pull up/pull up_g14.jpg,data/pull up/pull up_g14.jpg,data/pull up/pull up_g14.jpg,13
pull up,pull up|g15,train,1,,,alpha_num,data/pull up/pull up_g15.jpg,data/pull up/pull up_g15.jpg,data/pull up/pull up_g15.jpg,data/pull up/pull up_g15.jpg,data/pull up/pull up_g15.jpg,data/pull up/pull up_g15.jpg,data/pull up/pull up_g15.jpg,data/pull up/pull up_g15.jpg,data/pull up/pull up_g15.jpg,data/pull up/pull up_g15.jpg,data/pull up/pull up_g15.jpg,data/pull up/pull up_g15.jpg,data/pull up/pull up_g15.jpg,data/pull up/pull up_g15.jpg,data/pull up/pull up_g15.jpg,data/pull up/pull up_g15.jpg,13
pull up,pull up|g16,train,1,,,alpha_num,data/pull up/pull up_g16.jpg,data/pull up/pull up_g16.jpg,data/pull up/pull up_g16.jpg,data/pull up/pull up_g16.jpg,data/pull up/pull up_g16.jpg,data/pull up/pull up_g16.jpg,data/pull up/pull up_g16.jpg,data/pull up/pull up_g16.jpg,data/pull up/pull up_g16.jpg,data/pull up/pull up_g16.jpg,data/pull up/pull up_g16.jpg,data/pull up/pull up_g16.jpg,data/pull up/pull up_g16.jpg,data/pull up/pull up_g16.jpg,data/pull up/pull up_g16.jpg,data/pull up/pull up_g16.jpg,13
pull up,pull up|g17,train,1,,,alpha_num,data/pull up/pull up_g17.jpg,data/pull up/pull up_g17.jpg,data/pull up/pull up_g17.jpg,data/pull up/pull up_g17.jpg,data/pull up/pull up_g17.jpg,data/pull up/pull up_g17.jpg,data/pull up/pull up_g17.jpg,data/pull up/pull up_g17.jpg,data/pull up/pull up_g17.jpg,data/pull up/pull up_g17.jpg,data/pull up/pull up_g17.jpg,data/pull up/pull up_g17.jpg,data/pull up/pull up_g17.jpg,data/pull up/pull up_g17.jpg,data/pull up/pull up_g17.jpg,data/pull up/pull up_g17.jpg,13
pull up,pull up|g18,train,1,,,alpha_num,data/pull up/pull up_g18.jpg,data/pull up/pull up_g18.jpg,data/pull up/pull up_g18.jpg,data/pull up/pull up_g18.jpg,data/pull up/pull up_g18.jpg,data/pull up/pull up_g18.jpg,data/pull up/pull up_g18.jpg,data/pull up/pull up_g18.jpg,data/pull up/pull up_g18.jpg,data/pull up/pull up_g18.jpg,data/pull up/pull up_g18.jpg,data/pull up/pull up_g18.jpg,data/pull up/pull up_g18.jpg,data/pull up/pull up_g18.jpg,data/pull up/pull up_g18.jpg,data/pull up/pull up_g18.jpg,13
pull up,pull up|g19,train,1,,,alpha_num,data/pull up/pull up_g19.jpg,data/pull up/pull up_g19.jpg,data/pull up/pull up_g19.jpg,data/pull up/pull up_g19.jpg,data/pull up/pull up_g19.jpg,data/pull up/pull up_g19.jpg,data/pull up/pull up_g19.jpg,data/pull up/pull up_g19.jpg,data/pull up/pull up_g19.jpg,data/pull up/pull up_g19.jpg,data/pull up/pull up_g19.jpg,data/pull up/pull up_g19.jpg,data/pull up/pull up_g19.jpg,data/pull up/pull up_g19.jpg,data/pull up/pull up_g19.jpg,data/pull up/pull up_g19.jpg,13
pull up,pull up|g2,train,1,,,alpha_num,data/pull up/pull up_g2.jpg,data/pull up/pull up_g2.jpg,data/pull up/pull up_g2.jpg,data/pull up/pull up_g2.jpg,data/pull up/pull up_g2.jpg,data/pull up/pull up_g2.jpg,data/pull up/pull up_g2.jpg,data/pull up/pull up_g2.jpg,data/pull up/pull up_g2.jpg,data/pull up/pull up_g2.jpg,data/pull up/pull up_g2.jpg,data/pull up/pull up_g2.jpg,data/pull up/pull up_g2.jpg,data/pull up/pull up_g2.jpg,data/pull up/pull up_g2.jpg,data/pull up/pull up_g2.jpg,13
pull up,pull up|g20,train,1,,,alpha_num,data/pull up/pull up_g20.jpg,data/pull up/pull up_g20.jpg,data/pull up/pull up_g20.jpg,data/pull up/pull up_g20.jpg,data/pull up/pull up_g20.jpg,data/pull up/pull up_g20.jpg,data/pull up/pull up_g20.jpg,data/pull up/pull up_g20.jpg,data/pull up/pull up_g20.jpg,data/pull up/pull up_g20.jpg,data/pull up/pull up_g20.jpg,data/pull up/pull up_g20.jpg,data/pull up/pull up_g20.jpg,data/pull up/pull up_g20.jpg,data/pull up/pull up_g20.jpg,data/pull up/pull up_g20.jpg,13
pull up,pull up|g3,train,1,,,alpha_num,data/pull up/pull up_g3.jpg,data/pull up/pull up_g3.jpg,data/pull up/pull up_g3.jpg,data/pull up/pull up_g3.jpg,data/pull up/pull up_g3.jpg,data/pull up/pull up_g3.jpg,data/pull up/pull up_g3.jpg,data/pull up/pull up_g3.jpg,data/pull up/pull up_g3.jpg,data/pull up/pull up_g3.jpg,data/pull up/pull up_g3.jpg,data/pull up/pull up_g3.jpg,data/pull up/pull up_g3.jpg,data/pull up/pull up_g3.jpg,data/pull up/pull up_g3.jpg,data/pull up/pull up_g3.jpg,13
pull up,pull up|g4,train,1,,,alpha_num,data/pull up/pull up_g4.jpg,data/pull up/pull up_g4.jpg,data/pull up/pull up_g4.jpg,data/pull up/pull up_g4.jpg,data/pull up/pull up_g4.jpg,data/pull up/pull up_g4.jpg,data/pull up/pull up_g4.jpg,data/pull up/pull up_g4.jpg,data/pull up/pull up_g4.jpg,data/pull up/pull up_g4.jpg,data/pull up/pull up_g4.jpg,data/pull up/pull up_g4.jpg,data/pull up/pull up_g4.jpg,data/pull up/pull up_g4.jpg,data/pull up/pull up_g4.jpg,data/pull up/pull up_g4.jpg,13
pull up,pull up|g5,train,1,,,alpha_num,data/pull up/pull up_g5.jpg,data/pull up/pull up_g5.jpg,data/pull up/pull up_g5.jpg,data/pull up/pull up_g5.jpg,data/pull up/pull up_g5.jpg,data/pull up/pull up_g5.jpg,data/pull up/pull up_g5.jpg,data/pull up/pull up_g5.jpg,data/pull up/pull up_g5.jpg,data/pull up/pull up_g5.jpg,data/pull up/pull up_g5.jpg,data/pull up/pull up_g5.jpg,data/pull up/pull up_g5.jpg,data/pull up/pull up_g5.jpg,data/pull up/pull up_g5.jpg,data/pull up/pull up_g5.jpg,13
pull up,pull up|g6,train,1,,,alpha_num,data/pull up/pull up_g6.jpg,data/pull up/pull up_g6.jpg,data/pull up/pull up_g6.jpg,data/pull up/pull up_g6.jpg,data/pull up/pull up_g6.jpg,data/pull up/pull up_g6.jpg,data/pull up/pull up_g6.jpg,data/pull up/pull up_g6.jpg,data/pull up/pull up_g6.jpg,data/pull up/pull up_g6.jpg,data/pull up/pull up_g6.jpg,data/pull up/pull up_g6.jpg,data/pull up/pull up_g6.jpg,data/pull up/pull up_g6.jpg,data/pull up/pull up_g6.jpg,data/pull up/pull up_g6.jpg,13
pull up,pull up|g7,train,1,,,alpha_num,data/pull up/pull up_g7.jpg,data/pull up/pull up_g7.jpg,data/pull up/pull up_g7.jpg,data/pull up/pull up_g7.jpg,data/pull up/pull up_g7.jpg,data/pull up/pull up_g7.jpg,data/pull up/pull up_g7.jpg,data/pull up/pull up_g7.jpg,data/pull up/pull up_g7.jpg,data/pull up/pull up_g7.jpg,data/pull up/pull up_g7.jpg,data/pull up/pull up_g7.jpg,data/pull up/pull up_g7.jpg,data/pull up/pull up_g7.jpg,data/pull up/pull up_g7.jpg,data/pull up/pull up_g7.jpg,13
pull up,pull up|g8,train,1,,,alpha_num,data/pull up/pull up_g8.jpg,data/pull up/pull up_g8.jpg,data/pull up/pull up_g8.jpg,data/pull up/pull up_g8.jpg,data/pull up/pull up_g8.jpg,data/pull up/pull up_g8.jpg,data/pull up/pull up_g8.jpg,data/pull up/pull up_g8.jpg,data/pull up/pull up_g8.jpg,data/pull up/pull up_g8.jpg,data/pull up/pull up_g8.jpg,data/pull up/pull up_g8.jpg,data/pull up/pull up_g8.jpg,data/pull up/pull up_g8.jpg,data/pull up/pull up_g8.jpg,data/pull up/pull up_g8.jpg,13
pull up,pull up|g9,train,1,,,alpha_num,data/pull up/pull up_g9.jpg,data/pull up/pull up_g9.jpg,data/pull up/pull up_g9.jpg,data/pull up/pull up_g9.jpg,data/pull up/pull up_g9.jpg,data/pull up/pull up_g9.jpg,data/pull up/pull up_g9.jpg,data/pull up/pull up_g9.jpg,data/pull up/pull up_g9.jpg,data/pull up/pull up_g9.jpg,data/pull up/pull up_g9.jpg,data/pull up/pull up_g9.jpg,data/pull up/pull up_g9.jpg,data/pull up/pull up_g9.jpg,data/pull up/pull up_g9.jpg,data/pull up/pull up_g9.jpg,13
pull up,pull up|num_10,train,46,61.0,511.0,numeric,data/pull up/pull up_100061.jpg,data/pull up/pull up_100091.jpg,data/pull up/pull up_100121.jpg,data/pull up/pull up_100151.jpg,data/pull up/pull up_100181.jpg,data/pull up/pull up_100211.jpg,data/pull up/pull up_100241.jpg,data/pull up/pull up_100271.jpg,data/pull up/pull up_100301.jpg,data/pull up/pull up_100331.jpg,data/pull up/pull up_100361.jpg,data/pull up/pull up_100391.jpg,data/pull up/pull up_100421.jpg,data/pull up/pull up_100451.jpg,data/pull up/pull up_100481.jpg,data/pull up/pull up_100511.jpg,13
pull up,pull up|num_100,train,25,1.0,241.0,numeric,data/pull up/pull up_1000001.jpg,data/pull up/pull up_1000011.jpg,data/pull up/pull up_1000031.jpg,data/pull up/pull up_1000041.jpg,data/pull up/pull up_1000061.jpg,data/pull up/pull up_1000081.jpg,data/pull up/pull up_1000091.jpg,data/pull up/pull up_1000111.jpg,data/pull up/pull up_1000121.jpg,data/pull up/pull up_1000141.jpg,data/pull up/pull up_1000161.jpg,data/pull up/pull up_1000171.jpg,data/pull up/pull up_1000191.jpg,data/pull up/pull up_1000201.jpg,data/pull up/pull up_1000221.jpg,data/pull up/pull up_1000241.jpg,13
pull up,pull up|num_110,train,22,1.0,211.0,numeric,data/pull up/pull up_1100001.jpg,data/pull up/pull up_1100011.jpg,data/pull up/pull up_1100021.jpg,data/pull up/pull up_1100041.jpg,data/pull up/pull up_1100051.jpg,data/pull up/pull up_1100071.jpg,data/pull up/pull up_1100081.jpg,data/pull up/pull up_1100091.jpg,data/pull up/pull up_1100111.jpg,data/pull up/pull up_1100121.jpg,data/pull up/pull up_1100141.jpg,data/pull up/pull up_1100151.jpg,data/pull up/pull up_1100161.jpg,data/pull up/pull up_1100181.jpg,data/pull up/pull up_1100191.jpg,data/pull up/pull up_1100211.jpg,13
pull up,pull up|num_120,train,20,1.0,191.0,numeric,data/pull up/pull up_1200001.jpg,data/pull up/pull up_1200011.jpg,data/pull up/pull up_1200021.jpg,data/pull up/pull up_1200031.jpg,data/pull up/pull up_1200051.jpg,data/pull up/pull up_1200061.jpg,data/pull up/pull up_1200071.jpg,data/pull up/pull up_1200081.jpg,data/pull up/pull up_1200101.jpg,data/pull up/pull up_1200111.jpg,data/pull up/pull up_1200121.jpg,data/pull up/pull up_1200131.jpg,data/pull up/pull up_1200151.jpg,data/pull up/pull up_1200161.jpg,data/pull up/pull up_1200171.jpg,data/pull up/pull up_1200191.jpg,13
pull up,pull up|num_130,val,40,1.0,391.0,numeric,data/pull up/pull up_1300001.jpg,data/pull up/pull up_1300021.jpg,data/pull up/pull up_1300051.jpg,data/pull up/pull up_1300071.jpg,data/pull up/pull up_1300101.jpg,data/pull up/pull up_1300131.jpg,data/pull up/pull up_1300151.jpg,data/pull up/pull up_1300181.jpg,data/pull up/pull up_1300201.jpg,data/pull up/pull up_1300231.jpg,data/pull up/pull up_1300261.jpg,data/pull up/pull up_1300281.jpg,data/pull up/pull up_1300311.jpg,data/pull up/pull up_1300331.jpg,data/pull up/pull up_1300361.jpg,data/pull up/pull up_1300391.jpg,13
pull up,pull up|num_140,train,21,1.0,201.0,numeric,data/pull up/pull up_1400001.jpg,data/pull up/pull up_1400011.jpg,data/pull up/pull up_1400021.jpg,data/pull up/pull up_1400041.jpg,data/pull up/pull up_1400051.jpg,data/pull up/pull up_1400061.jpg,data/pull up/pull up_1400081.jpg,data/pull up/pull up_1400091.jpg,data/pull up/pull up_1400101.jpg,data/pull up/pull up_1400121.jpg,data/pull up/pull up_1400131.jpg,data/pull up/pull up_1400141.jpg,data/pull up/pull up_1400161.jpg,data/pull up/pull up_1400171.jpg,data/pull up/pull up_1400181.jpg,data/pull up/pull up_1400201.jpg,13
pull up,pull up|num_150,train,17,1.0,161.0,numeric,data/pull up/pull up_1500001.jpg,data/pull up/pull up_1500011.jpg,data/pull up/pull up_1500021.jpg,data/pull up/pull up_1500031.jpg,data/pull up/pull up_1500041.jpg,data/pull up/pull up_1500051.jpg,data/pull up/pull up_1500061.jpg,data/pull up/pull up_1500071.jpg,data/pull up/pull up_1500081.jpg,data/pull up/pull up_1500091.jpg,data/pull up/pull up_1500101.jpg,data/pull up/pull up_1500111.jpg,data/pull up/pull up_1500121.jpg,data/pull up/pull up_1500131.jpg,data/pull up/pull up_1500141.jpg,data/pull up/pull up_1500161.jpg,13
pull up,pull up|num_160,train,6,1.0,51.0,numeric,data/pull up/pull up_1600001.jpg,data/pull up/pull up_1600011.jpg,data/pull up/pull up_1600021.jpg,data/pull up/pull up_1600031.jpg,data/pull up/pull up_1600041.jpg,data/pull up/pull up_1600051.jpg,data/pull up/pull up_1600051.jpg,data/pull up/pull up_1600051.jpg,data/pull up/pull up_1600051.jpg,data/pull up/pull up_1600051.jpg,data/pull up/pull up_1600051.jpg,data/pull up/pull up_1600051.jpg,data/pull up/pull up_1600051.jpg,data/pull up/pull up_1600051.jpg,data/pull up/pull up_1600051.jpg,data/pull up/pull up_1600051.jpg,13
pull up,pull up|num_170,train,8,1.0,71.0,numeric,data/pull up/pull up_1700001.jpg,data/pull up/pull up_1700011.jpg,data/pull up/pull up_1700021.jpg,data/pull up/pull up_1700031.jpg,data/pull up/pull up_1700041.jpg,data/pull up/pull up_1700051.jpg,data/pull up/pull up_1700061.jpg,data/pull up/pull up_1700071.jpg,data/pull up/pull up_1700071.jpg,data/pull up/pull up_1700071.jpg,data/pull up/pull up_1700071.jpg,data/pull up/pull up_1700071.jpg,data/pull up/pull up_1700071.jpg,data/pull up/pull up_1700071.jpg,data/pull up/pull up_1700071.jpg,data/pull up/pull up_1700071.jpg,13
pull up,pull up|num_180,train,9,1.0,81.0,numeric,data/pull up/pull up_1800001.jpg,data/pull up/pull up_1800011.jpg,data/pull up/pull up_1800021.jpg,data/pull up/pull up_1800031.jpg,data/pull up/pull up_1800041.jpg,data/pull up/pull up_1800051.jpg,data/pull up/pull up_1800061.jpg,data/pull up/pull up_1800071.jpg,data/pull up/pull up_1800081.jpg,data/pull up/pull up_1800081.jpg,data/pull up/pull up_1800081.jpg,data/pull up/pull up_1800081.jpg,data/pull up/pull up_1800081.jpg,data/pull up/pull up_1800081.jpg,data/pull up/pull up_1800081.jpg,data/pull up/pull up_1800081.jpg,13
pull up,pull up|num_190,train,5,1.0,41.0,numeric,data/pull up/pull up_1900001.jpg,data/pull up/pull up_1900011.jpg,data/pull up/pull up_1900021.jpg,data/pull up/pull up_1900031.jpg,data/pull up/pull up_1900041.jpg,data/pull up/pull up_1900041.jpg,data/pull up/pull up_1900041.jpg,data/pull up/pull up_1900041.jpg,data/pull up/pull up_1900041.jpg,data/pull up/pull up_1900041.jpg,data/pull up/pull up_1900041.jpg,data/pull up/pull up_1900041.jpg,data/pull up/pull up_1900041.jpg,data/pull up/pull up_1900041.jpg,data/pull up/pull up_1900041.jpg,data/pull up/pull up_1900041.jpg,13
pull up,pull up|num_20,test,35,51.0,391.0,numeric,data/pull up/pull up_200051.jpg,data/pull up/pull up_200071.jpg,data/pull up/pull up_200091.jpg,data/pull up/pull up_200111.jpg,data/pull up/pull up_200141.jpg,data/pull up/pull up_200161.jpg,data/pull up/pull up_200181.jpg,data/pull up/pull up_200201.jpg,data/pull up/pull up_200231.jpg,data/pull up/pull up_200251.jpg,data/pull up/pull up_200271.jpg,data/pull up/pull up_200291.jpg,data/pull up/pull up_200321.jpg,data/pull up/pull up_200341.jpg,data/pull up/pull up_200361.jpg,data/pull up/pull up_200391.jpg,13
pull up,pull up|num_200,val,24,1.0,231.0,numeric,data/pull up/pull up_2000001.jpg,data/pull up/pull up_2000011.jpg,data/pull up/pull up_2000031.jpg,data/pull up/pull up_2000041.jpg,data/pull up/pull up_2000061.jpg,data/pull up/pull up_2000071.jpg,data/pull up/pull up_2000091.jpg,data/pull up/pull up_2000101.jpg,data/pull up/pull up_2000121.jpg,data/pull up/pull up_2000131.jpg,data/pull up/pull up_2000151.jpg,data/pull up/pull up_2000161.jpg,data/pull up/pull up_2000181.jpg,data/pull up/pull up_2000191.jpg,data/pull up/pull up_2000211.jpg,data/pull up/pull up_2000231.jpg,13
pull up,pull up|num_210,val,26,1.0,251.0,numeric,data/pull up/pull up_2100001.jpg,data/pull up/pull up_2100011.jpg,data/pull up/pull up_2100031.jpg,data/pull up/pull up_2100051.jpg,data/pull up/pull up_2100061.jpg,data/pull up/pull up_2100081.jpg,data/pull up/pull up_2100101.jpg,data/pull up/pull up_2100111.jpg,data/pull up/pull up_2100131.jpg,data/pull up/pull up_2100151.jpg,data/pull up/pull up_2100161.jpg,data/pull up/pull up_2100181.jpg,data/pull up/pull up_2100201.jpg,data/pull up/pull up_2100211.jpg,data/pull up/pull up_2100231.jpg,data/pull up/pull up_2100251.jpg,13
pull up,pull up|num_220,train,21,1.0,201.0,numeric,data/pull up/pull up_2200001.jpg,data/pull up/pull up_2200011.jpg,data/pull up/pull up_2200021.jpg,data/pull up/pull up_2200041.jpg,data/pull up/pull up_2200051.jpg,data/pull up/pull up_2200061.jpg,data/pull up/pull up_2200081.jpg,data/pull up/pull up_2200091.jpg,data/pull up/pull up_2200101.jpg,data/pull up/pull up_2200121.jpg,data/pull up/pull up_2200131.jpg,data/pull up/pull up_2200141.jpg,data/pull up/pull up_2200161.jpg,data/pull up/pull up_2200171.jpg,data/pull up/pull up_2200181.jpg,data/pull up/pull up_2200201.jpg,13
pull up,pull up|num_230,train,13,1.0,121.0,numeric,data/pull up/pull up_2300001.jpg,data/pull up/pull up_2300011.jpg,data/pull up/pull up_2300021.jpg,data/pull up/pull up_2300031.jpg,data/pull up/pull up_2300041.jpg,data/pull up/pull up_2300051.jpg,data/pull up/pull up_2300061.jpg,data/pull up/pull up_2300071.jpg,data/pull up/pull up_2300081.jpg,data/pull up/pull up_2300091.jpg,data/pull up/pull up_2300101.jpg,data/pull up/pull up_2300111.jpg,data/pull up/pull up_2300121.jpg,data/pull up/pull up_2300121.jpg,data/pull up/pull up_2300121.jpg,data/pull up/pull up_2300121.jpg,13
pull up,pull up|num_240,train,9,1.0,81.0,numeric,data/pull up/pull up_2400001.jpg,data/pull up/pull up_2400011.jpg,data/pull up/pull up_2400021.jpg,data/pull up/pull up_2400031.jpg,data/pull up/pull up_2400041.jpg,data/pull up/pull up_2400051.jpg,data/pull up/pull up_2400061.jpg,data/pull up/pull up_2400071.jpg,data/pull up/pull up_2400081.jpg,data/pull up/pull up_2400081.jpg,data/pull up/pull up_2400081.jpg,data/pull up/pull up_2400081.jpg,data/pull up/pull up_2400081.jpg,data/pull up/pull up_2400081.jpg,data/pull up/pull up_2400081.jpg,data/pull up/pull up_2400081.jpg,13
pull up,pull up|num_250,train,8,1.0,71.0,numeric,data/pull up/pull up_2500001.jpg,data/pull up/pull up_2500011.jpg,data/pull up/pull up_2500021.jpg,data/pull up/pull up_2500031.jpg,data/pull up/pull up_2500041.jpg,data/pull up/pull up_2500051.jpg,data/pull up/pull up_2500061.jpg,data/pull up/pull up_2500071.jpg,data/pull up/pull up_2500071.jpg,data/pull up/pull up_2500071.jpg,data/pull up/pull up_2500071.jpg,data/pull up/pull up_2500071.jpg,data/pull up/pull up_2500071.jpg,data/pull up/pull up_2500071.jpg,data/pull up/pull up_2500071.jpg,data/pull up/pull up_2500071.jpg,13
pull up,pull up|num_260,train,9,1.0,81.0,numeric,data/pull up/pull up_2600001.jpg,data/pull up/pull up_2600011.jpg,data/pull up/pull up_2600021.jpg,data/pull up/pull up_2600031.jpg,data/pull up/pull up_2600041.jpg,data/pull up/pull up_2600051.jpg,data/pull up/pull up_2600061.jpg,data/pull up/pull up_2600071.jpg,data/pull up/pull up_2600081.jpg,data/pull up/pull up_2600081.jpg,data/pull up/pull up_2600081.jpg,data/pull up/pull up_2600081.jpg,data/pull up/pull up_2600081.jpg,data/pull up/pull up_2600081.jpg,data/pull up/pull up_2600081.jpg,data/pull up/pull up_2600081.jpg,13
pull up,pull up|num_30,train,73,11.0,731.0,numeric,data/pull up/pull up_300011.jpg,data/pull up/pull up_300051.jpg,data/pull up/pull up_300101.jpg,data/pull up/pull up_300151.jpg,data/pull up/pull up_300201.jpg,data/pull up/pull up_300251.jpg,data/pull up/pull up_300291.jpg,data/pull up/pull up_300341.jpg,data/pull up/pull up_300391.jpg,data/pull up/pull up_300441.jpg,data/pull up/pull up_300491.jpg,data/pull up/pull up_300531.jpg,data/pull up/pull up_300581.jpg,data/pull up/pull up_300631.jpg,data/pull up/pull up_300681.jpg,data/pull up/pull up_300731.jpg,13
pull up,pull up|num_40,train,34,201.0,531.0,numeric,data/pull up/pull up_400201.jpg,data/pull up/pull up_400221.jpg,data/pull up/pull up_400241.jpg,data/pull up/pull up_400261.jpg,data/pull up/pull up_400281.jpg,data/pull up/pull up_400311.jpg,data/pull up/pull up_400331.jpg,data/pull up/pull up_400351.jpg,data/pull up/pull up_400371.jpg,data/pull up/pull up_400391.jpg,data/pull up/pull up_400421.jpg,data/pull up/pull up_400441.jpg,data/pull up/pull up_400461.jpg,data/pull up/pull up_400481.jpg,data/pull up/pull up_400501.jpg,data/pull up/pull up_400531.jpg,13
pull up,pull up|num_50,train,15,1.0,141.0,numeric,data/pull up/pull up_500001.jpg,data/pull up/pull up_500011.jpg,data/pull up/pull up_500021.jpg,data/pull up/pull up_500031.jpg,data/pull up/pull up_500041.jpg,data/pull up/pull up_500051.jpg,data/pull up/pull up_500061.jpg,data/pull up/pull up_500071.jpg,data/pull up/pull up_500081.jpg,data/pull up/pull up_500091.jpg,data/pull up/pull up_500101.jpg,data/pull up/pull up_500111.jpg,data/pull up/pull up_500121.jpg,data/pull up/pull up_500131.jpg,data/pull up/pull up_500141.jpg,data/pull up/pull up_500141.jpg,13
pull up,pull up|num_60,val,31,1.0,301.0,numeric,data/pull up/pull up_600001.jpg,data/pull up/pull up_600021.jpg,data/pull up/pull up_600041.jpg,data/pull up/pull up_600061.jpg,data/pull up/pull up_600081.jpg,data/pull up/pull up_600101.jpg,data/pull up/pull up_600121.jpg,data/pull up/pull up_600141.jpg,data/pull up/pull up_600161.jpg,data/pull up/pull up_600181.jpg,data/pull up/pull up_600201.jpg,data/pull up/pull up_600221.jpg,data/pull up/pull up_600241.jpg,data/pull up/pull up_600261.jpg,data/pull up/pull up_600281.jpg,data/pull up/pull up_600301.jpg,13
pull up,pull up|num_70,train,27,1.0,261.0,numeric,data/pull up/pull up_700001.jpg,data/pull up/pull up_700011.jpg,data/pull up/pull up_700031.jpg,data/pull up/pull up_700051.jpg,data/pull up/pull up_700061.jpg,data/pull up/pull up_700081.jpg,data/pull up/pull up_700101.jpg,data/pull up/pull up_700121.jpg,data/pull up/pull up_700131.jpg,data/pull up/pull up_700151.jpg,data/pull up/pull up_700171.jpg,data/pull up/pull up_700191.jpg,data/pull up/pull up_700201.jpg,data/pull up/pull up_700221.jpg,data/pull up/pull up_700241.jpg,data/pull up/pull up_700261.jpg,13
pull up,pull up|num_80,train,14,1.0,131.0,numeric,data/pull up/pull up_800001.jpg,data/pull up/pull up_800011.jpg,data/pull up/pull up_800021.jpg,data/pull up/pull up_800031.jpg,data/pull up/pull up_800041.jpg,data/pull up/pull up_800051.jpg,data/pull up/pull up_800061.jpg,data/pull up/pull up_800071.jpg,data/pull up/pull up_800081.jpg,data/pull up/pull up_800091.jpg,data/pull up/pull up_800101.jpg,data/pull up/pull up_800111.jpg,data/pull up/pull up_800121.jpg,data/pull up/pull up_800131.jpg,data/pull up/pull up_800131.jpg,data/pull up/pull up_800131.jpg,13
pull up,pull up|num_90,train,37,1.0,361.0,numeric,data/pull up/pull up_900001.jpg,data/pull up/pull up_900021.jpg,data/pull up/pull up_900041.jpg,data/pull up/pull up_900071.jpg,data/pull up/pull up_900091.jpg,data/pull up/pull up_900121.jpg,data/pull up/pull up_900141.jpg,data/pull up/pull up_900161.jpg,data/pull up/pull up_900191.jpg,data/pull up/pull up_900211.jpg,data/pull up/pull up_900241.jpg,data/pull up/pull up_900261.jpg,data/pull up/pull up_900281.jpg,data/pull up/pull up_900311.jpg,data/pull up/pull up_900331.jpg,data/pull up/pull up_900361.jpg,13
push up,push up|g1,train,1,,,alpha_num,data/push up/push up_g1.jpg,data/push up/push up_g1.jpg,data/push up/push up_g1.jpg,data/push up/push up_g1.jpg,data/push up/push up_g1.jpg,data/push up/push up_g1.jpg,data/push up/push up_g1.jpg,data/push up/push up_g1.jpg,data/push up/push up_g1.jpg,data/push up/push up_g1.jpg,data/push up/push up_g1.jpg,data/push up/push up_g1.jpg,data/push up/push up_g1.jpg,data/push up/push up_g1.jpg,data/push up/push up_g1.jpg,data/push up/push up_g1.jpg,14
push up,push up|g10,train,1,,,alpha_num,data/push up/push up_g10.jpg,data/push up/push up_g10.jpg,data/push up/push up_g10.jpg,data/push up/push up_g10.jpg,data/push up/push up_g10.jpg,data/push up/push up_g10.jpg,data/push up/push up_g10.jpg,data/push up/push up_g10.jpg,data/push up/push up_g10.jpg,data/push up/push up_g10.jpg,data/push up/push up_g10.jpg,data/push up/push up_g10.jpg,data/push up/push up_g10.jpg,data/push up/push up_g10.jpg,data/push up/push up_g10.jpg,data/push up/push up_g10.jpg,14
push up,push up|g11,train,1,,,alpha_num,data/push up/push up_g11.jpg,data/push up/push up_g11.jpg,data/push up/push up_g11.jpg,data/push up/push up_g11.jpg,data/push up/push up_g11.jpg,data/push up/push up_g11.jpg,data/push up/push up_g11.jpg,data/push up/push up_g11.jpg,data/push up/push up_g11.jpg,data/push up/push up_g11.jpg,data/push up/push up_g11.jpg,data/push up/push up_g11.jpg,data/push up/push up_g11.jpg,data/push up/push up_g11.jpg,data/push up/push up_g11.jpg,data/push up/push up_g11.jpg,14
push up,push up|g12,train,1,,,alpha_num,data/push up/push up_g12.jpg,data/push up/push up_g12.jpg,data/push up/push up_g12.jpg,data/push up/push up_g12.jpg,data/push up/push up_g12.jpg,data/push up/push up_g12.jpg,data/push up/push up_g12.jpg,data/push up/push up_g12.jpg,data/push up/push up_g12.jpg,data/push up/push up_g12.jpg,data/push up/push up_g12.jpg,data/push up/push up_g12.jpg,data/push up/push up_g12.jpg,data/push up/push up_g12.jpg,data/push up/push up_g12.jpg,data/push up/push up_g12.jpg,14
push up,push up|g13,train,1,,,alpha_num,data/push up/push up_g13.jpg,data/push up/push up_g13.jpg,data/push up/push up_g13.jpg,data/push up/push up_g13.jpg,data/push up/push up_g13.jpg,data/push up/push up_g13.jpg,data/push up/push up_g13.jpg,data/push up/push up_g13.jpg,data/push up/push up_g13.jpg,data/push up/push up_g13.jpg,data/push up/push up_g13.jpg,data/push up/push up_g13.jpg,data/push up/push up_g13.jpg,data/push up/push up_g13.jpg,data/push up/push up_g13.jpg,data/push up/push up_g13.jpg,14
push up,push up|g14,train,1,,,alpha_num,data/push up/push up_g14.jpg,data/push up/push up_g14.jpg,data/push up/push up_g14.jpg,data/push up/push up_g14.jpg,data/push up/push up_g14.jpg,data/push up/push up_g14.jpg,data/push up/push up_g14.jpg,data/push up/push up_g14.jpg,data/push up/push up_g14.jpg,data/push up/push up_g14.jpg,data/push up/push up_g14.jpg,data/push up/push up_g14.jpg,data/push up/push up_g14.jpg,data/push up/push up_g14.jpg,data/push up/push up_g14.jpg,data/push up/push up_g14.jpg,14
push up,push up|g15,train,1,,,alpha_num,data/push up/push up_g15.jpg,data/push up/push up_g15.jpg,data/push up/push up_g15.jpg,data/push up/push up_g15.jpg,data/push up/push up_g15.jpg,data/push up/push up_g15.jpg,data/push up/push up_g15.jpg,data/push up/push up_g15.jpg,data/push up/push up_g15.jpg,data/push up/push up_g15.jpg,data/push up/push up_g15.jpg,data/push up/push up_g15.jpg,data/push up/push up_g15.jpg,data/push up/push up_g15.jpg,data/push up/push up_g15.jpg,data/push up/push up_g15.jpg,14
push up,push up|g16,train,1,,,alpha_num,data/push up/push up_g16.jpg,data/push up/push up_g16.jpg,data/push up/push up_g16.jpg,data/push up/push up_g16.jpg,data/push up/push up_g16.jpg,data/push up/push up_g16.jpg,data/push up/push up_g16.jpg,data/push up/push up_g16.jpg,data/push up/push up_g16.jpg,data/push up/push up_g16.jpg,data/push up/push up_g16.jpg,data/push up/push up_g16.jpg,data/push up/push up_g16.jpg,data/push up/push up_g16.jpg,data/push up/push up_g16.jpg,data/push up/push up_g16.jpg,14
push up,push up|g17,train,1,,,alpha_num,data/push up/push up_g17.jpg,data/push up/push up_g17.jpg,data/push up/push up_g17.jpg,data/push up/push up_g17.jpg,data/push up/push up_g17.jpg,data/push up/push up_g17.jpg,data/push up/push up_g17.jpg,data/push up/push up_g17.jpg,data/push up/push up_g17.jpg,data/push up/push up_g17.jpg,data/push up/push up_g17.jpg,data/push up/push up_g17.jpg,data/push up/push up_g17.jpg,data/push up/push up_g17.jpg,data/push up/push up_g17.jpg,data/push up/push up_g17.jpg,14
push up,push up|g18,train,1,,,alpha_num,data/push up/push up_g18.jpg,data/push up/push up_g18.jpg,data/push up/push up_g18.jpg,data/push up/push up_g18.jpg,data/push up/push up_g18.jpg,data/push up/push up_g18.jpg,data/push up/push up_g18.jpg,data/push up/push up_g18.jpg,data/push up/push up_g18.jpg,data/push up/push up_g18.jpg,data/push up/push up_g18.jpg,data/push up/push up_g18.jpg,data/push up/push up_g18.jpg,data/push up/push up_g18.jpg,data/push up/push up_g18.jpg,data/push up/push up_g18.jpg,14
push up,push up|g19,train,1,,,alpha_num,data/push up/push up_g19.jpg,data/push up/push up_g19.jpg,data/push up/push up_g19.jpg,data/push up/push up_g19.jpg,data/push up/push up_g19.jpg,data/push up/push up_g19.jpg,data/push up/push up_g19.jpg,data/push up/push up_g19.jpg,data/push up/push up_g19.jpg,data/push up/push up_g19.jpg,data/push up/push up_g19.jpg,data/push up/push up_g19.jpg,data/push up/push up_g19.jpg,data/push up/push up_g19.jpg,data/push up/push up_g19.jpg,data/push up/push up_g19.jpg,14
push up,push up|g2,train,1,,,alpha_num,data/push up/push up_g2.jpg,data/push up/push up_g2.jpg,data/push up/push up_g2.jpg,data/push up/push up_g2.jpg,data/push up/push up_g2.jpg,data/push up/push up_g2.jpg,data/push up/push up_g2.jpg,data/push up/push up_g2.jpg,data/push up/push up_g2.jpg,data/push up/push up_g2.jpg,data/push up/push up_g2.jpg,data/push up/push up_g2.jpg,data/push up/push up_g2.jpg,data/push up/push up_g2.jpg,data/push up/push up_g2.jpg,data/push up/push up_g2.jpg,14
push up,push up|g20,train,1,,,alpha_num,data/push up/push up_g20.jpg,data/push up/push up_g20.jpg,data/push up/push up_g20.jpg,data/push up/push up_g20.jpg,data/push up/push up_g20.jpg,data/push up/push up_g20.jpg,data/push up/push up_g20.jpg,data/push up/push up_g20.jpg,data/push up/push up_g20.jpg,data/push up/push up_g20.jpg,data/push up/push up_g20.jpg,data/push up/push up_g20.jpg,data/push up/push up_g20.jpg,data/push up/push up_g20.jpg,data/push up/push up_g20.jpg,data/push up/push up_g20.jpg,14
push up,push up|g3,train,1,,,alpha_num,data/push up/push up_g3.jpg,data/push up/push up_g3.jpg,data/push up/push up_g3.jpg,data/push up/push up_g3.jpg,data/push up/push up_g3.jpg,data/push up/push up_g3.jpg,data/push up/push up_g3.jpg,data/push up/push up_g3.jpg,data/push up/push up_g3.jpg,data/push up/push up_g3.jpg,data/push up/push up_g3.jpg,data/push up/push up_g3.jpg,data/push up/push up_g3.jpg,data/push up/push up_g3.jpg,data/push up/push up_g3.jpg,data/push up/push up_g3.jpg,14
push up,push up|g4,train,1,,,alpha_num,data/push up/push up_g4.jpg,data/push up/push up_g4.jpg,data/push up/push up_g4.jpg,data/push up/push up_g4.jpg,data/push up/push up_g4.jpg,data/push up/push up_g4.jpg,data/push up/push up_g4.jpg,data/push up/push up_g4.jpg,data/push up/push up_g4.jpg,data/push up/push up_g4.jpg,data/push up/push up_g4.jpg,data/push up/push up_g4.jpg,data/push up/push up_g4.jpg,data/push up/push up_g4.jpg,data/push up/push up_g4.jpg,data/push up/push up_g4.jpg,14
push up,push up|g5,train,1,,,alpha_num,data/push up/push up_g5.jpg,data/push up/push up_g5.jpg,data/push up/push up_g5.jpg,data/push up/push up_g5.jpg,data/push up/push up_g5.jpg,data/push up/push up_g5.jpg,data/push up/push up_g5.jpg,data/push up/push up_g5.jpg,data/push up/push up_g5.jpg,data/push up/push up_g5.jpg,data/push up/push up_g5.jpg,data/push up/push up_g5.jpg,data/push up/push up_g5.jpg,data/push up/push up_g5.jpg,data/push up/push up_g5.jpg,data/push up/push up_g5.jpg,14
push up,push up|g6,train,1,,,alpha_num,data/push up/push up_g6.jpg,data/push up/push up_g6.jpg,data/push up/push up_g6.jpg,data/push up/push up_g6.jpg,data/push up/push up_g6.jpg,data/push up/push up_g6.jpg,data/push up/push up_g6.jpg,data/push up/push up_g6.jpg,data/push up/push up_g6.jpg,data/push up/push up_g6.jpg,data/push up/push up_g6.jpg,data/push up/push up_g6.jpg,data/push up/push up_g6.jpg,data/push up/push up_g6.jpg,data/push up/push up_g6.jpg,data/push up/push up_g6.jpg,14
push up,push up|g7,train,1,,,alpha_num,data/push up/push up_g7.jpg,data/push up/push up_g7.jpg,data/push up/push up_g7.jpg,data/push up/push up_g7.jpg,data/push up/push up_g7.jpg,data/push up/push up_g7.jpg,data/push up/push up_g7.jpg,data/push up/push up_g7.jpg,data/push up/push up_g7.jpg,data/push up/push up_g7.jpg,data/push up/push up_g7.jpg,data/push up/push up_g7.jpg,data/push up/push up_g7.jpg,data/push up/push up_g7.jpg,data/push up/push up_g7.jpg,data/push up/push up_g7.jpg,14
push up,push up|g8,train,1,,,alpha_num,data/push up/push up_g8.jpg,data/push up/push up_g8.jpg,data/push up/push up_g8.jpg,data/push up/push up_g8.jpg,data/push up/push up_g8.jpg,data/push up/push up_g8.jpg,data/push up/push up_g8.jpg,data/push up/push up_g8.jpg,data/push up/push up_g8.jpg,data/push up/push up_g8.jpg,data/push up/push up_g8.jpg,data/push up/push up_g8.jpg,data/push up/push up_g8.jpg,data/push up/push up_g8.jpg,data/push up/push up_g8.jpg,data/push up/push up_g8.jpg,14
push up,push up|g9,train,1,,,alpha_num,data/push up/push up_g9.jpg,data/push up/push up_g9.jpg,data/push up/push up_g9.jpg,data/push up/push up_g9.jpg,data/push up/push up_g9.jpg,data/push up/push up_g9.jpg,data/push up/push up_g9.jpg,data/push up/push up_g9.jpg,data/push up/push up_g9.jpg,data/push up/push up_g9.jpg,data/push up/push up_g9.jpg,data/push up/push up_g9.jpg,data/push up/push up_g9.jpg,data/push up/push up_g9.jpg,data/push up/push up_g9.jpg,data/push up/push up_g9.jpg,14
push up,push up|num_10,train,14,1.0,131.0,numeric,data/push up/push up_100001.jpg,data/push up/push up_100011.jpg,data/push up/push up_100021.jpg,data/push up/push up_100031.jpg,data/push up/push up_100041.jpg,data/push up/push up_100051.jpg,data/push up/push up_100061.jpg,data/push up/push up_100071.jpg,data/push up/push up_100081.jpg,data/push up/push up_100091.jpg,data/push up/push up_100101.jpg,data/push up/push up_100111.jpg,data/push up/push up_100121.jpg,data/push up/push up_100131.jpg,data/push up/push up_100131.jpg,data/push up/push up_100131.jpg,14
push up,push up|num_100,train,15,1.0,141.0,numeric,data/push up/push up_1000001.jpg,data/push up/push up_1000011.jpg,data/push up/push up_1000021.jpg,data/push up/push up_1000031.jpg,data/push up/push up_1000041.jpg,data/push up/push up_1000051.jpg,data/push up/push up_1000061.jpg,data/push up/push up_1000071.jpg,data/push up/push up_1000081.jpg,data/push up/push up_1000091.jpg,data/push up/push up_1000101.jpg,data/push up/push up_1000111.jpg,data/push up/push up_1000121.jpg,data/push up/push up_1000131.jpg,data/push up/push up_1000141.jpg,data/push up/push up_1000141.jpg,14
push up,push up|num_140,val,14,1.0,131.0,numeric,data/push up/push up_1400001.jpg,data/push up/push up_1400011.jpg,data/push up/push up_1400021.jpg,data/push up/push up_1400031.jpg,data/push up/push up_1400041.jpg,data/push up/push up_1400051.jpg,data/push up/push up_1400061.jpg,data/push up/push up_1400071.jpg,data/push up/push up_1400081.jpg,data/push up/push up_1400091.jpg,data/push up/push up_1400101.jpg,data/push up/push up_1400111.jpg,data/push up/push up_1400121.jpg,data/push up/push up_1400131.jpg,data/push up/push up_1400131.jpg,data/push up/push up_1400131.jpg,14
push up,push up|num_150,train,8,1.0,71.0,numeric,data/push up/push up_1500001.jpg,data/push up/push up_1500011.jpg,data/push up/push up_1500021.jpg,data/push up/push up_1500031.jpg,data/push up/push up_1500041.jpg,data/push up/push up_1500051.jpg,data/push up/push up_1500061.jpg,data/push up/push up_1500071.jpg,data/push up/push up_1500071.jpg,data/push up/push up_1500071.jpg,data/push up/push up_1500071.jpg,data/push up/push up_1500071.jpg,data/push up/push up_1500071.jpg,data/push up/push up_1500071.jpg,data/push up/push up_1500071.jpg,data/push up/push up_1500071.jpg,14
push up,push up|num_160,train,14,1.0,131.0,numeric,data/push up/push up_1600001.jpg,data/push up/push up_1600011.jpg,data/push up/push up_1600021.jpg,data/push up/push up_1600031.jpg,data/push up/push up_1600041.jpg,data/push up/push up_1600051.jpg,data/push up/push up_1600061.jpg,data/push up/push up_1600071.jpg,data/push up/push up_1600081.jpg,data/push up/push up_1600091.jpg,data/push up/push up_1600101.jpg,data/push up/push up_1600111.jpg,data/push up/push up_1600121.jpg,data/push up/push up_1600131.jpg,data/push up/push up_1600131.jpg,data/push up/push up_1600131.jpg,14
push up,push up|num_170,train,9,1.0,81.0,numeric,data/push up/push up_1700001.jpg,data/push up/push up_1700011.jpg,data/push up/push up_1700021.jpg,data/push up/push up_1700031.jpg,data/push up/push up_1700041.jpg,data/push up/push up_1700051.jpg,data/push up/push up_1700061.jpg,data/push up/push up_1700071.jpg,data/push up/push up_1700081.jpg,data/push up/push up_1700081.jpg,data/push up/push up_1700081.jpg,data/push up/push up_1700081.jpg,data/push up/push up_1700081.jpg,data/push up/push up_1700081.jpg,data/push up/push up_1700081.jpg,data/push up/push up_1700081.jpg,14
push up,push up|num_180,train,7,1.0,61.0,numeric,data/push up/push up_1800001.jpg,data/push up/push up_1800011.jpg,data/push up/push up_1800021.jpg,data/push up/push up_1800031.jpg,data/push up/push up_1800041.jpg,data/push up/push up_1800051.jpg,data/push up/push up_1800061.jpg,data/push up/push up_1800061.jpg,data/push up/push up_1800061.jpg,data/push up/push up_1800061.jpg,data/push up/push up_1800061.jpg,data/push up/push up_1800061.jpg,data/push up/push up_1800061.jpg,data/push up/push up_1800061.jpg,data/push up/push up_1800061.jpg,data/push up/push up_1800061.jpg,14
push up,push up|num_190,val,15,1.0,141.0,numeric,data/push up/push up_1900001.jpg,data/push up/push up_1900011.jpg,data/push up/push up_1900021.jpg,data/push up/push up_1900031.jpg,data/push up/push up_1900041.jpg,data/push up/push up_1900051.jpg,data/push up/push up_1900061.jpg,data/push up/push up_1900071.jpg,data/push up/push up_1900081.jpg,data/push up/push up_1900091.jpg,data/push up/push up_1900101.jpg,data/push up/push up_1900111.jpg,data/push up/push up_1900121.jpg,data/push up/push up_1900131.jpg,data/push up/push up_1900141.jpg,data/push up/push up_1900141.jpg,14
push up,push up|num_20,train,15,1.0,141.0,numeric,data/push up/push up_200001.jpg,data/push up/push up_200011.jpg,data/push up/push up_200021.jpg,data/push up/push up_200031.jpg,data/push up/push up_200041.jpg,data/push up/push up_200051.jpg,data/push up/push up_200061.jpg,data/push up/push up_200071.jpg,data/push up/push up_200081.jpg,data/push up/push up_200091.jpg,data/push up/push up_200101.jpg,data/push up/push up_200111.jpg,data/push up/push up_200121.jpg,data/push up/push up_200131.jpg,data/push up/push up_200141.jpg,data/push up/push up_200141.jpg,14
push up,push up|num_200,train,15,1.0,141.0,numeric,data/push up/push up_2000001.jpg,data/push up/push up_2000011.jpg,data/push up/push up_2000021.jpg,data/push up/push up_2000031.jpg,data/push up/push up_2000041.jpg,data/push up/push up_2000051.jpg,data/push up/push up_2000061.jpg,data/push up/push up_2000071.jpg,data/push up/push up_2000081.jpg,data/push up/push up_2000091.jpg,data/push up/push up_2000101.jpg,data/push up/push up_2000111.jpg,data/push up/push up_2000121.jpg,data/push up/push up_2000131.jpg,data/push up/push up_2000141.jpg,data/push up/push up_2000141.jpg,14
push up,push up|num_230,train,10,1.0,91.0,numeric,data/push up/push up_2300001.jpg,data/push up/push up_2300011.jpg,data/push up/push up_2300021.jpg,data/push up/push up_2300031.jpg,data/push up/push up_2300041.jpg,data/push up/push up_2300051.jpg,data/push up/push up_2300061.jpg,data/push up/push up_2300071.jpg,data/push up/push up_2300081.jpg,data/push up/push up_2300091.jpg,data/push up/push up_2300091.jpg,data/push up/push up_2300091.jpg,data/push up/push up_2300091.jpg,data/push up/push up_2300091.jpg,data/push up/push up_2300091.jpg,data/push up/push up_2300091.jpg,14
push up,push up|num_250,train,9,1.0,81.0,numeric,data/push up/push up_2500001.jpg,data/push up/push up_2500011.jpg,data/push up/push up_2500021.jpg,data/push up/push up_2500031.jpg,data/push up/push up_2500041.jpg,data/push up/push up_2500051.jpg,data/push up/push up_2500061.jpg,data/push up/push up_2500071.jpg,data/push up/push up_2500081.jpg,data/push up/push up_2500081.jpg,data/push up/push up_2500081.jpg,data/push up/push up_2500081.jpg,data/push up/push up_2500081.jpg,data/push up/push up_2500081.jpg,data/push up/push up_2500081.jpg,data/push up/push up_2500081.jpg,14
push up,push up|num_30,test,14,1.0,131.0,numeric,data/push up/push up_300001.jpg,data/push up/push up_300011.jpg,data/push up/push up_300021.jpg,data/push up/push up_300031.jpg,data/push up/push up_300041.jpg,data/push up/push up_300051.jpg,data/push up/push up_300061.jpg,data/push up/push up_300071.jpg,data/push up/push up_300081.jpg,data/push up/push up_300091.jpg,data/push up/push up_300101.jpg,data/push up/push up_300111.jpg,data/push up/push up_300121.jpg,data/push up/push up_300131.jpg,data/push up/push up_300131.jpg,data/push up/push up_300131.jpg,14
push up,push up|num_310,val,15,1.0,141.0,numeric,data/push up/push up_3100001.jpg,data/push up/push up_3100011.jpg,data/push up/push up_3100021.jpg,data/push up/push up_3100031.jpg,data/push up/push up_3100041.jpg,data/push up/push up_3100051.jpg,data/push up/push up_3100061.jpg,data/push up/push up_3100071.jpg,data/push up/push up_3100081.jpg,data/push up/push up_3100091.jpg,data/push up/push up_3100101.jpg,data/push up/push up_3100111.jpg,data/push up/push up_3100121.jpg,data/push up/push up_3100131.jpg,data/push up/push up_3100141.jpg,data/push up/push up_3100141.jpg,14
push up,push up|num_320,train,15,1.0,141.0,numeric,data/push up/push up_3200001.jpg,data/push up/push up_3200011.jpg,data/push up/push up_3200021.jpg,data/push up/push up_3200031.jpg,data/push up/push up_3200041.jpg,data/push up/push up_3200051.jpg,data/push up/push up_3200061.jpg,data/push up/push up_3200071.jpg,data/push up/push up_3200081.jpg,data/push up/push up_3200091.jpg,data/push up/push up_3200101.jpg,data/push up/push up_3200111.jpg,data/push up/push up_3200121.jpg,data/push up/push up_3200131.jpg,data/push up/push up_3200141.jpg,data/push up/push up_3200141.jpg,14
push up,push up|num_330,train,14,1.0,131.0,numeric,data/push up/push up_3300001.jpg,data/push up/push up_3300011.jpg,data/push up/push up_3300021.jpg,data/push up/push up_3300031.jpg,data/push up/push up_3300041.jpg,data/push up/push up_3300051.jpg,data/push up/push up_3300061.jpg,data/push up/push up_3300071.jpg,data/push up/push up_3300081.jpg,data/push up/push up_3300091.jpg,data/push up/push up_3300101.jpg,data/push up/push up_3300111.jpg,data/push up/push up_3300121.jpg,data/push up/push up_3300131.jpg,data/push up/push up_3300131.jpg,data/push up/push up_3300131.jpg,14
push up,push up|num_360,train,15,1.0,141.0,numeric,data/push up/push up_3600001.jpg,data/push up/push up_3600011.jpg,data/push up/push up_3600021.jpg,data/push up/push up_3600031.jpg,data/push up/push up_3600041.jpg,data/push up/push up_3600051.jpg,data/push up/push up_3600061.jpg,data/push up/push up_3600071.jpg,data/push up/push up_3600081.jpg,data/push up/push up_3600091.jpg,data/push up/push up_3600101.jpg,data/push up/push up_3600111.jpg,data/push up/push up_3600121.jpg,data/push up/push up_3600131.jpg,data/push up/push up_3600141.jpg,data/push up/push up_3600141.jpg,14
push up,push up|num_370,train,15,1.0,141.0,numeric,data/push up/push up_3700001.jpg,data/push up/push up_3700011.jpg,data/push up/push up_3700021.jpg,data/push up/push up_3700031.jpg,data/push up/push up_3700041.jpg,data/push up/push up_3700051.jpg,data/push up/push up_3700061.jpg,data/push up/push up_3700071.jpg,data/push up/push up_3700081.jpg,data/push up/push up_3700091.jpg,data/push up/push up_3700101.jpg,data/push up/push up_3700111.jpg,data/push up/push up_3700121.jpg,data/push up/push up_3700131.jpg,data/push up/push up_3700141.jpg,data/push up/push up_3700141.jpg,14
push up,push up|num_390,train,14,1.0,131.0,numeric,data/push up/push up_3900001.jpg,data/push up/push up_3900011.jpg,data/push up/push up_3900021.jpg,data/push up/push up_3900031.jpg,data/push up/push up_3900041.jpg,data/push up/push up_3900051.jpg,data/push up/push up_3900061.jpg,data/push up/push up_3900071.jpg,data/push up/push up_3900081.jpg,data/push up/push up_3900091.jpg,data/push up/push up_3900101.jpg,data/push up/push up_3900111.jpg,data/push up/push up_3900121.jpg,data/push up/push up_3900131.jpg,data/push up/push up_3900131.jpg,data/push up/push up_3900131.jpg,14
push up,push up|num_40,train,15,1.0,141.0,numeric,data/push up/push up_400001.jpg,data/push up/push up_400011.jpg,data/push up/push up_400021.jpg,data/push up/push up_400031.jpg,data/push up/push up_400041.jpg,data/push up/push up_400051.jpg,data/push up/push up_400061.jpg,data/push up/push up_400071.jpg,data/push up/push up_400081.jpg,data/push up/push up_400091.jpg,data/push up/push up_400101.jpg,data/push up/push up_400111.jpg,data/push up/push up_400121.jpg,data/push up/push up_400131.jpg,data/push up/push up_400141.jpg,data/push up/push up_400141.jpg,14
push up,push up|num_410,train,11,1.0,101.0,numeric,data/push up/push up_4100001.jpg,data/push up/push up_4100011.jpg,data/push up/push up_4100021.jpg,data/push up/push up_4100031.jpg,data/push up/push up_4100041.jpg,data/push up/push up_4100051.jpg,data/push up/push up_4100061.jpg,data/push up/push up_4100071.jpg,data/push up/push up_4100081.jpg,data/push up/push up_4100091.jpg,data/push up/push up_4100101.jpg,data/push up/push up_4100101.jpg,data/push up/push up_4100101.jpg,data/push up/push up_4100101.jpg,data/push up/push up_4100101.jpg,data/push up/push up_4100101.jpg,14
push up,push up|num_490,train,15,1.0,141.0,numeric,data/push up/push up_4900001.jpg,data/push up/push up_4900011.jpg,data/push up/push up_4900021.jpg,data/push up/push up_4900031.jpg,data/push up/push up_4900041.jpg,data/push up/push up_4900051.jpg,data/push up/push up_4900061.jpg,data/push up/push up_4900071.jpg,data/push up/push up_4900081.jpg,data/push up/push up_4900091.jpg,data/push up/push up_4900101.jpg,data/push up/push up_4900111.jpg,data/push up/push up_4900121.jpg,data/push up/push up_4900131.jpg,data/push up/push up_4900141.jpg,data/push up/push up_4900141.jpg,14
push up,push up|num_500,val,14,1.0,131.0,numeric,data/push up/push up_5000001.jpg,data/push up/push up_5000011.jpg,data/push up/push up_5000021.jpg,data/push up/push up_5000031.jpg,data/push up/push up_5000041.jpg,data/push up/push up_5000051.jpg,data/push up/push up_5000061.jpg,data/push up/push up_5000071.jpg,data/push up/push up_5000081.jpg,data/push up/push up_5000091.jpg,data/push up/push up_5000101.jpg,data/push up/push up_5000111.jpg,data/push up/push up_5000121.jpg,data/push up/push up_5000131.jpg,data/push up/push up_5000131.jpg,data/push up/push up_5000131.jpg,14
push up,push up|num_510,train,12,1.0,121.0,numeric,data/push up/push up_5100001.jpg,data/push up/push up_5100011.jpg,data/push up/push up_5100021.jpg,data/push up/push up_5100031.jpg,data/push up/push up_5100041.jpg,data/push up/push up_5100051.jpg,data/push up/push up_5100061.jpg,data/push up/push up_5100081.jpg,data/push up/push up_5100091.jpg,data/push up/push up_5100101.jpg,data/push up/push up_5100111.jpg,data/push up/push up_5100121.jpg,data/push up/push up_5100121.jpg,data/push up/push up_5100121.jpg,data/push up/push up_5100121.jpg,data/push up/push up_5100121.jpg,14
push up,push up|num_520,train,41,1.0,401.0,numeric,data/push up/push up_5200001.jpg,data/push up/push up_5200021.jpg,data/push up/push up_5200051.jpg,data/push up/push up_5200081.jpg,data/push up/push up_5200101.jpg,data/push up/push up_5200131.jpg,data/push up/push up_5200161.jpg,data/push up/push up_5200181.jpg,data/push up/push up_5200211.jpg,data/push up/push up_5200241.jpg,data/push up/push up_5200261.jpg,data/push up/push up_5200291.jpg,data/push up/push up_5200321.jpg,data/push up/push up_5200341.jpg,data/push up/push up_5200371.jpg,data/push up/push up_5200401.jpg,14
push up,push up|num_530,train,58,1.0,651.0,numeric,data/push up/push up_5300001.jpg,data/push up/push up_5300031.jpg,data/push up/push up_5300071.jpg,data/push up/push up_5300111.jpg,data/push up/push up_5300151.jpg,data/push up/push up_5300191.jpg,data/push up/push up_5300221.jpg,data/push up/push up_5300281.jpg,data/push up/push up_5300331.jpg,data/push up/push up_5300381.jpg,data/push up/push up_5300421.jpg,data/push up/push up_5300451.jpg,data/push up/push up_5300491.jpg,data/push up/push up_5300531.jpg,data/push up/push up_5300611.jpg,data/push up/push up_5300651.jpg,14
push up,push up|num_540,train,57,1.0,711.0,numeric,data/push up/push up_5400001.jpg,data/push up/push up_5400031.jpg,data/push up/push up_5400131.jpg,data/push up/push up_5400171.jpg,data/push up/push up_5400201.jpg,data/push up/push up_5400241.jpg,data/push up/push up_5400371.jpg,data/push up/push up_5400411.jpg,data/push up/push up_5400441.jpg,data/push up/push up_5400481.jpg,data/push up/push up_5400521.jpg,data/push up/push up_5400561.jpg,data/push up/push up_5400591.jpg,data/push up/push up_5400631.jpg,data/push up/push up_5400671.jpg,data/push up/push up_5400711.jpg,14
push up,push up|num_550,train,38,1.0,461.0,numeric,data/push up/push up_5500001.jpg,data/push up/push up_5500021.jpg,data/push up/push up_5500131.jpg,data/push up/push up_5500161.jpg,data/push up/push up_5500181.jpg,data/push up/push up_5500211.jpg,data/push up/push up_5500231.jpg,data/push up/push up_5500261.jpg,data/push up/push up_5500281.jpg,data/push up/push up_5500311.jpg,data/push up/push up_5500331.jpg,data/push up/push up_5500361.jpg,data/push up/push up_5500381.jpg,data/push up/push up_5500411.jpg,data/push up/push up_5500431.jpg,data/push up/push up_5500461.jpg,14
push up,push up|num_560,train,58,1.0,571.0,numeric,data/push up/push up_5600001.jpg,data/push up/push up_5600031.jpg,data/push up/push up_5600071.jpg,data/push up/push up_5600111.jpg,data/push up/push up_5600151.jpg,data/push up/push up_5600191.jpg,data/push up/push up_5600221.jpg,data/push up/push up_5600261.jpg,data/push up/push up_5600301.jpg,data/push up/push up_5600341.jpg,data/push up/push up_5600381.jpg,data/push up/push up_5600411.jpg,data/push up/push up_5600451.jpg,data/push up/push up_5600491.jpg,data/push up/push up_5600531.jpg,data/push up/push up_5600571.jpg,14
push up,push up|num_90,train,15,1.0,141.0,numeric,data/push up/push up_900001.jpg,data/push up/push up_900011.jpg,data/push up/push up_900021.jpg,data/push up/push up_900031.jpg,data/push up/push up_900041.jpg,data/push up/push up_900051.jpg,data/push up/push up_900061.jpg,data/push up/push up_900071.jpg,data/push up/push up_900081.jpg,data/push up/push up_900091.jpg,data/push up/push up_900101.jpg,data/push up/push up_900111.jpg,data/push up/push up_900121.jpg,data/push up/push up_900131.jpg,data/push up/push up_900141.jpg,data/push up/push up_900141.jpg,14
romanian deadlift,romanian deadlift|num_10,train,35,1.0,341.0,numeric,data/romanian deadlift/romanian deadlift_100001.jpg,data/romanian deadlift/romanian deadlift_100021.jpg,data/romanian deadlift/romanian deadlift_100041.jpg,data/romanian deadlift/romanian deadlift_100061.jpg,data/romanian deadlift/romanian deadlift_100091.jpg,data/romanian deadlift/romanian deadlift_100111.jpg,data/romanian deadlift/romanian deadlift_100131.jpg,data/romanian deadlift/romanian deadlift_100151.jpg,data/romanian deadlift/romanian deadlift_100181.jpg,data/romanian deadlift/romanian deadlift_100201.jpg,data/romanian deadlift/romanian deadlift_100221.jpg,data/romanian deadlift/romanian deadlift_100241.jpg,data/romanian deadlift/romanian deadlift_100271.jpg,data/romanian deadlift/romanian deadlift_100291.jpg,data/romanian deadlift/romanian deadlift_100311.jpg,data/romanian deadlift/romanian deadlift_100341.jpg,15
romanian deadlift,romanian deadlift|num_100,train,14,1.0,131.0,numeric,data/romanian deadlift/romanian deadlift_1000001.jpg,data/romanian deadlift/romanian deadlift_1000011.jpg,data/romanian deadlift/romanian deadlift_1000021.jpg,data/romanian deadlift/romanian deadlift_1000031.jpg,data/romanian deadlift/romanian deadlift_1000041.jpg,data/romanian deadlift/romanian deadlift_1000051.jpg,data/romanian deadlift/romanian deadlift_1000061.jpg,data/romanian deadlift/romanian deadlift_1000071.jpg,data/romanian deadlift/romanian deadlift_1000081.jpg,data/romanian deadlift/romanian deadlift_1000091.jpg,data/romanian deadlift/romanian deadlift_1000101.jpg,data/romanian deadlift/romanian deadlift_1000111.jpg,data/romanian deadlift/romanian deadlift_1000121.jpg,data/romanian deadlift/romanian deadlift_1000131.jpg,data/romanian deadlift/romanian deadlift_1000131.jpg,data/romanian deadlift/romanian deadlift_1000131.jpg,15
romanian deadlift,romanian deadlift|num_110,train,11,1.0,101.0,numeric,data/romanian deadlift/romanian deadlift_1100001.jpg,data/romanian deadlift/romanian deadlift_1100011.jpg,data/romanian deadlift/romanian deadlift_1100021.jpg,data/romanian deadlift/romanian deadlift_1100031.jpg,data/romanian deadlift/romanian deadlift_1100041.jpg,data/romanian deadlift/romanian deadlift_1100051.jpg,data/romanian deadlift/romanian deadlift_1100061.jpg,data/romanian deadlift/romanian deadlift_1100071.jpg,data/romanian deadlift/romanian deadlift_1100081.jpg,data/romanian deadlift/romanian deadlift_1100091.jpg,data/romanian deadlift/romanian deadlift_1100101.jpg,data/romanian deadlift/romanian deadlift_1100101.jpg,data/romanian deadlift/romanian deadlift_1100101.jpg,data/romanian deadlift/romanian deadlift_1100101.jpg,data/romanian deadlift/romanian deadlift_1100101.jpg,data/romanian deadlift/romanian deadlift_1100101.jpg,15
romanian deadlift,romanian deadlift|num_120,test,23,1.0,221.0,numeric,data/romanian deadlift/romanian deadlift_1200001.jpg,data/romanian deadlift/romanian deadlift_1200011.jpg,data/romanian deadlift/romanian deadlift_1200021.jpg,data/romanian deadlift/romanian deadlift_1200041.jpg,data/romanian deadlift/romanian deadlift_1200051.jpg,data/romanian deadlift/romanian deadlift_1200071.jpg,data/romanian deadlift/romanian deadlift_1200081.jpg,data/romanian deadlift/romanian deadlift_1200101.jpg,data/romanian deadlift/romanian deadlift_1200111.jpg,data/romanian deadlift/romanian deadlift_1200131.jpg,data/romanian deadlift/romanian deadlift_1200141.jpg,data/romanian deadlift/romanian deadlift_1200161.jpg,data/romanian deadlift/romanian deadlift_1200171.jpg,data/romanian deadlift/romanian deadlift_1200191.jpg,data/romanian deadlift/romanian deadlift_1200201.jpg,data/romanian deadlift/romanian deadlift_1200221.jpg,15
romanian deadlift,romanian deadlift|num_130,train,29,1.0,281.0,numeric,data/romanian deadlift/romanian deadlift_1300001.jpg,data/romanian deadlift/romanian deadlift_1300011.jpg,data/romanian deadlift/romanian deadlift_1300031.jpg,data/romanian deadlift/romanian deadlift_1300051.jpg,data/romanian deadlift/romanian deadlift_1300071.jpg,data/romanian deadlift/romanian deadlift_1300091.jpg,data/romanian deadlift/romanian deadlift_1300111.jpg,data/romanian deadlift/romanian deadlift_1300131.jpg,data/romanian deadlift/romanian deadlift_1300141.jpg,data/romanian deadlift/romanian deadlift_1300161.jpg,data/romanian deadlift/romanian deadlift_1300181.jpg,data/romanian deadlift/romanian deadlift_1300201.jpg,data/romanian deadlift/romanian deadlift_1300221.jpg,data/romanian deadlift/romanian deadlift_1300241.jpg,data/romanian deadlift/romanian deadlift_1300261.jpg,data/romanian deadlift/romanian deadlift_1300281.jpg,15
romanian deadlift,romanian deadlift|num_140,train,33,1.0,321.0,numeric,data/romanian deadlift/romanian deadlift_1400001.jpg,data/romanian deadlift/romanian deadlift_1400021.jpg,data/romanian deadlift/romanian deadlift_1400041.jpg,data/romanian deadlift/romanian deadlift_1400061.jpg,data/romanian deadlift/romanian deadlift_1400081.jpg,data/romanian deadlift/romanian deadlift_1400101.jpg,data/romanian deadlift/romanian deadlift_1400121.jpg,data/romanian deadlift/romanian deadlift_1400141.jpg,data/romanian deadlift/romanian deadlift_1400171.jpg,data/romanian deadlift/romanian deadlift_1400191.jpg,data/romanian deadlift/romanian deadlift_1400211.jpg,data/romanian deadlift/romanian deadlift_1400231.jpg,data/romanian deadlift/romanian deadlift_1400251.jpg,data/romanian deadlift/romanian deadlift_1400271.jpg,data/romanian deadlift/romanian deadlift_1400291.jpg,data/romanian deadlift/romanian deadlift_1400321.jpg,15
romanian deadlift,romanian deadlift|num_20,val,49,1.0,481.0,numeric,data/romanian deadlift/romanian deadlift_200001.jpg,data/romanian deadlift/romanian deadlift_200031.jpg,data/romanian deadlift/romanian deadlift_200061.jpg,data/romanian deadlift/romanian deadlift_200091.jpg,data/romanian deadlift/romanian deadlift_200121.jpg,data/romanian deadlift/romanian deadlift_200161.jpg,data/romanian deadlift/romanian deadlift_200191.jpg,data/romanian deadlift/romanian deadlift_200221.jpg,data/romanian deadlift/romanian deadlift_200251.jpg,data/romanian deadlift/romanian deadlift_200281.jpg,data/romanian deadlift/romanian deadlift_200321.jpg,data/romanian deadlift/romanian deadlift_200351.jpg,data/romanian deadlift/romanian deadlift_200381.jpg,data/romanian deadlift/romanian deadlift_200411.jpg,data/romanian deadlift/romanian deadlift_200441.jpg,data/romanian deadlift/romanian deadlift_200481.jpg,15
romanian deadlift,romanian deadlift|num_30,train,39,1.0,381.0,numeric,data/romanian deadlift/romanian deadlift_300001.jpg,data/romanian deadlift/romanian deadlift_300021.jpg,data/romanian deadlift/romanian deadlift_300051.jpg,data/romanian deadlift/romanian deadlift_300071.jpg,data/romanian deadlift/romanian deadlift_300101.jpg,data/romanian deadlift/romanian deadlift_300121.jpg,data/romanian deadlift/romanian deadlift_300151.jpg,data/romanian deadlift/romanian deadlift_300171.jpg,data/romanian deadlift/romanian deadlift_300201.jpg,data/romanian deadlift/romanian deadlift_300221.jpg,data/romanian deadlift/romanian deadlift_300251.jpg,data/romanian deadlift/romanian deadlift_300271.jpg,data/romanian deadlift/romanian deadlift_300301.jpg,data/romanian deadlift/romanian deadlift_300321.jpg,data/romanian deadlift/romanian deadlift_300351.jpg,data/romanian deadlift/romanian deadlift_300381.jpg,15
romanian deadlift,romanian deadlift|num_40,train,33,1.0,321.0,numeric,data/romanian deadlift/romanian deadlift_400001.jpg,data/romanian deadlift/romanian deadlift_400021.jpg,data/romanian deadlift/romanian deadlift_400041.jpg,data/romanian deadlift/romanian deadlift_400061.jpg,data/romanian deadlift/romanian deadlift_400081.jpg,data/romanian deadlift/romanian deadlift_400101.jpg,data/romanian deadlift/romanian deadlift_400121.jpg,data/romanian deadlift/romanian deadlift_400141.jpg,data/romanian deadlift/romanian deadlift_400171.jpg,data/romanian deadlift/romanian deadlift_400191.jpg,data/romanian deadlift/romanian deadlift_400211.jpg,data/romanian deadlift/romanian deadlift_400231.jpg,data/romanian deadlift/romanian deadlift_400251.jpg,data/romanian deadlift/romanian deadlift_400271.jpg,data/romanian deadlift/romanian deadlift_400291.jpg,data/romanian deadlift/romanian deadlift_400321.jpg,15
romanian deadlift,romanian deadlift|num_50,train,25,1.0,241.0,numeric,data/romanian deadlift/romanian deadlift_500001.jpg,data/romanian deadlift/romanian deadlift_500011.jpg,data/romanian deadlift/romanian deadlift_500031.jpg,data/romanian deadlift/romanian deadlift_500041.jpg,data/romanian deadlift/romanian deadlift_500061.jpg,data/romanian deadlift/romanian deadlift_500081.jpg,data/romanian deadlift/romanian deadlift_500091.jpg,data/romanian deadlift/romanian deadlift_500111.jpg,data/romanian deadlift/romanian deadlift_500121.jpg,data/romanian deadlift/romanian deadlift_500141.jpg,data/romanian deadlift/romanian deadlift_500161.jpg,data/romanian deadlift/romanian deadlift_500171.jpg,data/romanian deadlift/romanian deadlift_500191.jpg,data/romanian deadlift/romanian deadlift_500201.jpg,data/romanian deadlift/romanian deadlift_500221.jpg,data/romanian deadlift/romanian deadlift_500241.jpg,15
romanian deadlift,romanian deadlift|num_60,train,9,1.0,81.0,numeric,data/romanian deadlift/romanian deadlift_600001.jpg,data/romanian deadlift/romanian deadlift_600011.jpg,data/romanian deadlift/romanian deadlift_600021.jpg,data/romanian deadlift/romanian deadlift_600031.jpg,data/romanian deadlift/romanian deadlift_600041.jpg,data/romanian deadlift/romanian deadlift_600051.jpg,data/romanian deadlift/romanian deadlift_600061.jpg,data/romanian deadlift/romanian deadlift_600071.jpg,data/romanian deadlift/romanian deadlift_600081.jpg,data/romanian deadlift/romanian deadlift_600081.jpg,data/romanian deadlift/romanian deadlift_600081.jpg,data/romanian deadlift/romanian deadlift_600081.jpg,data/romanian deadlift/romanian deadlift_600081.jpg,data/romanian deadlift/romanian deadlift_600081.jpg,data/romanian deadlift/romanian deadlift_600081.jpg,data/romanian deadlift/romanian deadlift_600081.jpg,15
romanian deadlift,romanian deadlift|num_70,train,12,1.0,361.0,numeric,data/romanian deadlift/romanian deadlift_700001.jpg,data/romanian deadlift/romanian deadlift_700011.jpg,data/romanian deadlift/romanian deadlift_700021.jpg,data/romanian deadlift/romanian deadlift_700031.jpg,data/romanian deadlift/romanian deadlift_700041.jpg,data/romanian deadlift/romanian deadlift_700051.jpg,data/romanian deadlift/romanian deadlift_700061.jpg,data/romanian deadlift/romanian deadlift_700321.jpg,data/romanian deadlift/romanian deadlift_700331.jpg,data/romanian deadlift/romanian deadlift_700341.jpg,data/romanian deadlift/romanian deadlift_700351.jpg,data/romanian deadlift/romanian deadlift_700361.jpg,data/romanian deadlift/romanian deadlift_700361.jpg,data/romanian deadlift/romanian deadlift_700361.jpg,data/romanian deadlift/romanian deadlift_700361.jpg,data/romanian deadlift/romanian deadlift_700361.jpg,15
romanian deadlift,romanian deadlift|num_80,train,185,31.0,2471.0,numeric,data/romanian deadlift/romanian deadlift_800031.jpg,data/romanian deadlift/romanian deadlift_800271.jpg,data/romanian deadlift/romanian deadlift_800461.jpg,data/romanian deadlift/romanian deadlift_800581.jpg,data/romanian deadlift/romanian deadlift_800711.jpg,data/romanian deadlift/romanian deadlift_800951.jpg,data/romanian deadlift/romanian deadlift_801071.jpg,data/romanian deadlift/romanian deadlift_801191.jpg,data/romanian deadlift/romanian deadlift_801321.jpg,data/romanian deadlift/romanian deadlift_801441.jpg,data/romanian deadlift/romanian deadlift_801561.jpg,data/romanian deadlift/romanian deadlift_801731.jpg,data/romanian deadlift/romanian deadlift_801861.jpg,data/romanian deadlift/romanian deadlift_801981.jpg,data/romanian deadlift/romanian deadlift_802341.jpg,data/romanian deadlift/romanian deadlift_802471.jpg,15
romanian deadlift,romanian deadlift|num_90,train,58,11.0,611.0,numeric,data/romanian deadlift/romanian deadlift_900011.jpg,data/romanian deadlift/romanian deadlift_900041.jpg,data/romanian deadlift/romanian deadlift_900081.jpg,data/romanian deadlift/romanian deadlift_900121.jpg,data/romanian deadlift/romanian deadlift_900161.jpg,data/romanian deadlift/romanian deadlift_900201.jpg,data/romanian deadlift/romanian deadlift_900231.jpg,data/romanian deadlift/romanian deadlift_900301.jpg,data/romanian deadlift/romanian deadlift_900341.jpg,data/romanian deadlift/romanian deadlift_900381.jpg,data/romanian deadlift/romanian deadlift_900421.jpg,data/romanian deadlift/romanian deadlift_900451.jpg,data/romanian deadlift/romanian deadlift_900491.jpg,data/romanian deadlift/romanian deadlift_900531.jpg,data/romanian deadlift/romanian deadlift_900571.jpg,data/romanian deadlift/romanian deadlift_900611.jpg,15
russian twist,russian twist|g1,train,1,,,alpha_num,data/russian twist/russian twist_g1.jpg,data/russian twist/russian twist_g1.jpg,data/russian twist/russian twist_g1.jpg,data/russian twist/russian twist_g1.jpg,data/russian twist/russian twist_g1.jpg,data/russian twist/russian twist_g1.jpg,data/russian twist/russian twist_g1.jpg,data/russian twist/russian twist_g1.jpg,data/russian twist/russian twist_g1.jpg,data/russian twist/russian twist_g1.jpg,data/russian twist/russian twist_g1.jpg,data/russian twist/russian twist_g1.jpg,data/russian twist/russian twist_g1.jpg,data/russian twist/russian twist_g1.jpg,data/russian twist/russian twist_g1.jpg,data/russian twist/russian twist_g1.jpg,16
russian twist,russian twist|g10,train,1,,,alpha_num,data/russian twist/russian twist_g10.jpg,data/russian twist/russian twist_g10.jpg,data/russian twist/russian twist_g10.jpg,data/russian twist/russian twist_g10.jpg,data/russian twist/russian twist_g10.jpg,data/russian twist/russian twist_g10.jpg,data/russian twist/russian twist_g10.jpg,data/russian twist/russian twist_g10.jpg,data/russian twist/russian twist_g10.jpg,data/russian twist/russian twist_g10.jpg,data/russian twist/russian twist_g10.jpg,data/russian twist/russian twist_g10.jpg,data/russian twist/russian twist_g10.jpg,data/russian twist/russian twist_g10.jpg,data/russian twist/russian twist_g10.jpg,data/russian twist/russian twist_g10.jpg,16
russian twist,russian twist|g11,train,1,,,alpha_num,data/russian twist/russian twist_g11.jpg,data/russian twist/russian twist_g11.jpg,data/russian twist/russian twist_g11.jpg,data/russian twist/russian twist_g11.jpg,data/russian twist/russian twist_g11.jpg,data/russian twist/russian twist_g11.jpg,data/russian twist/russian twist_g11.jpg,data/russian twist/russian twist_g11.jpg,data/russian twist/russian twist_g11.jpg,data/russian twist/russian twist_g11.jpg,data/russian twist/russian twist_g11.jpg,data/russian twist/russian twist_g11.jpg,data/russian twist/russian twist_g11.jpg,data/russian twist/russian twist_g11.jpg,data/russian twist/russian twist_g11.jpg,data/russian twist/russian twist_g11.jpg,16
russian twist,russian twist|g12,train,1,,,alpha_num,data/russian twist/russian twist_g12.jpg,data/russian twist/russian twist_g12.jpg,data/russian twist/russian twist_g12.jpg,data/russian twist/russian twist_g12.jpg,data/russian twist/russian twist_g12.jpg,data/russian twist/russian twist_g12.jpg,data/russian twist/russian twist_g12.jpg,data/russian twist/russian twist_g12.jpg,data/russian twist/russian twist_g12.jpg,data/russian twist/russian twist_g12.jpg,data/russian twist/russian twist_g12.jpg,data/russian twist/russian twist_g12.jpg,data/russian twist/russian twist_g12.jpg,data/russian twist/russian twist_g12.jpg,data/russian twist/russian twist_g12.jpg,data/russian twist/russian twist_g12.jpg,16
russian twist,russian twist|g13,train,1,,,alpha_num,data/russian twist/russian twist_g13.jpg,data/russian twist/russian twist_g13.jpg,data/russian twist/russian twist_g13.jpg,data/russian twist/russian twist_g13.jpg,data/russian twist/russian twist_g13.jpg,data/russian twist/russian twist_g13.jpg,data/russian twist/russian twist_g13.jpg,data/russian twist/russian twist_g13.jpg,data/russian twist/russian twist_g13.jpg,data/russian twist/russian twist_g13.jpg,data/russian twist/russian twist_g13.jpg,data/russian twist/russian twist_g13.jpg,data/russian twist/russian twist_g13.jpg,data/russian twist/russian twist_g13.jpg,data/russian twist/russian twist_g13.jpg,data/russian twist/russian twist_g13.jpg,16
russian twist,russian twist|g14,train,1,,,alpha_num,data/russian twist/russian twist_g14.jpg,data/russian twist/russian twist_g14.jpg,data/russian twist/russian twist_g14.jpg,data/russian twist/russian twist_g14.jpg,data/russian twist/russian twist_g14.jpg,data/russian twist/russian twist_g14.jpg,data/russian twist/russian twist_g14.jpg,data/russian twist/russian twist_g14.jpg,data/russian twist/russian twist_g14.jpg,data/russian twist/russian twist_g14.jpg,data/russian twist/russian twist_g14.jpg,data/russian twist/russian twist_g14.jpg,data/russian twist/russian twist_g14.jpg,data/russian twist/russian twist_g14.jpg,data/russian twist/russian twist_g14.jpg,data/russian twist/russian twist_g14.jpg,16
russian twist,russian twist|g15,train,1,,,alpha_num,data/russian twist/russian twist_g15.jpg,data/russian twist/russian twist_g15.jpg,data/russian twist/russian twist_g15.jpg,data/russian twist/russian twist_g15.jpg,data/russian twist/russian twist_g15.jpg,data/russian twist/russian twist_g15.jpg,data/russian twist/russian twist_g15.jpg,data/russian twist/russian twist_g15.jpg,data/russian twist/russian twist_g15.jpg,data/russian twist/russian twist_g15.jpg,data/russian twist/russian twist_g15.jpg,data/russian twist/russian twist_g15.jpg,data/russian twist/russian twist_g15.jpg,data/russian twist/russian twist_g15.jpg,data/russian twist/russian twist_g15.jpg,data/russian twist/russian twist_g15.jpg,16
russian twist,russian twist|g16,train,1,,,alpha_num,data/russian twist/russian twist_g16.jpg,data/russian twist/russian twist_g16.jpg,data/russian twist/russian twist_g16.jpg,data/russian twist/russian twist_g16.jpg,data/russian twist/russian twist_g16.jpg,data/russian twist/russian twist_g16.jpg,data/russian twist/russian twist_g16.jpg,data/russian twist/russian twist_g16.jpg,data/russian twist/russian twist_g16.jpg,data/russian twist/russian twist_g16.jpg,data/russian twist/russian twist_g16.jpg,data/russian twist/russian twist_g16.jpg,data/russian twist/russian twist_g16.jpg,data/russian twist/russian twist_g16.jpg,data/russian twist/russian twist_g16.jpg,data/russian twist/russian twist_g16.jpg,16
russian twist,russian twist|g17,train,1,,,alpha_num,data/russian twist/russian twist_g17.jpg,data/russian twist/russian twist_g17.jpg,data/russian twist/russian twist_g17.jpg,data/russian twist/russian twist_g17.jpg,data/russian twist/russian twist_g17.jpg,data/russian twist/russian twist_g17.jpg,data/russian twist/russian twist_g17.jpg,data/russian twist/russian twist_g17.jpg,data/russian twist/russian twist_g17.jpg,data/russian twist/russian twist_g17.jpg,data/russian twist/russian twist_g17.jpg,data/russian twist/russian twist_g17.jpg,data/russian twist/russian twist_g17.jpg,data/russian twist/russian twist_g17.jpg,data/russian twist/russian twist_g17.jpg,data/russian twist/russian twist_g17.jpg,16
russian twist,russian twist|g18,train,1,,,alpha_num,data/russian twist/russian twist_g18.jpg,data/russian twist/russian twist_g18.jpg,data/russian twist/russian twist_g18.jpg,data/russian twist/russian twist_g18.jpg,data/russian twist/russian twist_g18.jpg,data/russian twist/russian twist_g18.jpg,data/russian twist/russian twist_g18.jpg,data/russian twist/russian twist_g18.jpg,data/russian twist/russian twist_g18.jpg,data/russian twist/russian twist_g18.jpg,data/russian twist/russian twist_g18.jpg,data/russian twist/russian twist_g18.jpg,data/russian twist/russian twist_g18.jpg,data/russian twist/russian twist_g18.jpg,data/russian twist/russian twist_g18.jpg,data/russian twist/russian twist_g18.jpg,16
russian twist,russian twist|g19,train,1,,,alpha_num,data/russian twist/russian twist_g19.jpg,data/russian twist/russian twist_g19.jpg,data/russian twist/russian twist_g19.jpg,data/russian twist/russian twist_g19.jpg,data/russian twist/russian twist_g19.jpg,data/russian twist/russian twist_g19.jpg,data/russian twist/russian twist_g19.jpg,data/russian twist/russian twist_g19.jpg,data/russian twist/russian twist_g19.jpg,data/russian twist/russian twist_g19.jpg,data/russian twist/russian twist_g19.jpg,data/russian twist/russian twist_g19.jpg,data/russian twist/russian twist_g19.jpg,data/russian twist/russian twist_g19.jpg,data/russian twist/russian twist_g19.jpg,data/russian twist/russian twist_g19.jpg,16
russian twist,russian twist|g2,train,1,,,alpha_num,data/russian twist/russian twist_g2.jpg,data/russian twist/russian twist_g2.jpg,data/russian twist/russian twist_g2.jpg,data/russian twist/russian twist_g2.jpg,data/russian twist/russian twist_g2.jpg,data/russian twist/russian twist_g2.jpg,data/russian twist/russian twist_g2.jpg,data/russian twist/russian twist_g2.jpg,data/russian twist/russian twist_g2.jpg,data/russian twist/russian twist_g2.jpg,data/russian twist/russian twist_g2.jpg,data/russian twist/russian twist_g2.jpg,data/russian twist/russian twist_g2.jpg,data/russian twist/russian twist_g2.jpg,data/russian twist/russian twist_g2.jpg,data/russian twist/russian twist_g2.jpg,16
russian twist,russian twist|g20,train,1,,,alpha_num,data/russian twist/russian twist_g20.jpg,data/russian twist/russian twist_g20.jpg,data/russian twist/russian twist_g20.jpg,data/russian twist/russian twist_g20.jpg,data/russian twist/russian twist_g20.jpg,data/russian twist/russian twist_g20.jpg,data/russian twist/russian twist_g20.jpg,data/russian twist/russian twist_g20.jpg,data/russian twist/russian twist_g20.jpg,data/russian twist/russian twist_g20.jpg,data/russian twist/russian twist_g20.jpg,data/russian twist/russian twist_g20.jpg,data/russian twist/russian twist_g20.jpg,data/russian twist/russian twist_g20.jpg,data/russian twist/russian twist_g20.jpg,data/russian twist/russian twist_g20.jpg,16
russian twist,russian twist|g3,train,1,,,alpha_num,data/russian twist/russian twist_g3.jpg,data/russian twist/russian twist_g3.jpg,data/russian twist/russian twist_g3.jpg,data/russian twist/russian twist_g3.jpg,data/russian twist/russian twist_g3.jpg,data/russian twist/russian twist_g3.jpg,data/russian twist/russian twist_g3.jpg,data/russian twist/russian twist_g3.jpg,data/russian twist/russian twist_g3.jpg,data/russian twist/russian twist_g3.jpg,data/russian twist/russian twist_g3.jpg,data/russian twist/russian twist_g3.jpg,data/russian twist/russian twist_g3.jpg,data/russian twist/russian twist_g3.jpg,data/russian twist/russian twist_g3.jpg,data/russian twist/russian twist_g3.jpg,16
russian twist,russian twist|g4,train,1,,,alpha_num,data/russian twist/russian twist_g4.jpg,data/russian twist/russian twist_g4.jpg,data/russian twist/russian twist_g4.jpg,data/russian twist/russian twist_g4.jpg,data/russian twist/russian twist_g4.jpg,data/russian twist/russian twist_g4.jpg,data/russian twist/russian twist_g4.jpg,data/russian twist/russian twist_g4.jpg,data/russian twist/russian twist_g4.jpg,data/russian twist/russian twist_g4.jpg,data/russian twist/russian twist_g4.jpg,data/russian twist/russian twist_g4.jpg,data/russian twist/russian twist_g4.jpg,data/russian twist/russian twist_g4.jpg,data/russian twist/russian twist_g4.jpg,data/russian twist/russian twist_g4.jpg,16
russian twist,russian twist|g5,train,1,,,alpha_num,data/russian twist/russian twist_g5.jpg,data/russian twist/russian twist_g5.jpg,data/russian twist/russian twist_g5.jpg,data/russian twist/russian twist_g5.jpg,data/russian twist/russian twist_g5.jpg,data/russian twist/russian twist_g5.jpg,data/russian twist/russian twist_g5.jpg,data/russian twist/russian twist_g5.jpg,data/russian twist/russian twist_g5.jpg,data/russian twist/russian twist_g5.jpg,data/russian twist/russian twist_g5.jpg,data/russian twist/russian twist_g5.jpg,data/russian twist/russian twist_g5.jpg,data/russian twist/russian twist_g5.jpg,data/russian twist/russian twist_g5.jpg,data/russian twist/russian twist_g5.jpg,16
russian twist,russian twist|g6,train,1,,,alpha_num,data/russian twist/russian twist_g6.jpg,data/russian twist/russian twist_g6.jpg,data/russian twist/russian twist_g6.jpg,data/russian twist/russian twist_g6.jpg,data/russian twist/russian twist_g6.jpg,data/russian twist/russian twist_g6.jpg,data/russian twist/russian twist_g6.jpg,data/russian twist/russian twist_g6.jpg,data/russian twist/russian twist_g6.jpg,data/russian twist/russian twist_g6.jpg,data/russian twist/russian twist_g6.jpg,data/russian twist/russian twist_g6.jpg,data/russian twist/russian twist_g6.jpg,data/russian twist/russian twist_g6.jpg,data/russian twist/russian twist_g6.jpg,data/russian twist/russian twist_g6.jpg,16
russian twist,russian twist|g7,train,1,,,alpha_num,data/russian twist/russian twist_g7.jpg,data/russian twist/russian twist_g7.jpg,data/russian twist/russian twist_g7.jpg,data/russian twist/russian twist_g7.jpg,data/russian twist/russian twist_g7.jpg,data/russian twist/russian twist_g7.jpg,data/russian twist/russian twist_g7.jpg,data/russian twist/russian twist_g7.jpg,data/russian twist/russian twist_g7.jpg,data/russian twist/russian twist_g7.jpg,data/russian twist/russian twist_g7.jpg,data/russian twist/russian twist_g7.jpg,data/russian twist/russian twist_g7.jpg,data/russian twist/russian twist_g7.jpg,data/russian twist/russian twist_g7.jpg,data/russian twist/russian twist_g7.jpg,16
russian twist,russian twist|g8,test,1,,,alpha_num,data/russian twist/russian twist_g8.jpg,data/russian twist/russian twist_g8.jpg,data/russian twist/russian twist_g8.jpg,data/russian twist/russian twist_g8.jpg,data/russian twist/russian twist_g8.jpg,data/russian twist/russian twist_g8.jpg,data/russian twist/russian twist_g8.jpg,data/russian twist/russian twist_g8.jpg,data/russian twist/russian twist_g8.jpg,data/russian twist/russian twist_g8.jpg,data/russian twist/russian twist_g8.jpg,data/russian twist/russian twist_g8.jpg,data/russian twist/russian twist_g8.jpg,data/russian twist/russian twist_g8.jpg,data/russian twist/russian twist_g8.jpg,data/russian twist/russian twist_g8.jpg,16
russian twist,russian twist|g9,val,1,,,alpha_num,data/russian twist/russian twist_g9.jpg,data/russian twist/russian twist_g9.jpg,data/russian twist/russian twist_g9.jpg,data/russian twist/russian twist_g9.jpg,data/russian twist/russian twist_g9.jpg,data/russian twist/russian twist_g9.jpg,data/russian twist/russian twist_g9.jpg,data/russian twist/russian twist_g9.jpg,data/russian twist/russian twist_g9.jpg,data/russian twist/russian twist_g9.jpg,data/russian twist/russian twist_g9.jpg,data/russian twist/russian twist_g9.jpg,data/russian twist/russian twist_g9.jpg,data/russian twist/russian twist_g9.jpg,data/russian twist/russian twist_g9.jpg,data/russian twist/russian twist_g9.jpg,16
russian twist,russian twist|num_10,train,104,1.0,1031.0,numeric,data/russian twist/russian twist_100001.jpg,data/russian twist/russian twist_100061.jpg,data/russian twist/russian twist_100131.jpg,data/russian twist/russian twist_100201.jpg,data/russian twist/russian twist_100271.jpg,data/russian twist/russian twist_100341.jpg,data/russian twist/russian twist_100411.jpg,data/russian twist/russian twist_100481.jpg,data/russian twist/russian twist_100541.jpg,data/russian twist/russian twist_100611.jpg,data/russian twist/russian twist_100681.jpg,data/russian twist/russian twist_100751.jpg,data/russian twist/russian twist_100821.jpg,data/russian twist/russian twist_100891.jpg,data/russian twist/russian twist_100961.jpg,data/russian twist/russian twist_101031.jpg,16
russian twist,russian twist|num_100,train,14,1.0,131.0,numeric,data/russian twist/russian twist_1000001.jpg,data/russian twist/russian twist_1000011.jpg,data/russian twist/russian twist_1000021.jpg,data/russian twist/russian twist_1000031.jpg,data/russian twist/russian twist_1000041.jpg,data/russian twist/russian twist_1000051.jpg,data/russian twist/russian twist_1000061.jpg,data/russian twist/russian twist_1000071.jpg,data/russian twist/russian twist_1000081.jpg,data/russian twist/russian twist_1000091.jpg,data/russian twist/russian twist_1000101.jpg,data/russian twist/russian twist_1000111.jpg,data/russian twist/russian twist_1000121.jpg,data/russian twist/russian twist_1000131.jpg,data/russian twist/russian twist_1000131.jpg,data/russian twist/russian twist_1000131.jpg,16
russian twist,russian twist|num_110,train,19,1.0,181.0,numeric,data/russian twist/russian twist_1100001.jpg,data/russian twist/russian twist_1100011.jpg,data/russian twist/russian twist_1100021.jpg,data/russian twist/russian twist_1100031.jpg,data/russian twist/russian twist_1100041.jpg,data/russian twist/russian twist_1100061.jpg,data/russian twist/russian twist_1100071.jpg,data/russian twist/russian twist_1100081.jpg,data/russian twist/russian twist_1100091.jpg,data/russian twist/russian twist_1100101.jpg,data/russian twist/russian twist_1100121.jpg,data/russian twist/russian twist_1100131.jpg,data/russian twist/russian twist_1100141.jpg,data/russian twist/russian twist_1100151.jpg,data/russian twist/russian twist_1100161.jpg,data/russian twist/russian twist_1100181.jpg,16
russian twist,russian twist|num_120,train,14,1.0,131.0,numeric,data/russian twist/russian twist_1200001.jpg,data/russian twist/russian twist_1200011.jpg,data/russian twist/russian twist_1200021.jpg,data/russian twist/russian twist_1200031.jpg,data/russian twist/russian twist_1200041.jpg,data/russian twist/russian twist_1200051.jpg,data/russian twist/russian twist_1200061.jpg,data/russian twist/russian twist_1200071.jpg,data/russian twist/russian twist_1200081.jpg,data/russian twist/russian twist_1200091.jpg,data/russian twist/russian twist_1200101.jpg,data/russian twist/russian twist_1200111.jpg,data/russian twist/russian twist_1200121.jpg,data/russian twist/russian twist_1200131.jpg,data/russian twist/russian twist_1200131.jpg,data/russian twist/russian twist_1200131.jpg,16
russian twist,russian twist|num_130,val,22,1.0,211.0,numeric,data/russian twist/russian twist_1300001.jpg,data/russian twist/russian twist_1300011.jpg,data/russian twist/russian twist_1300021.jpg,data/russian twist/russian twist_1300041.jpg,data/russian twist/russian twist_1300051.jpg,data/russian twist/russian twist_1300071.jpg,data/russian twist/russian twist_1300081.jpg,data/russian twist/russian twist_1300091.jpg,data/russian twist/russian twist_1300111.jpg,data/russian twist/russian twist_1300121.jpg,data/russian twist/russian twist_1300141.jpg,data/russian twist/russian twist_1300151.jpg,data/russian twist/russian twist_1300161.jpg,data/russian twist/russian twist_1300181.jpg,data/russian twist/russian twist_1300191.jpg,data/russian twist/russian twist_1300211.jpg,16
russian twist,russian twist|num_20,train,21,1.0,201.0,numeric,data/russian twist/russian twist_200001.jpg,data/russian twist/russian twist_200011.jpg,data/russian twist/russian twist_200021.jpg,data/russian twist/russian twist_200041.jpg,data/russian twist/russian twist_200051.jpg,data/russian twist/russian twist_200061.jpg,data/russian twist/russian twist_200081.jpg,data/russian twist/russian twist_200091.jpg,data/russian twist/russian twist_200101.jpg,data/russian twist/russian twist_200121.jpg,data/russian twist/russian twist_200131.jpg,data/russian twist/russian twist_200141.jpg,data/russian twist/russian twist_200161.jpg,data/russian twist/russian twist_200171.jpg,data/russian twist/russian twist_200181.jpg,data/russian twist/russian twist_200201.jpg,16
russian twist,russian twist|num_30,train,22,1.0,211.0,numeric,data/russian twist/russian twist_300001.jpg,data/russian twist/russian twist_300011.jpg,data/russian twist/russian twist_300021.jpg,data/russian twist/russian twist_300041.jpg,data/russian twist/russian twist_300051.jpg,data/russian twist/russian twist_300071.jpg,data/russian twist/russian twist_300081.jpg,data/russian twist/russian twist_300091.jpg,data/russian twist/russian twist_300111.jpg,data/russian twist/russian twist_300121.jpg,data/russian twist/russian twist_300141.jpg,data/russian twist/russian twist_300151.jpg,data/russian twist/russian twist_300161.jpg,data/russian twist/russian twist_300181.jpg,data/russian twist/russian twist_300191.jpg,data/russian twist/russian twist_300211.jpg,16
russian twist,russian twist|num_40,train,55,1.0,541.0,numeric,data/russian twist/russian twist_400001.jpg,data/russian twist/russian twist_400031.jpg,data/russian twist/russian twist_400071.jpg,data/russian twist/russian twist_400101.jpg,data/russian twist/russian twist_400141.jpg,data/russian twist/russian twist_400181.jpg,data/russian twist/russian twist_400211.jpg,data/russian twist/russian twist_400251.jpg,data/russian twist/russian twist_400281.jpg,data/russian twist/russian twist_400321.jpg,data/russian twist/russian twist_400361.jpg,data/russian twist/russian twist_400391.jpg,data/russian twist/russian twist_400431.jpg,data/russian twist/russian twist_400461.jpg,data/russian twist/russian twist_400501.jpg,data/russian twist/russian twist_400541.jpg,16
russian twist,russian twist|num_50,train,97,1.0,1411.0,numeric,data/russian twist/russian twist_500001.jpg,data/russian twist/russian twist_500061.jpg,data/russian twist/russian twist_500121.jpg,data/russian twist/russian twist_500191.jpg,data/russian twist/russian twist_500251.jpg,data/russian twist/russian twist_500451.jpg,data/russian twist/russian twist_500511.jpg,data/russian twist/russian twist_500571.jpg,data/russian twist/russian twist_500641.jpg,data/russian twist/russian twist_500701.jpg,data/russian twist/russian twist_500771.jpg,data/russian twist/russian twist_500831.jpg,data/russian twist/russian twist_500891.jpg,data/russian twist/russian twist_500961.jpg,data/russian twist/russian twist_501021.jpg,data/russian twist/russian twist_501411.jpg,16
russian twist,russian twist|num_60,train,53,1.0,521.0,numeric,data/russian twist/russian twist_600001.jpg,data/russian twist/russian twist_600031.jpg,data/russian twist/russian twist_600061.jpg,data/russian twist/russian twist_600101.jpg,data/russian twist/russian twist_600131.jpg,data/russian twist/russian twist_600171.jpg,data/russian twist/russian twist_600201.jpg,data/russian twist/russian twist_600241.jpg,data/russian twist/russian twist_600271.jpg,data/russian twist/russian twist_600311.jpg,data/russian twist/russian twist_600341.jpg,data/russian twist/russian twist_600381.jpg,data/russian twist/russian twist_600411.jpg,data/russian twist/russian twist_600451.jpg,data/russian twist/russian twist_600481.jpg,data/russian twist/russian twist_600521.jpg,16
russian twist,russian twist|num_70,train,25,1.0,241.0,numeric,data/russian twist/russian twist_700001.jpg,data/russian twist/russian twist_700011.jpg,data/russian twist/russian twist_700031.jpg,data/russian twist/russian twist_700041.jpg,data/russian twist/russian twist_700061.jpg,data/russian twist/russian twist_700081.jpg,data/russian twist/russian twist_700091.jpg,data/russian twist/russian twist_700111.jpg,data/russian twist/russian twist_700121.jpg,data/russian twist/russian twist_700141.jpg,data/russian twist/russian twist_700161.jpg,data/russian twist/russian twist_700171.jpg,data/russian twist/russian twist_700191.jpg,data/russian twist/russian twist_700201.jpg,data/russian twist/russian twist_700221.jpg,data/russian twist/russian twist_700241.jpg,16
russian twist,russian twist|num_80,train,31,1.0,301.0,numeric,data/russian twist/russian twist_800001.jpg,data/russian twist/russian twist_800021.jpg,data/russian twist/russian twist_800041.jpg,data/russian twist/russian twist_800061.jpg,data/russian twist/russian twist_800081.jpg,data/russian twist/russian twist_800101.jpg,data/russian twist/russian twist_800121.jpg,data/russian twist/russian twist_800141.jpg,data/russian twist/russian twist_800161.jpg,data/russian twist/russian twist_800181.jpg,data/russian twist/russian twist_800201.jpg,data/russian twist/russian twist_800221.jpg,data/russian twist/russian twist_800241.jpg,data/russian twist/russian twist_800261.jpg,data/russian twist/russian twist_800281.jpg,data/russian twist/russian twist_800301.jpg,16
russian twist,russian twist|num_90,train,25,1.0,241.0,numeric,data/russian twist/russian twist_900001.jpg,data/russian twist/russian twist_900011.jpg,data/russian twist/russian twist_900031.jpg,data/russian twist/russian twist_900041.jpg,data/russian twist/russian twist_900061.jpg,data/russian twist/russian twist_900081.jpg,data/russian twist/russian twist_900091.jpg,data/russian twist/russian twist_900111.jpg,data/russian twist/russian twist_900121.jpg,data/russian twist/russian twist_900141.jpg,data/russian twist/russian twist_900161.jpg,data/russian twist/russian twist_900171.jpg,data/russian twist/russian twist_900191.jpg,data/russian twist/russian twist_900201.jpg,data/russian twist/russian twist_900221.jpg,data/russian twist/russian twist_900241.jpg,16
shoulder press,shoulder press|g1,train,1,,,alpha_num,data/shoulder press/shoulder press_g1.jpg,data/shoulder press/shoulder press_g1.jpg,data/shoulder press/shoulder press_g1.jpg,data/shoulder press/shoulder press_g1.jpg,data/shoulder press/shoulder press_g1.jpg,data/shoulder press/shoulder press_g1.jpg,data/shoulder press/shoulder press_g1.jpg,data/shoulder press/shoulder press_g1.jpg,data/shoulder press/shoulder press_g1.jpg,data/shoulder press/shoulder press_g1.jpg,data/shoulder press/shoulder press_g1.jpg,data/shoulder press/shoulder press_g1.jpg,data/shoulder press/shoulder press_g1.jpg,data/shoulder press/shoulder press_g1.jpg,data/shoulder press/shoulder press_g1.jpg,data/shoulder press/shoulder press_g1.jpg,17
shoulder press,shoulder press|g10,train,1,,,alpha_num,data/shoulder press/shoulder press_g10.jpg,data/shoulder press/shoulder press_g10.jpg,data/shoulder press/shoulder press_g10.jpg,data/shoulder press/shoulder press_g10.jpg,data/shoulder press/shoulder press_g10.jpg,data/shoulder press/shoulder press_g10.jpg,data/shoulder press/shoulder press_g10.jpg,data/shoulder press/shoulder press_g10.jpg,data/shoulder press/shoulder press_g10.jpg,data/shoulder press/shoulder press_g10.jpg,data/shoulder press/shoulder press_g10.jpg,data/shoulder press/shoulder press_g10.jpg,data/shoulder press/shoulder press_g10.jpg,data/shoulder press/shoulder press_g10.jpg,data/shoulder press/shoulder press_g10.jpg,data/shoulder press/shoulder press_g10.jpg,17
shoulder press,shoulder press|g11,train,1,,,alpha_num,data/shoulder press/shoulder press_g11.jpg,data/shoulder press/shoulder press_g11.jpg,data/shoulder press/shoulder press_g11.jpg,data/shoulder press/shoulder press_g11.jpg,data/shoulder press/shoulder press_g11.jpg,data/shoulder press/shoulder press_g11.jpg,data/shoulder press/shoulder press_g11.jpg,data/shoulder press/shoulder press_g11.jpg,data/shoulder press/shoulder press_g11.jpg,data/shoulder press/shoulder press_g11.jpg,data/shoulder press/shoulder press_g11.jpg,data/shoulder press/shoulder press_g11.jpg,data/shoulder press/shoulder press_g11.jpg,data/shoulder press/shoulder press_g11.jpg,data/shoulder press/shoulder press_g11.jpg,data/shoulder press/shoulder press_g11.jpg,17
shoulder press,shoulder press|g12,train,1,,,alpha_num,data/shoulder press/shoulder press_g12.jpg,data/shoulder press/shoulder press_g12.jpg,data/shoulder press/shoulder press_g12.jpg,data/shoulder press/shoulder press_g12.jpg,data/shoulder press/shoulder press_g12.jpg,data/shoulder press/shoulder press_g12.jpg,data/shoulder press/shoulder press_g12.jpg,data/shoulder press/shoulder press_g12.jpg,data/shoulder press/shoulder press_g12.jpg,data/shoulder press/shoulder press_g12.jpg,data/shoulder press/shoulder press_g12.jpg,data/shoulder press/shoulder press_g12.jpg,data/shoulder press/shoulder press_g12.jpg,data/shoulder press/shoulder press_g12.jpg,data/shoulder press/shoulder press_g12.jpg,data/shoulder press/shoulder press_g12.jpg,17
shoulder press,shoulder press|g13,train,1,,,alpha_num,data/shoulder press/shoulder press_g13.jpg,data/shoulder press/shoulder press_g13.jpg,data/shoulder press/shoulder press_g13.jpg,data/shoulder press/shoulder press_g13.jpg,data/shoulder press/shoulder press_g13.jpg,data/shoulder press/shoulder press_g13.jpg,data/shoulder press/shoulder press_g13.jpg,data/shoulder press/shoulder press_g13.jpg,data/shoulder press/shoulder press_g13.jpg,data/shoulder press/shoulder press_g13.jpg,data/shoulder press/shoulder press_g13.jpg,data/shoulder press/shoulder press_g13.jpg,data/shoulder press/shoulder press_g13.jpg,data/shoulder press/shoulder press_g13.jpg,data/shoulder press/shoulder press_g13.jpg,data/shoulder press/shoulder press_g13.jpg,17
shoulder press,shoulder press|g14,train,1,,,alpha_num,data/shoulder press/shoulder press_g14.jpg,data/shoulder press/shoulder press_g14.jpg,data/shoulder press/shoulder press_g14.jpg,data/shoulder press/shoulder press_g14.jpg,data/shoulder press/shoulder press_g14.jpg,data/shoulder press/shoulder press_g14.jpg,data/shoulder press/shoulder press_g14.jpg,data/shoulder press/shoulder press_g14.jpg,data/shoulder press/shoulder press_g14.jpg,data/shoulder press/shoulder press_g14.jpg,data/shoulder press/shoulder press_g14.jpg,data/shoulder press/shoulder press_g14.jpg,data/shoulder press/shoulder press_g14.jpg,data/shoulder press/shoulder press_g14.jpg,data/shoulder press/shoulder press_g14.jpg,data/shoulder press/shoulder press_g14.jpg,17
shoulder press,shoulder press|g15,train,1,,,alpha_num,data/shoulder press/shoulder press_g15.jpg,data/shoulder press/shoulder press_g15.jpg,data/shoulder press/shoulder press_g15.jpg,data/shoulder press/shoulder press_g15.jpg,data/shoulder press/shoulder press_g15.jpg,data/shoulder press/shoulder press_g15.jpg,data/shoulder press/shoulder press_g15.jpg,data/shoulder press/shoulder press_g15.jpg,data/shoulder press/shoulder press_g15.jpg,data/shoulder press/shoulder press_g15.jpg,data/shoulder press/shoulder press_g15.jpg,data/shoulder press/shoulder press_g15.jpg,data/shoulder press/shoulder press_g15.jpg,data/shoulder press/shoulder press_g15.jpg,data/shoulder press/shoulder press_g15.jpg,data/shoulder press/shoulder press_g15.jpg,17
shoulder press,shoulder press|g16,train,1,,,alpha_num,data/shoulder press/shoulder press_g16.jpg,data/shoulder press/shoulder press_g16.jpg,data/shoulder press/shoulder press_g16.jpg,data/shoulder press/shoulder press_g16.jpg,data/shoulder press/shoulder press_g16.jpg,data/shoulder press/shoulder press_g16.jpg,data/shoulder press/shoulder press_g16.jpg,data/shoulder press/shoulder press_g16.jpg,data/shoulder press/shoulder press_g16.jpg,data/shoulder press/shoulder press_g16.jpg,data/shoulder press/shoulder press_g16.jpg,data/shoulder press/shoulder press_g16.jpg,data/shoulder press/shoulder press_g16.jpg,data/shoulder press/shoulder press_g16.jpg,data/shoulder press/shoulder press_g16.jpg,data/shoulder press/shoulder press_g16.jpg,17
shoulder press,shoulder press|g17,train,1,,,alpha_num,data/shoulder press/shoulder press_g17.jpg,data/shoulder press/shoulder press_g17.jpg,data/shoulder press/shoulder press_g17.jpg,data/shoulder press/shoulder press_g17.jpg,data/shoulder press/shoulder press_g17.jpg,data/shoulder press/shoulder press_g17.jpg,data/shoulder press/shoulder press_g17.jpg,data/shoulder press/shoulder press_g17.jpg,data/shoulder press/shoulder press_g17.jpg,data/shoulder press/shoulder press_g17.jpg,data/shoulder press/shoulder press_g17.jpg,data/shoulder press/shoulder press_g17.jpg,data/shoulder press/shoulder press_g17.jpg,data/shoulder press/shoulder press_g17.jpg,data/shoulder press/shoulder press_g17.jpg,data/shoulder press/shoulder press_g17.jpg,17
shoulder press,shoulder press|g18,train,1,,,alpha_num,data/shoulder press/shoulder press_g18.jpg,data/shoulder press/shoulder press_g18.jpg,data/shoulder press/shoulder press_g18.jpg,data/shoulder press/shoulder press_g18.jpg,data/shoulder press/shoulder press_g18.jpg,data/shoulder press/shoulder press_g18.jpg,data/shoulder press/shoulder press_g18.jpg,data/shoulder press/shoulder press_g18.jpg,data/shoulder press/shoulder press_g18.jpg,data/shoulder press/shoulder press_g18.jpg,data/shoulder press/shoulder press_g18.jpg,data/shoulder press/shoulder press_g18.jpg,data/shoulder press/shoulder press_g18.jpg,data/shoulder press/shoulder press_g18.jpg,data/shoulder press/shoulder press_g18.jpg,data/shoulder press/shoulder press_g18.jpg,17
shoulder press,shoulder press|g19,train,1,,,alpha_num,data/shoulder press/shoulder press_g19.jpg,data/shoulder press/shoulder press_g19.jpg,data/shoulder press/shoulder press_g19.jpg,data/shoulder press/shoulder press_g19.jpg,data/shoulder press/shoulder press_g19.jpg,data/shoulder press/shoulder press_g19.jpg,data/shoulder press/shoulder press_g19.jpg,data/shoulder press/shoulder press_g19.jpg,data/shoulder press/shoulder press_g19.jpg,data/shoulder press/shoulder press_g19.jpg,data/shoulder press/shoulder press_g19.jpg,data/shoulder press/shoulder press_g19.jpg,data/shoulder press/shoulder press_g19.jpg,data/shoulder press/shoulder press_g19.jpg,data/shoulder press/shoulder press_g19.jpg,data/shoulder press/shoulder press_g19.jpg,17
shoulder press,shoulder press|g2,train,1,,,alpha_num,data/shoulder press/shoulder press_g2.jpg,data/shoulder press/shoulder press_g2.jpg,data/shoulder press/shoulder press_g2.jpg,data/shoulder press/shoulder press_g2.jpg,data/shoulder press/shoulder press_g2.jpg,data/shoulder press/shoulder press_g2.jpg,data/shoulder press/shoulder press_g2.jpg,data/shoulder press/shoulder press_g2.jpg,data/shoulder press/shoulder press_g2.jpg,data/shoulder press/shoulder press_g2.jpg,data/shoulder press/shoulder press_g2.jpg,data/shoulder press/shoulder press_g2.jpg,data/shoulder press/shoulder press_g2.jpg,data/shoulder press/shoulder press_g2.jpg,data/shoulder press/shoulder press_g2.jpg,data/shoulder press/shoulder press_g2.jpg,17
shoulder press,shoulder press|g20,train,1,,,alpha_num,data/shoulder press/shoulder press_g20.jpg,data/shoulder press/shoulder press_g20.jpg,data/shoulder press/shoulder press_g20.jpg,data/shoulder press/shoulder press_g20.jpg,data/shoulder press/shoulder press_g20.jpg,data/shoulder press/shoulder press_g20.jpg,data/shoulder press/shoulder press_g20.jpg,data/shoulder press/shoulder press_g20.jpg,data/shoulder press/shoulder press_g20.jpg,data/shoulder press/shoulder press_g20.jpg,data/shoulder press/shoulder press_g20.jpg,data/shoulder press/shoulder press_g20.jpg,data/shoulder press/shoulder press_g20.jpg,data/shoulder press/shoulder press_g20.jpg,data/shoulder press/shoulder press_g20.jpg,data/shoulder press/shoulder press_g20.jpg,17
shoulder press,shoulder press|g21,train,1,,,alpha_num,data/shoulder press/shoulder press_g21.jpg,data/shoulder press/shoulder press_g21.jpg,data/shoulder press/shoulder press_g21.jpg,data/shoulder press/shoulder press_g21.jpg,data/shoulder press/shoulder press_g21.jpg,data/shoulder press/shoulder press_g21.jpg,data/shoulder press/shoulder press_g21.jpg,data/shoulder press/shoulder press_g21.jpg,data/shoulder press/shoulder press_g21.jpg,data/shoulder press/shoulder press_g21.jpg,data/shoulder press/shoulder press_g21.jpg,data/shoulder press/shoulder press_g21.jpg,data/shoulder press/shoulder press_g21.jpg,data/shoulder press/shoulder press_g21.jpg,data/shoulder press/shoulder press_g21.jpg,data/shoulder press/shoulder press_g21.jpg,17
shoulder press,shoulder press|g22,val,1,,,alpha_num,data/shoulder press/shoulder press_g22.jpg,data/shoulder press/shoulder press_g22.jpg,data/shoulder press/shoulder press_g22.jpg,data/shoulder press/shoulder press_g22.jpg,data/shoulder press/shoulder press_g22.jpg,data/shoulder press/shoulder press_g22.jpg,data/shoulder press/shoulder press_g22.jpg,data/shoulder press/shoulder press_g22.jpg,data/shoulder press/shoulder press_g22.jpg,data/shoulder press/shoulder press_g22.jpg,data/shoulder press/shoulder press_g22.jpg,data/shoulder press/shoulder press_g22.jpg,data/shoulder press/shoulder press_g22.jpg,data/shoulder press/shoulder press_g22.jpg,data/shoulder press/shoulder press_g22.jpg,data/shoulder press/shoulder press_g22.jpg,17
shoulder press,shoulder press|g23,train,1,,,alpha_num,data/shoulder press/shoulder press_g23.jpg,data/shoulder press/shoulder press_g23.jpg,data/shoulder press/shoulder press_g23.jpg,data/shoulder press/shoulder press_g23.jpg,data/shoulder press/shoulder press_g23.jpg,data/shoulder press/shoulder press_g23.jpg,data/shoulder press/shoulder press_g23.jpg,data/shoulder press/shoulder press_g23.jpg,data/shoulder press/shoulder press_g23.jpg,data/shoulder press/shoulder press_g23.jpg,data/shoulder press/shoulder press_g23.jpg,data/shoulder press/shoulder press_g23.jpg,data/shoulder press/shoulder press_g23.jpg,data/shoulder press/shoulder press_g23.jpg,data/shoulder press/shoulder press_g23.jpg,data/shoulder press/shoulder press_g23.jpg,17
shoulder press,shoulder press|g24,train,1,,,alpha_num,data/shoulder press/shoulder press_g24.jpg,data/shoulder press/shoulder press_g24.jpg,data/shoulder press/shoulder press_g24.jpg,data/shoulder press/shoulder press_g24.jpg,data/shoulder press/shoulder press_g24.jpg,data/shoulder press/shoulder press_g24.jpg,data/shoulder press/shoulder press_g24.jpg,data/shoulder press/shoulder press_g24.jpg,data/shoulder press/shoulder press_g24.jpg,data/shoulder press/shoulder press_g24.jpg,data/shoulder press/shoulder press_g24.jpg,data/shoulder press/shoulder press_g24.jpg,data/shoulder press/shoulder press_g24.jpg,data/shoulder press/shoulder press_g24.jpg,data/shoulder press/shoulder press_g24.jpg,data/shoulder press/shoulder press_g24.jpg,17
shoulder press,shoulder press|g3,train,1,,,alpha_num,data/shoulder press/shoulder press_g3.jpg,data/shoulder press/shoulder press_g3.jpg,data/shoulder press/shoulder press_g3.jpg,data/shoulder press/shoulder press_g3.jpg,data/shoulder press/shoulder press_g3.jpg,data/shoulder press/shoulder press_g3.jpg,data/shoulder press/shoulder press_g3.jpg,data/shoulder press/shoulder press_g3.jpg,data/shoulder press/shoulder press_g3.jpg,data/shoulder press/shoulder press_g3.jpg,data/shoulder press/shoulder press_g3.jpg,data/shoulder press/shoulder press_g3.jpg,data/shoulder press/shoulder press_g3.jpg,data/shoulder press/shoulder press_g3.jpg,data/shoulder press/shoulder press_g3.jpg,data/shoulder press/shoulder press_g3.jpg,17
shoulder press,shoulder press|g4,train,1,,,alpha_num,data/shoulder press/shoulder press_g4.jpg,data/shoulder press/shoulder press_g4.jpg,data/shoulder press/shoulder press_g4.jpg,data/shoulder press/shoulder press_g4.jpg,data/shoulder press/shoulder press_g4.jpg,data/shoulder press/shoulder press_g4.jpg,data/shoulder press/shoulder press_g4.jpg,data/shoulder press/shoulder press_g4.jpg,data/shoulder press/shoulder press_g4.jpg,data/shoulder press/shoulder press_g4.jpg,data/shoulder press/shoulder press_g4.jpg,data/shoulder press/shoulder press_g4.jpg,data/shoulder press/shoulder press_g4.jpg,data/shoulder press/shoulder press_g4.jpg,data/shoulder press/shoulder press_g4.jpg,data/shoulder press/shoulder press_g4.jpg,17
shoulder press,shoulder press|g5,train,1,,,alpha_num,data/shoulder press/shoulder press_g5.jpg,data/shoulder press/shoulder press_g5.jpg,data/shoulder press/shoulder press_g5.jpg,data/shoulder press/shoulder press_g5.jpg,data/shoulder press/shoulder press_g5.jpg,data/shoulder press/shoulder press_g5.jpg,data/shoulder press/shoulder press_g5.jpg,data/shoulder press/shoulder press_g5.jpg,data/shoulder press/shoulder press_g5.jpg,data/shoulder press/shoulder press_g5.jpg,data/shoulder press/shoulder press_g5.jpg,data/shoulder press/shoulder press_g5.jpg,data/shoulder press/shoulder press_g5.jpg,data/shoulder press/shoulder press_g5.jpg,data/shoulder press/shoulder press_g5.jpg,data/shoulder press/shoulder press_g5.jpg,17
shoulder press,shoulder press|g6,train,1,,,alpha_num,data/shoulder press/shoulder press_g6.jpg,data/shoulder press/shoulder press_g6.jpg,data/shoulder press/shoulder press_g6.jpg,data/shoulder press/shoulder press_g6.jpg,data/shoulder press/shoulder press_g6.jpg,data/shoulder press/shoulder press_g6.jpg,data/shoulder press/shoulder press_g6.jpg,data/shoulder press/shoulder press_g6.jpg,data/shoulder press/shoulder press_g6.jpg,data/shoulder press/shoulder press_g6.jpg,data/shoulder press/shoulder press_g6.jpg,data/shoulder press/shoulder press_g6.jpg,data/shoulder press/shoulder press_g6.jpg,data/shoulder press/shoulder press_g6.jpg,data/shoulder press/shoulder press_g6.jpg,data/shoulder press/shoulder press_g6.jpg,17
shoulder press,shoulder press|g7,train,1,,,alpha_num,data/shoulder press/shoulder press_g7.jpg,data/shoulder press/shoulder press_g7.jpg,data/shoulder press/shoulder press_g7.jpg,data/shoulder press/shoulder press_g7.jpg,data/shoulder press/shoulder press_g7.jpg,data/shoulder press/shoulder press_g7.jpg,data/shoulder press/shoulder press_g7.jpg,data/shoulder press/shoulder press_g7.jpg,data/shoulder press/shoulder press_g7.jpg,data/shoulder press/shoulder press_g7.jpg,data/shoulder press/shoulder press_g7.jpg,data/shoulder press/shoulder press_g7.jpg,data/shoulder press/shoulder press_g7.jpg,data/shoulder press/shoulder press_g7.jpg,data/shoulder press/shoulder press_g7.jpg,data/shoulder press/shoulder press_g7.jpg,17
shoulder press,shoulder press|g8,test,1,,,alpha_num,data/shoulder press/shoulder press_g8.jpg,data/shoulder press/shoulder press_g8.jpg,data/shoulder press/shoulder press_g8.jpg,data/shoulder press/shoulder press_g8.jpg,data/shoulder press/shoulder press_g8.jpg,data/shoulder press/shoulder press_g8.jpg,data/shoulder press/shoulder press_g8.jpg,data/shoulder press/shoulder press_g8.jpg,data/shoulder press/shoulder press_g8.jpg,data/shoulder press/shoulder press_g8.jpg,data/shoulder press/shoulder press_g8.jpg,data/shoulder press/shoulder press_g8.jpg,data/shoulder press/shoulder press_g8.jpg,data/shoulder press/shoulder press_g8.jpg,data/shoulder press/shoulder press_g8.jpg,data/shoulder press/shoulder press_g8.jpg,17
shoulder press,shoulder press|g9,train,1,,,alpha_num,data/shoulder press/shoulder press_g9.jpg,data/shoulder press/shoulder press_g9.jpg,data/shoulder press/shoulder press_g9.jpg,data/shoulder press/shoulder press_g9.jpg,data/shoulder press/shoulder press_g9.jpg,data/shoulder press/shoulder press_g9.jpg,data/shoulder press/shoulder press_g9.jpg,data/shoulder press/shoulder press_g9.jpg,data/shoulder press/shoulder press_g9.jpg,data/shoulder press/shoulder press_g9.jpg,data/shoulder press/shoulder press_g9.jpg,data/shoulder press/shoulder press_g9.jpg,data/shoulder press/shoulder press_g9.jpg,data/shoulder press/shoulder press_g9.jpg,data/shoulder press/shoulder press_g9.jpg,data/shoulder press/shoulder press_g9.jpg,17
shoulder press,shoulder press|num_10,train,49,11.0,491.0,numeric,data/shoulder press/shoulder press_100011.jpg,data/shoulder press/shoulder press_100041.jpg,data/shoulder press/shoulder press_100071.jpg,data/shoulder press/shoulder press_100101.jpg,data/shoulder press/shoulder press_100131.jpg,data/shoulder press/shoulder press_100171.jpg,data/shoulder press/shoulder press_100201.jpg,data/shoulder press/shoulder press_100231.jpg,data/shoulder press/shoulder press_100261.jpg,data/shoulder press/shoulder press_100291.jpg,data/shoulder press/shoulder press_100331.jpg,data/shoulder press/shoulder press_100361.jpg,data/shoulder press/shoulder press_100391.jpg,data/shoulder press/shoulder press_100421.jpg,data/shoulder press/shoulder press_100451.jpg,data/shoulder press/shoulder press_100491.jpg,17
shoulder press,shoulder press|num_100,train,36,1.0,351.0,numeric,data/shoulder press/shoulder press_1000001.jpg,data/shoulder press/shoulder press_1000021.jpg,data/shoulder press/shoulder press_1000041.jpg,data/shoulder press/shoulder press_1000071.jpg,data/shoulder press/shoulder press_1000091.jpg,data/shoulder press/shoulder press_1000111.jpg,data/shoulder press/shoulder press_1000141.jpg,data/shoulder press/shoulder press_1000161.jpg,data/shoulder press/shoulder press_1000181.jpg,data/shoulder press/shoulder press_1000211.jpg,data/shoulder press/shoulder press_1000231.jpg,data/shoulder press/shoulder press_1000251.jpg,data/shoulder press/shoulder press_1000281.jpg,data/shoulder press/shoulder press_1000301.jpg,data/shoulder press/shoulder press_1000321.jpg,data/shoulder press/shoulder press_1000351.jpg,17
shoulder press,shoulder press|num_110,train,20,1.0,191.0,numeric,data/shoulder press/shoulder press_1100001.jpg,data/shoulder press/shoulder press_1100011.jpg,data/shoulder press/shoulder press_1100021.jpg,data/shoulder press/shoulder press_1100031.jpg,data/shoulder press/shoulder press_1100051.jpg,data/shoulder press/shoulder press_1100061.jpg,data/shoulder press/shoulder press_1100071.jpg,data/shoulder press/shoulder press_1100081.jpg,data/shoulder press/shoulder press_1100101.jpg,data/shoulder press/shoulder press_1100111.jpg,data/shoulder press/shoulder press_1100121.jpg,data/shoulder press/shoulder press_1100131.jpg,data/shoulder press/shoulder press_1100151.jpg,data/shoulder press/shoulder press_1100161.jpg,data/shoulder press/shoulder press_1100171.jpg,data/shoulder press/shoulder press_1100191.jpg,17
shoulder press,shoulder press|num_120,train,27,1.0,261.0,numeric,data/shoulder press/shoulder press_1200001.jpg,data/shoulder press/shoulder press_1200011.jpg,data/shoulder press/shoulder press_1200031.jpg,data/shoulder press/shoulder press_1200051.jpg,data/shoulder press/shoulder press_1200061.jpg,data/shoulder press/shoulder press_1200081.jpg,data/shoulder press/shoulder press_1200101.jpg,data/shoulder press/shoulder press_1200121.jpg,data/shoulder press/shoulder press_1200131.jpg,data/shoulder press/shoulder press_1200151.jpg,data/shoulder press/shoulder press_1200171.jpg,data/shoulder press/shoulder press_1200191.jpg,data/shoulder press/shoulder press_1200201.jpg,data/shoulder press/shoulder press_1200221.jpg,data/shoulder press/shoulder press_1200241.jpg,data/shoulder press/shoulder press_1200261.jpg,17
shoulder press,shoulder press|num_130,train,20,1.0,191.0,numeric,data/shoulder press/shoulder press_1300001.jpg,data/shoulder press/shoulder press_1300011.jpg,data/shoulder press/shoulder press_1300021.jpg,data/shoulder press/shoulder press_1300031.jpg,data/shoulder press/shoulder press_1300051.jpg,data/shoulder press/shoulder press_1300061.jpg,data/shoulder press/shoulder press_1300071.jpg,data/shoulder press/shoulder press_1300081.jpg,data/shoulder press/shoulder press_1300101.jpg,data/shoulder press/shoulder press_1300111.jpg,data/shoulder press/shoulder press_1300121.jpg,data/shoulder press/shoulder press_1300131.jpg,data/shoulder press/shoulder press_1300151.jpg,data/shoulder press/shoulder press_1300161.jpg,data/shoulder press/shoulder press_1300171.jpg,data/shoulder press/shoulder press_1300191.jpg,17
shoulder press,shoulder press|num_140,train,19,1.0,181.0,numeric,data/shoulder press/shoulder press_1400001.jpg,data/shoulder press/shoulder press_1400011.jpg,data/shoulder press/shoulder press_1400021.jpg,data/shoulder press/shoulder press_1400031.jpg,data/shoulder press/shoulder press_1400041.jpg,data/shoulder press/shoulder press_1400061.jpg,data/shoulder press/shoulder press_1400071.jpg,data/shoulder press/shoulder press_1400081.jpg,data/shoulder press/shoulder press_1400091.jpg,data/shoulder press/shoulder press_1400101.jpg,data/shoulder press/shoulder press_1400121.jpg,data/shoulder press/shoulder press_1400131.jpg,data/shoulder press/shoulder press_1400141.jpg,data/shoulder press/shoulder press_1400151.jpg,data/shoulder press/shoulder press_1400161.jpg,data/shoulder press/shoulder press_1400181.jpg,17
shoulder press,shoulder press|num_150,train,28,1.0,271.0,numeric,data/shoulder press/shoulder press_1500001.jpg,data/shoulder press/shoulder press_1500011.jpg,data/shoulder press/shoulder press_1500031.jpg,data/shoulder press/shoulder press_1500051.jpg,data/shoulder press/shoulder press_1500071.jpg,data/shoulder press/shoulder press_1500091.jpg,data/shoulder press/shoulder press_1500101.jpg,data/shoulder press/shoulder press_1500121.jpg,data/shoulder press/shoulder press_1500141.jpg,data/shoulder press/shoulder press_1500161.jpg,data/shoulder press/shoulder press_1500181.jpg,data/shoulder press/shoulder press_1500191.jpg,data/shoulder press/shoulder press_1500211.jpg,data/shoulder press/shoulder press_1500231.jpg,data/shoulder press/shoulder press_1500251.jpg,data/shoulder press/shoulder press_1500271.jpg,17
shoulder press,shoulder press|num_160,val,32,1.0,311.0,numeric,data/shoulder press/shoulder press_1600001.jpg,data/shoulder press/shoulder press_1600021.jpg,data/shoulder press/shoulder press_1600041.jpg,data/shoulder press/shoulder press_1600061.jpg,data/shoulder press/shoulder press_1600081.jpg,data/shoulder press/shoulder press_1600101.jpg,data/shoulder press/shoulder press_1600121.jpg,data/shoulder press/shoulder press_1600141.jpg,data/shoulder press/shoulder press_1600161.jpg,data/shoulder press/shoulder press_1600181.jpg,data/shoulder press/shoulder press_1600201.jpg,data/shoulder press/shoulder press_1600221.jpg,data/shoulder press/shoulder press_1600241.jpg,data/shoulder press/shoulder press_1600261.jpg,data/shoulder press/shoulder press_1600281.jpg,data/shoulder press/shoulder press_1600311.jpg,17
shoulder press,shoulder press|num_170,train,25,1.0,241.0,numeric,data/shoulder press/shoulder press_1700001.jpg,data/shoulder press/shoulder press_1700011.jpg,data/shoulder press/shoulder press_1700031.jpg,data/shoulder press/shoulder press_1700041.jpg,data/shoulder press/shoulder press_1700061.jpg,data/shoulder press/shoulder press_1700081.jpg,data/shoulder press/shoulder press_1700091.jpg,data/shoulder press/shoulder press_1700111.jpg,data/shoulder press/shoulder press_1700121.jpg,data/shoulder press/shoulder press_1700141.jpg,data/shoulder press/shoulder press_1700161.jpg,data/shoulder press/shoulder press_1700171.jpg,data/shoulder press/shoulder press_1700191.jpg,data/shoulder press/shoulder press_1700201.jpg,data/shoulder press/shoulder press_1700221.jpg,data/shoulder press/shoulder press_1700241.jpg,17
shoulder press,shoulder press|num_20,train,37,201.0,561.0,numeric,data/shoulder press/shoulder press_200201.jpg,data/shoulder press/shoulder press_200221.jpg,data/shoulder press/shoulder press_200241.jpg,data/shoulder press/shoulder press_200271.jpg,data/shoulder press/shoulder press_200291.jpg,data/shoulder press/shoulder press_200321.jpg,data/shoulder press/shoulder press_200341.jpg,data/shoulder press/shoulder press_200361.jpg,data/shoulder press/shoulder press_200391.jpg,data/shoulder press/shoulder press_200411.jpg,data/shoulder press/shoulder press_200441.jpg,data/shoulder press/shoulder press_200461.jpg,data/shoulder press/shoulder press_200481.jpg,data/shoulder press/shoulder press_200511.jpg,data/shoulder press/shoulder press_200531.jpg,data/shoulder press/shoulder press_200561.jpg,17
shoulder press,shoulder press|num_30,train,38,21.0,391.0,numeric,data/shoulder press/shoulder press_300021.jpg,data/shoulder press/shoulder press_300041.jpg,data/shoulder press/shoulder press_300061.jpg,data/shoulder press/shoulder press_300091.jpg,data/shoulder press/shoulder press_300111.jpg,data/shoulder press/shoulder press_300141.jpg,data/shoulder press/shoulder press_300161.jpg,data/shoulder press/shoulder press_300191.jpg,data/shoulder press/shoulder press_300211.jpg,data/shoulder press/shoulder press_300241.jpg,data/shoulder press/shoulder press_300261.jpg,data/shoulder press/shoulder press_300291.jpg,data/shoulder press/shoulder press_300311.jpg,data/shoulder press/shoulder press_300341.jpg,data/shoulder press/shoulder press_300361.jpg,data/shoulder press/shoulder press_300391.jpg,17
shoulder press,shoulder press|num_40,train,41,11.0,411.0,numeric,data/shoulder press/shoulder press_400011.jpg,data/shoulder press/shoulder press_400031.jpg,data/shoulder press/shoulder press_400061.jpg,data/shoulder press/shoulder press_400091.jpg,data/shoulder press/shoulder press_400111.jpg,data/shoulder press/shoulder press_400141.jpg,data/shoulder press/shoulder press_400171.jpg,data/shoulder press/shoulder press_400191.jpg,data/shoulder press/shoulder press_400221.jpg,data/shoulder press/shoulder press_400251.jpg,data/shoulder press/shoulder press_400271.jpg,data/shoulder press/shoulder press_400301.jpg,data/shoulder press/shoulder press_400331.jpg,data/shoulder press/shoulder press_400351.jpg,data/shoulder press/shoulder press_400381.jpg,data/shoulder press/shoulder press_400411.jpg,17
shoulder press,shoulder press|num_50,val,30,1.0,291.0,numeric,data/shoulder press/shoulder press_500001.jpg,data/shoulder press/shoulder press_500011.jpg,data/shoulder press/shoulder press_500031.jpg,data/shoulder press/shoulder press_500051.jpg,data/shoulder press/shoulder press_500071.jpg,data/shoulder press/shoulder press_500091.jpg,data/shoulder press/shoulder press_500111.jpg,data/shoulder press/shoulder press_500131.jpg,data/shoulder press/shoulder press_500151.jpg,data/shoulder press/shoulder press_500171.jpg,data/shoulder press/shoulder press_500191.jpg,data/shoulder press/shoulder press_500211.jpg,data/shoulder press/shoulder press_500231.jpg,data/shoulder press/shoulder press_500251.jpg,data/shoulder press/shoulder press_500271.jpg,data/shoulder press/shoulder press_500291.jpg,17
shoulder press,shoulder press|num_60,train,16,1.0,151.0,numeric,data/shoulder press/shoulder press_600001.jpg,data/shoulder press/shoulder press_600011.jpg,data/shoulder press/shoulder press_600021.jpg,data/shoulder press/shoulder press_600031.jpg,data/shoulder press/shoulder press_600041.jpg,data/shoulder press/shoulder press_600051.jpg,data/shoulder press/shoulder press_600061.jpg,data/shoulder press/shoulder press_600071.jpg,data/shoulder press/shoulder press_600081.jpg,data/shoulder press/shoulder press_600091.jpg,data/shoulder press/shoulder press_600101.jpg,data/shoulder press/shoulder press_600111.jpg,data/shoulder press/shoulder press_600121.jpg,data/shoulder press/shoulder press_600131.jpg,data/shoulder press/shoulder press_600141.jpg,data/shoulder press/shoulder press_600151.jpg,17
shoulder press,shoulder press|num_70,train,32,1.0,311.0,numeric,data/shoulder press/shoulder press_700001.jpg,data/shoulder press/shoulder press_700021.jpg,data/shoulder press/shoulder press_700041.jpg,data/shoulder press/shoulder press_700061.jpg,data/shoulder press/shoulder press_700081.jpg,data/shoulder press/shoulder press_700101.jpg,data/shoulder press/shoulder press_700121.jpg,data/shoulder press/shoulder press_700141.jpg,data/shoulder press/shoulder press_700161.jpg,data/shoulder press/shoulder press_700181.jpg,data/shoulder press/shoulder press_700201.jpg,data/shoulder press/shoulder press_700221.jpg,data/shoulder press/shoulder press_700241.jpg,data/shoulder press/shoulder press_700261.jpg,data/shoulder press/shoulder press_700281.jpg,data/shoulder press/shoulder press_700311.jpg,17
shoulder press,shoulder press|num_80,train,11,1.0,101.0,numeric,data/shoulder press/shoulder press_800001.jpg,data/shoulder press/shoulder press_800011.jpg,data/shoulder press/shoulder press_800021.jpg,data/shoulder press/shoulder press_800031.jpg,data/shoulder press/shoulder press_800041.jpg,data/shoulder press/shoulder press_800051.jpg,data/shoulder press/shoulder press_800061.jpg,data/shoulder press/shoulder press_800071.jpg,data/shoulder press/shoulder press_800081.jpg,data/shoulder press/shoulder press_800091.jpg,data/shoulder press/shoulder press_800101.jpg,data/shoulder press/shoulder press_800101.jpg,data/shoulder press/shoulder press_800101.jpg,data/shoulder press/shoulder press_800101.jpg,data/shoulder press/shoulder press_800101.jpg,data/shoulder press/shoulder press_800101.jpg,17
shoulder press,shoulder press|num_90,train,27,1.0,261.0,numeric,data/shoulder press/shoulder press_900001.jpg,data/shoulder press/shoulder press_900011.jpg,data/shoulder press/shoulder press_900031.jpg,data/shoulder press/shoulder press_900051.jpg,data/shoulder press/shoulder press_900061.jpg,data/shoulder press/shoulder press_900081.jpg,data/shoulder press/shoulder press_900101.jpg,data/shoulder press/shoulder press_900121.jpg,data/shoulder press/shoulder press_900131.jpg,data/shoulder press/shoulder press_900151.jpg,data/shoulder press/shoulder press_900171.jpg,data/shoulder press/shoulder press_900191.jpg,data/shoulder press/shoulder press_900201.jpg,data/shoulder press/shoulder press_900221.jpg,data/shoulder press/shoulder press_900241.jpg,data/shoulder press/shoulder press_900261.jpg,17
squat,squat|num_10,train,49,41.0,521.0,numeric,data/squat/squat_100041.jpg,data/squat/squat_100071.jpg,data/squat/squat_100101.jpg,data/squat/squat_100131.jpg,data/squat/squat_100161.jpg,data/squat/squat_100201.jpg,data/squat/squat_100231.jpg,data/squat/squat_100261.jpg,data/squat/squat_100291.jpg,data/squat/squat_100321.jpg,data/squat/squat_100361.jpg,data/squat/squat_100391.jpg,data/squat/squat_100421.jpg,data/squat/squat_100451.jpg,data/squat/squat_100481.jpg,data/squat/squat_100521.jpg,18
squat,squat|num_100,train,17,1.0,161.0,numeric,data/squat/squat_1000001.jpg,data/squat/squat_1000011.jpg,data/squat/squat_1000021.jpg,data/squat/squat_1000031.jpg,data/squat/squat_1000041.jpg,data/squat/squat_1000051.jpg,data/squat/squat_1000061.jpg,data/squat/squat_1000071.jpg,data/squat/squat_1000081.jpg,data/squat/squat_1000091.jpg,data/squat/squat_1000101.jpg,data/squat/squat_1000111.jpg,data/squat/squat_1000121.jpg,data/squat/squat_1000131.jpg,data/squat/squat_1000141.jpg,data/squat/squat_1000161.jpg,18
squat,squat|num_110,train,15,1.0,141.0,numeric,data/squat/squat_1100001.jpg,data/squat/squat_1100011.jpg,data/squat/squat_1100021.jpg,data/squat/squat_1100031.jpg,data/squat/squat_1100041.jpg,data/squat/squat_1100051.jpg,data/squat/squat_1100061.jpg,data/squat/squat_1100071.jpg,data/squat/squat_1100081.jpg,data/squat/squat_1100091.jpg,data/squat/squat_1100101.jpg,data/squat/squat_1100111.jpg,data/squat/squat_1100121.jpg,data/squat/squat_1100131.jpg,data/squat/squat_1100141.jpg,data/squat/squat_1100141.jpg,18
squat,squat|num_120,train,12,1.0,111.0,numeric,data/squat/squat_1200001.jpg,data/squat/squat_1200011.jpg,data/squat/squat_1200021.jpg,data/squat/squat_1200031.jpg,data/squat/squat_1200041.jpg,data/squat/squat_1200051.jpg,data/squat/squat_1200061.jpg,data/squat/squat_1200071.jpg,data/squat/squat_1200081.jpg,data/squat/squat_1200091.jpg,data/squat/squat_1200101.jpg,data/squat/squat_1200111.jpg,data/squat/squat_1200111.jpg,data/squat/squat_1200111.jpg,data/squat/squat_1200111.jpg,data/squat/squat_1200111.jpg,18
squat,squat|num_130,train,13,1.0,121.0,numeric,data/squat/squat_1300001.jpg,data/squat/squat_1300011.jpg,data/squat/squat_1300021.jpg,data/squat/squat_1300031.jpg,data/squat/squat_1300041.jpg,data/squat/squat_1300051.jpg,data/squat/squat_1300061.jpg,data/squat/squat_1300071.jpg,data/squat/squat_1300081.jpg,data/squat/squat_1300091.jpg,data/squat/squat_1300101.jpg,data/squat/squat_1300111.jpg,data/squat/squat_1300121.jpg,data/squat/squat_1300121.jpg,data/squat/squat_1300121.jpg,data/squat/squat_1300121.jpg,18
squat,squat|num_140,train,11,1.0,101.0,numeric,data/squat/squat_1400001.jpg,data/squat/squat_1400011.jpg,data/squat/squat_1400021.jpg,data/squat/squat_1400031.jpg,data/squat/squat_1400041.jpg,data/squat/squat_1400051.jpg,data/squat/squat_1400061.jpg,data/squat/squat_1400071.jpg,data/squat/squat_1400081.jpg,data/squat/squat_1400091.jpg,data/squat/squat_1400101.jpg,data/squat/squat_1400101.jpg,data/squat/squat_1400101.jpg,data/squat/squat_1400101.jpg,data/squat/squat_1400101.jpg,data/squat/squat_1400101.jpg,18
squat,squat|num_150,train,28,1.0,271.0,numeric,data/squat/squat_1500001.jpg,data/squat/squat_1500011.jpg,data/squat/squat_1500031.jpg,data/squat/squat_1500051.jpg,data/squat/squat_1500071.jpg,data/squat/squat_1500091.jpg,data/squat/squat_1500101.jpg,data/squat/squat_1500121.jpg,data/squat/squat_1500141.jpg,data/squat/squat_1500161.jpg,data/squat/squat_1500181.jpg,data/squat/squat_1500191.jpg,data/squat/squat_1500211.jpg,data/squat/squat_1500231.jpg,data/squat/squat_1500251.jpg,data/squat/squat_1500271.jpg,18
squat,squat|num_160,train,5,1.0,41.0,numeric,data/squat/squat_1600001.jpg,data/squat/squat_1600011.jpg,data/squat/squat_1600021.jpg,data/squat/squat_1600031.jpg,data/squat/squat_1600041.jpg,data/squat/squat_1600041.jpg,data/squat/squat_1600041.jpg,data/squat/squat_1600041.jpg,data/squat/squat_1600041.jpg,data/squat/squat_1600041.jpg,data/squat/squat_1600041.jpg,data/squat/squat_1600041.jpg,data/squat/squat_1600041.jpg,data/squat/squat_1600041.jpg,data/squat/squat_1600041.jpg,data/squat/squat_1600041.jpg,18
squat,squat|num_170,train,11,1.0,101.0,numeric,data/squat/squat_1700001.jpg,data/squat/squat_1700011.jpg,data/squat/squat_1700021.jpg,data/squat/squat_1700031.jpg,data/squat/squat_1700041.jpg,data/squat/squat_1700051.jpg,data/squat/squat_1700061.jpg,data/squat/squat_1700071.jpg,data/squat/squat_1700081.jpg,data/squat/squat_1700091.jpg,data/squat/squat_1700101.jpg,data/squat/squat_1700101.jpg,data/squat/squat_1700101.jpg,data/squat/squat_1700101.jpg,data/squat/squat_1700101.jpg,data/squat/squat_1700101.jpg,18
squat,squat|num_180,train,10,1.0,91.0,numeric,data/squat/squat_1800001.jpg,data/squat/squat_1800011.jpg,data/squat/squat_1800021.jpg,data/squat/squat_1800031.jpg,data/squat/squat_1800041.jpg,data/squat/squat_1800051.jpg,data/squat/squat_1800061.jpg,data/squat/squat_1800071.jpg,data/squat/squat_1800081.jpg,data/squat/squat_1800091.jpg,data/squat/squat_1800091.jpg,data/squat/squat_1800091.jpg,data/squat/squat_1800091.jpg,data/squat/squat_1800091.jpg,data/squat/squat_1800091.jpg,data/squat/squat_1800091.jpg,18
squat,squat|num_190,train,15,1.0,141.0,numeric,data/squat/squat_1900001.jpg,data/squat/squat_1900011.jpg,data/squat/squat_1900021.jpg,data/squat/squat_1900031.jpg,data/squat/squat_1900041.jpg,data/squat/squat_1900051.jpg,data/squat/squat_1900061.jpg,data/squat/squat_1900071.jpg,data/squat/squat_1900081.jpg,data/squat/squat_1900091.jpg,data/squat/squat_1900101.jpg,data/squat/squat_1900111.jpg,data/squat/squat_1900121.jpg,data/squat/squat_1900131.jpg,data/squat/squat_1900141.jpg,data/squat/squat_1900141.jpg,18
squat,squat|num_20,train,33,1.0,321.0,numeric,data/squat/squat_200001.jpg,data/squat/squat_200021.jpg,data/squat/squat_200041.jpg,data/squat/squat_200061.jpg,data/squat/squat_200081.jpg,data/squat/squat_200101.jpg,data/squat/squat_200121.jpg,data/squat/squat_200141.jpg,data/squat/squat_200171.jpg,data/squat/squat_200191.jpg,data/squat/squat_200211.jpg,data/squat/squat_200231.jpg,data/squat/squat_200251.jpg,data/squat/squat_200271.jpg,data/squat/squat_200291.jpg,data/squat/squat_200321.jpg,18
squat,squat|num_200,train,24,1.0,231.0,numeric,data/squat/squat_2000001.jpg,data/squat/squat_2000011.jpg,data/squat/squat_2000031.jpg,data/squat/squat_2000041.jpg,data/squat/squat_2000061.jpg,data/squat/squat_2000071.jpg,data/squat/squat_2000091.jpg,data/squat/squat_2000101.jpg,data/squat/squat_2000121.jpg,data/squat/squat_2000131.jpg,data/squat/squat_2000151.jpg,data/squat/squat_2000161.jpg,data/squat/squat_2000181.jpg,data/squat/squat_2000191.jpg,data/squat/squat_2000211.jpg,data/squat/squat_2000231.jpg,18
squat,squat|num_210,train,35,1.0,341.0,numeric,data/squat/squat_2100001.jpg,data/squat/squat_2100021.jpg,data/squat/squat_2100041.jpg,data/squat/squat_2100061.jpg,data/squat/squat_2100091.jpg,data/squat/squat_2100111.jpg,data/squat/squat_2100131.jpg,data/squat/squat_2100151.jpg,data/squat/squat_2100181.jpg,data/squat/squat_2100201.jpg,data/squat/squat_2100221.jpg,data/squat/squat_2100241.jpg,data/squat/squat_2100271.jpg,data/squat/squat_2100291.jpg,data/squat/squat_2100311.jpg,data/squat/squat_2100341.jpg,18
squat,squat|num_220,train,38,1.0,371.0,numeric,data/squat/squat_2200001.jpg,data/squat/squat_2200021.jpg,data/squat/squat_2200041.jpg,data/squat/squat_2200071.jpg,data/squat/squat_2200091.jpg,data/squat/squat_2200121.jpg,data/squat/squat_2200141.jpg,data/squat/squat_2200171.jpg,data/squat/squat_2200191.jpg,data/squat/squat_2200221.jpg,data/squat/squat_2200241.jpg,data/squat/squat_2200271.jpg,data/squat/squat_2200291.jpg,data/squat/squat_2200321.jpg,data/squat/squat_2200341.jpg,data/squat/squat_2200371.jpg,18
squat,squat|num_230,train,43,1.0,421.0,numeric,data/squat/squat_2300001.jpg,data/squat/squat_2300021.jpg,data/squat/squat_2300051.jpg,data/squat/squat_2300081.jpg,data/squat/squat_2300111.jpg,data/squat/squat_2300141.jpg,data/squat/squat_2300161.jpg,data/squat/squat_2300191.jpg,data/squat/squat_2300221.jpg,data/squat/squat_2300251.jpg,data/squat/squat_2300281.jpg,data/squat/squat_2300301.jpg,data/squat/squat_2300331.jpg,data/squat/squat_2300361.jpg,data/squat/squat_2300391.jpg,data/squat/squat_2300421.jpg,18
squat,squat|num_240,train,20,1.0,191.0,numeric,data/squat/squat_2400001.jpg,data/squat/squat_2400011.jpg,data/squat/squat_2400021.jpg,data/squat/squat_2400031.jpg,data/squat/squat_2400051.jpg,data/squat/squat_2400061.jpg,data/squat/squat_2400071.jpg,data/squat/squat_2400081.jpg,data/squat/squat_2400101.jpg,data/squat/squat_2400111.jpg,data/squat/squat_2400121.jpg,data/squat/squat_2400131.jpg,data/squat/squat_2400151.jpg,data/squat/squat_2400161.jpg,data/squat/squat_2400171.jpg,data/squat/squat_2400191.jpg,18
squat,squat|num_250,test,34,1.0,331.0,numeric,data/squat/squat_2500001.jpg,data/squat/squat_2500021.jpg,data/squat/squat_2500041.jpg,data/squat/squat_2500061.jpg,data/squat/squat_2500081.jpg,data/squat/squat_2500111.jpg,data/squat/squat_2500131.jpg,data/squat/squat_2500151.jpg,data/squat/squat_2500171.jpg,data/squat/squat_2500191.jpg,data/squat/squat_2500221.jpg,data/squat/squat_2500241.jpg,data/squat/squat_2500261.jpg,data/squat/squat_2500281.jpg,data/squat/squat_2500301.jpg,data/squat/squat_2500331.jpg,18
squat,squat|num_260,train,37,1.0,361.0,numeric,data/squat/squat_2600001.jpg,data/squat/squat_2600021.jpg,data/squat/squat_2600041.jpg,data/squat/squat_2600071.jpg,data/squat/squat_2600091.jpg,data/squat/squat_2600121.jpg,data/squat/squat_2600141.jpg,data/squat/squat_2600161.jpg,data/squat/squat_2600191.jpg,data/squat/squat_2600211.jpg,data/squat/squat_2600241.jpg,data/squat/squat_2600261.jpg,data/squat/squat_2600281.jpg,data/squat/squat_2600311.jpg,data/squat/squat_2600331.jpg,data/squat/squat_2600361.jpg,18
squat,squat|num_270,train,64,1.0,631.0,numeric,data/squat/squat_2700001.jpg,data/squat/squat_2700041.jpg,data/squat/squat_2700081.jpg,data/squat/squat_2700121.jpg,data/squat/squat_2700161.jpg,data/squat/squat_2700211.jpg,data/squat/squat_2700251.jpg,data/squat/squat_2700291.jpg,data/squat/squat_2700331.jpg,data/squat/squat_2700371.jpg,data/squat/squat_2700421.jpg,data/squat/squat_2700461.jpg,data/squat/squat_2700501.jpg,data/squat/squat_2700541.jpg,data/squat/squat_2700581.jpg,data/squat/squat_2700631.jpg,18
squat,squat|num_280,train,38,1.0,371.0,numeric,data/squat/squat_2800001.jpg,data/squat/squat_2800021.jpg,data/squat/squat_2800041.jpg,data/squat/squat_2800071.jpg,data/squat/squat_2800091.jpg,data/squat/squat_2800121.jpg,data/squat/squat_2800141.jpg,data/squat/squat_2800171.jpg,data/squat/squat_2800191.jpg,data/squat/squat_2800221.jpg,data/squat/squat_2800241.jpg,data/squat/squat_2800271.jpg,data/squat/squat_2800291.jpg,data/squat/squat_2800321.jpg,data/squat/squat_2800341.jpg,data/squat/squat_2800371.jpg,18
squat,squat|num_290,train,6,1.0,51.0,numeric,data/squat/squat_2900001.jpg,data/squat/squat_2900011.jpg,data/squat/squat_2900021.jpg,data/squat/squat_2900031.jpg,data/squat/squat_2900041.jpg,data/squat/squat_2900051.jpg,data/squat/squat_2900051.jpg,data/squat/squat_2900051.jpg,data/squat/squat_2900051.jpg,data/squat/squat_2900051.jpg,data/squat/squat_2900051.jpg,data/squat/squat_2900051.jpg,data/squat/squat_2900051.jpg,data/squat/squat_2900051.jpg,data/squat/squat_2900051.jpg,data/squat/squat_2900051.jpg,18
squat,squat|num_30,train,48,91.0,561.0,numeric,data/squat/squat_300091.jpg,data/squat/squat_300121.jpg,data/squat/squat_300151.jpg,data/squat/squat_300181.jpg,data/squat/squat_300211.jpg,data/squat/squat_300241.jpg,data/squat/squat_300271.jpg,data/squat/squat_300301.jpg,data/squat/squat_300341.jpg,data/squat/squat_300371.jpg,data/squat/squat_300401.jpg,data/squat/squat_300431.jpg,data/squat/squat_300461.jpg,data/squat/squat_300491.jpg,data/squat/squat_300521.jpg,data/squat/squat_300561.jpg,18
squat,squat|num_40,val,34,161.0,491.0,numeric,data/squat/squat_400161.jpg,data/squat/squat_400181.jpg,data/squat/squat_400201.jpg,data/squat/squat_400221.jpg,data/squat/squat_400241.jpg,data/squat/squat_400271.jpg,data/squat/squat_400291.jpg,data/squat/squat_400311.jpg,data/squat/squat_400331.jpg,data/squat/squat_400351.jpg,data/squat/squat_400381.jpg,data/squat/squat_400401.jpg,data/squat/squat_400421.jpg,data/squat/squat_400441.jpg,data/squat/squat_400461.jpg,data/squat/squat_400491.jpg,18
squat,squat|num_50,val,37,211.0,571.0,numeric,data/squat/squat_500211.jpg,data/squat/squat_500231.jpg,data/squat/squat_500251.jpg,data/squat/squat_500281.jpg,data/squat/squat_500301.jpg,data/squat/squat_500331.jpg,data/squat/squat_500351.jpg,data/squat/squat_500371.jpg,data/squat/squat_500401.jpg,data/squat/squat_500421.jpg,data/squat/squat_500451.jpg,data/squat/squat_500471.jpg,data/squat/squat_500491.jpg,data/squat/squat_500521.jpg,data/squat/squat_500541.jpg,data/squat/squat_500571.jpg,18
squat,squat|num_60,train,41,121.0,531.0,numeric,data/squat/squat_600121.jpg,data/squat/squat_600151.jpg,data/squat/squat_600181.jpg,data/squat/squat_600211.jpg,data/squat/squat_600231.jpg,data/squat/squat_600261.jpg,data/squat/squat_600291.jpg,data/squat/squat_600311.jpg,data/squat/squat_600341.jpg,data/squat/squat_600371.jpg,data/squat/squat_600391.jpg,data/squat/squat_600421.jpg,data/squat/squat_600451.jpg,data/squat/squat_600471.jpg,data/squat/squat_600501.jpg,data/squat/squat_600531.jpg,18
squat,squat|num_70,train,6,1.0,51.0,numeric,data/squat/squat_700001.jpg,data/squat/squat_700011.jpg,data/squat/squat_700021.jpg,data/squat/squat_700031.jpg,data/squat/squat_700041.jpg,data/squat/squat_700051.jpg,data/squat/squat_700051.jpg,data/squat/squat_700051.jpg,data/squat/squat_700051.jpg,data/squat/squat_700051.jpg,data/squat/squat_700051.jpg,data/squat/squat_700051.jpg,data/squat/squat_700051.jpg,data/squat/squat_700051.jpg,data/squat/squat_700051.jpg,data/squat/squat_700051.jpg,18
squat,squat|num_80,train,11,1.0,101.0,numeric,data/squat/squat_800001.jpg,data/squat/squat_800011.jpg,data/squat/squat_800021.jpg,data/squat/squat_800031.jpg,data/squat/squat_800041.jpg,data/squat/squat_800051.jpg,data/squat/squat_800061.jpg,data/squat/squat_800071.jpg,data/squat/squat_800081.jpg,data/squat/squat_800091.jpg,data/squat/squat_800101.jpg,data/squat/squat_800101.jpg,data/squat/squat_800101.jpg,data/squat/squat_800101.jpg,data/squat/squat_800101.jpg,data/squat/squat_800101.jpg,18
squat,squat|num_90,train,7,1.0,61.0,numeric,data/squat/squat_900001.jpg,data/squat/squat_900011.jpg,data/squat/squat_900021.jpg,data/squat/squat_900031.jpg,data/squat/squat_900041.jpg,data/squat/squat_900051.jpg,data/squat/squat_900061.jpg,data/squat/squat_900061.jpg,data/squat/squat_900061.jpg,data/squat/squat_900061.jpg,data/squat/squat_900061.jpg,data/squat/squat_900061.jpg,data/squat/squat_900061.jpg,data/squat/squat_900061.jpg,data/squat/squat_900061.jpg,data/squat/squat_900061.jpg,18
t bar row,t bar row|g1,train,1,,,alpha_num,data/t bar row/t bar row_g1.jpg,data/t bar row/t bar row_g1.jpg,data/t bar row/t bar row_g1.jpg,data/t bar row/t bar row_g1.jpg,data/t bar row/t bar row_g1.jpg,data/t bar row/t bar row_g1.jpg,data/t bar row/t bar row_g1.jpg,data/t bar row/t bar row_g1.jpg,data/t bar row/t bar row_g1.jpg,data/t bar row/t bar row_g1.jpg,data/t bar row/t bar row_g1.jpg,data/t bar row/t bar row_g1.jpg,data/t bar row/t bar row_g1.jpg,data/t bar row/t bar row_g1.jpg,data/t bar row/t bar row_g1.jpg,data/t bar row/t bar row_g1.jpg,19
t bar row,t bar row|g10,train,1,,,alpha_num,data/t bar row/t bar row_g10.jpg,data/t bar row/t bar row_g10.jpg,data/t bar row/t bar row_g10.jpg,data/t bar row/t bar row_g10.jpg,data/t bar row/t bar row_g10.jpg,data/t bar row/t bar row_g10.jpg,data/t bar row/t bar row_g10.jpg,data/t bar row/t bar row_g10.jpg,data/t bar row/t bar row_g10.jpg,data/t bar row/t bar row_g10.jpg,data/t bar row/t bar row_g10.jpg,data/t bar row/t bar row_g10.jpg,data/t bar row/t bar row_g10.jpg,data/t bar row/t bar row_g10.jpg,data/t bar row/t bar row_g10.jpg,data/t bar row/t bar row_g10.jpg,19
t bar row,t bar row|g11,train,1,,,alpha_num,data/t bar row/t bar row_g11.jpg,data/t bar row/t bar row_g11.jpg,data/t bar row/t bar row_g11.jpg,data/t bar row/t bar row_g11.jpg,data/t bar row/t bar row_g11.jpg,data/t bar row/t bar row_g11.jpg,data/t bar row/t bar row_g11.jpg,data/t bar row/t bar row_g11.jpg,data/t bar row/t bar row_g11.jpg,data/t bar row/t bar row_g11.jpg,data/t bar row/t bar row_g11.jpg,data/t bar row/t bar row_g11.jpg,data/t bar row/t bar row_g11.jpg,data/t bar row/t bar row_g11.jpg,data/t bar row/t bar row_g11.jpg,data/t bar row/t bar row_g11.jpg,19
t bar row,t bar row|g12,train,1,,,alpha_num,data/t bar row/t bar row_g12.jpg,data/t bar row/t bar row_g12.jpg,data/t bar row/t bar row_g12.jpg,data/t bar row/t bar row_g12.jpg,data/t bar row/t bar row_g12.jpg,data/t bar row/t bar row_g12.jpg,data/t bar row/t bar row_g12.jpg,data/t bar row/t bar row_g12.jpg,data/t bar row/t bar row_g12.jpg,data/t bar row/t bar row_g12.jpg,data/t bar row/t bar row_g12.jpg,data/t bar row/t bar row_g12.jpg,data/t bar row/t bar row_g12.jpg,data/t bar row/t bar row_g12.jpg,data/t bar row/t bar row_g12.jpg,data/t bar row/t bar row_g12.jpg,19
t bar row,t bar row|g13,train,1,,,alpha_num,data/t bar row/t bar row_g13.jpg,data/t bar row/t bar row_g13.jpg,data/t bar row/t bar row_g13.jpg,data/t bar row/t bar row_g13.jpg,data/t bar row/t bar row_g13.jpg,data/t bar row/t bar row_g13.jpg,data/t bar row/t bar row_g13.jpg,data/t bar row/t bar row_g13.jpg,data/t bar row/t bar row_g13.jpg,data/t bar row/t bar row_g13.jpg,data/t bar row/t bar row_g13.jpg,data/t bar row/t bar row_g13.jpg,data/t bar row/t bar row_g13.jpg,data/t bar row/t bar row_g13.jpg,data/t bar row/t bar row_g13.jpg,data/t bar row/t bar row_g13.jpg,19
t bar row,t bar row|g14,train,1,,,alpha_num,data/t bar row/t bar row_g14.jpg,data/t bar row/t bar row_g14.jpg,data/t bar row/t bar row_g14.jpg,data/t bar row/t bar row_g14.jpg,data/t bar row/t bar row_g14.jpg,data/t bar row/t bar row_g14.jpg,data/t bar row/t bar row_g14.jpg,data/t bar row/t bar row_g14.jpg,data/t bar row/t bar row_g14.jpg,data/t bar row/t bar row_g14.jpg,data/t bar row/t bar row_g14.jpg,data/t bar row/t bar row_g14.jpg,data/t bar row/t bar row_g14.jpg,data/t bar row/t bar row_g14.jpg,data/t bar row/t bar row_g14.jpg,data/t bar row/t bar row_g14.jpg,19
t bar row,t bar row|g15,train,1,,,alpha_num,data/t bar row/t bar row_g15.jpg,data/t bar row/t bar row_g15.jpg,data/t bar row/t bar row_g15.jpg,data/t bar row/t bar row_g15.jpg,data/t bar row/t bar row_g15.jpg,data/t bar row/t bar row_g15.jpg,data/t bar row/t bar row_g15.jpg,data/t bar row/t bar row_g15.jpg,data/t bar row/t bar row_g15.jpg,data/t bar row/t bar row_g15.jpg,data/t bar row/t bar row_g15.jpg,data/t bar row/t bar row_g15.jpg,data/t bar row/t bar row_g15.jpg,data/t bar row/t bar row_g15.jpg,data/t bar row/t bar row_g15.jpg,data/t bar row/t bar row_g15.jpg,19
t bar row,t bar row|g16,train,1,,,alpha_num,data/t bar row/t bar row_g16.jpg,data/t bar row/t bar row_g16.jpg,data/t bar row/t bar row_g16.jpg,data/t bar row/t bar row_g16.jpg,data/t bar row/t bar row_g16.jpg,data/t bar row/t bar row_g16.jpg,data/t bar row/t bar row_g16.jpg,data/t bar row/t bar row_g16.jpg,data/t bar row/t bar row_g16.jpg,data/t bar row/t bar row_g16.jpg,data/t bar row/t bar row_g16.jpg,data/t bar row/t bar row_g16.jpg,data/t bar row/t bar row_g16.jpg,data/t bar row/t bar row_g16.jpg,data/t bar row/t bar row_g16.jpg,data/t bar row/t bar row_g16.jpg,19
t bar row,t bar row|g17,train,1,,,alpha_num,data/t bar row/t bar row_g17.jpg,data/t bar row/t bar row_g17.jpg,data/t bar row/t bar row_g17.jpg,data/t bar row/t bar row_g17.jpg,data/t bar row/t bar row_g17.jpg,data/t bar row/t bar row_g17.jpg,data/t bar row/t bar row_g17.jpg,data/t bar row/t bar row_g17.jpg,data/t bar row/t bar row_g17.jpg,data/t bar row/t bar row_g17.jpg,data/t bar row/t bar row_g17.jpg,data/t bar row/t bar row_g17.jpg,data/t bar row/t bar row_g17.jpg,data/t bar row/t bar row_g17.jpg,data/t bar row/t bar row_g17.jpg,data/t bar row/t bar row_g17.jpg,19
t bar row,t bar row|g18,train,1,,,alpha_num,data/t bar row/t bar row_g18.jpg,data/t bar row/t bar row_g18.jpg,data/t bar row/t bar row_g18.jpg,data/t bar row/t bar row_g18.jpg,data/t bar row/t bar row_g18.jpg,data/t bar row/t bar row_g18.jpg,data/t bar row/t bar row_g18.jpg,data/t bar row/t bar row_g18.jpg,data/t bar row/t bar row_g18.jpg,data/t bar row/t bar row_g18.jpg,data/t bar row/t bar row_g18.jpg,data/t bar row/t bar row_g18.jpg,data/t bar row/t bar row_g18.jpg,data/t bar row/t bar row_g18.jpg,data/t bar row/t bar row_g18.jpg,data/t bar row/t bar row_g18.jpg,19
t bar row,t bar row|g19,train,1,,,alpha_num,data/t bar row/t bar row_g19.jpg,data/t bar row/t bar row_g19.jpg,data/t bar row/t bar row_g19.jpg,data/t bar row/t bar row_g19.jpg,data/t bar row/t bar row_g19.jpg,data/t bar row/t bar row_g19.jpg,data/t bar row/t bar row_g19.jpg,data/t bar row/t bar row_g19.jpg,data/t bar row/t bar row_g19.jpg,data/t bar row/t bar row_g19.jpg,data/t bar row/t bar row_g19.jpg,data/t bar row/t bar row_g19.jpg,data/t bar row/t bar row_g19.jpg,data/t bar row/t bar row_g19.jpg,data/t bar row/t bar row_g19.jpg,data/t bar row/t bar row_g19.jpg,19
t bar row,t bar row|g2,train,1,,,alpha_num,data/t bar row/t bar row_g2.jpg,data/t bar row/t bar row_g2.jpg,data/t bar row/t bar row_g2.jpg,data/t bar row/t bar row_g2.jpg,data/t bar row/t bar row_g2.jpg,data/t bar row/t bar row_g2.jpg,data/t bar row/t bar row_g2.jpg,data/t bar row/t bar row_g2.jpg,data/t bar row/t bar row_g2.jpg,data/t bar row/t bar row_g2.jpg,data/t bar row/t bar row_g2.jpg,data/t bar row/t bar row_g2.jpg,data/t bar row/t bar row_g2.jpg,data/t bar row/t bar row_g2.jpg,data/t bar row/t bar row_g2.jpg,data/t bar row/t bar row_g2.jpg,19
t bar row,t bar row|g20,train,1,,,alpha_num,data/t bar row/t bar row_g20.jpg,data/t bar row/t bar row_g20.jpg,data/t bar row/t bar row_g20.jpg,data/t bar row/t bar row_g20.jpg,data/t bar row/t bar row_g20.jpg,data/t bar row/t bar row_g20.jpg,data/t bar row/t bar row_g20.jpg,data/t bar row/t bar row_g20.jpg,data/t bar row/t bar row_g20.jpg,data/t bar row/t bar row_g20.jpg,data/t bar row/t bar row_g20.jpg,data/t bar row/t bar row_g20.jpg,data/t bar row/t bar row_g20.jpg,data/t bar row/t bar row_g20.jpg,data/t bar row/t bar row_g20.jpg,data/t bar row/t bar row_g20.jpg,19
t bar row,t bar row|g21,train,1,,,alpha_num,data/t bar row/t bar row_g21.jpg,data/t bar row/t bar row_g21.jpg,data/t bar row/t bar row_g21.jpg,data/t bar row/t bar row_g21.jpg,data/t bar row/t bar row_g21.jpg,data/t bar row/t bar row_g21.jpg,data/t bar row/t bar row_g21.jpg,data/t bar row/t bar row_g21.jpg,data/t bar row/t bar row_g21.jpg,data/t bar row/t bar row_g21.jpg,data/t bar row/t bar row_g21.jpg,data/t bar row/t bar row_g21.jpg,data/t bar row/t bar row_g21.jpg,data/t bar row/t bar row_g21.jpg,data/t bar row/t bar row_g21.jpg,data/t bar row/t bar row_g21.jpg,19
t bar row,t bar row|g3,train,1,,,alpha_num,data/t bar row/t bar row_g3.jpg,data/t bar row/t bar row_g3.jpg,data/t bar row/t bar row_g3.jpg,data/t bar row/t bar row_g3.jpg,data/t bar row/t bar row_g3.jpg,data/t bar row/t bar row_g3.jpg,data/t bar row/t bar row_g3.jpg,data/t bar row/t bar row_g3.jpg,data/t bar row/t bar row_g3.jpg,data/t bar row/t bar row_g3.jpg,data/t bar row/t bar row_g3.jpg,data/t bar row/t bar row_g3.jpg,data/t bar row/t bar row_g3.jpg,data/t bar row/t bar row_g3.jpg,data/t bar row/t bar row_g3.jpg,data/t bar row/t bar row_g3.jpg,19
t bar row,t bar row|g4,train,1,,,alpha_num,data/t bar row/t bar row_g4.jpg,data/t bar row/t bar row_g4.jpg,data/t bar row/t bar row_g4.jpg,data/t bar row/t bar row_g4.jpg,data/t bar row/t bar row_g4.jpg,data/t bar row/t bar row_g4.jpg,data/t bar row/t bar row_g4.jpg,data/t bar row/t bar row_g4.jpg,data/t bar row/t bar row_g4.jpg,data/t bar row/t bar row_g4.jpg,data/t bar row/t bar row_g4.jpg,data/t bar row/t bar row_g4.jpg,data/t bar row/t bar row_g4.jpg,data/t bar row/t bar row_g4.jpg,data/t bar row/t bar row_g4.jpg,data/t bar row/t bar row_g4.jpg,19
t bar row,t bar row|g5,val,1,,,alpha_num,data/t bar row/t bar row_g5.jpg,data/t bar row/t bar row_g5.jpg,data/t bar row/t bar row_g5.jpg,data/t bar row/t bar row_g5.jpg,data/t bar row/t bar row_g5.jpg,data/t bar row/t bar row_g5.jpg,data/t bar row/t bar row_g5.jpg,data/t bar row/t bar row_g5.jpg,data/t bar row/t bar row_g5.jpg,data/t bar row/t bar row_g5.jpg,data/t bar row/t bar row_g5.jpg,data/t bar row/t bar row_g5.jpg,data/t bar row/t bar row_g5.jpg,data/t bar row/t bar row_g5.jpg,data/t bar row/t bar row_g5.jpg,data/t bar row/t bar row_g5.jpg,19
t bar row,t bar row|g6,train,1,,,alpha_num,data/t bar row/t bar row_g6.jpg,data/t bar row/t bar row_g6.jpg,data/t bar row/t bar row_g6.jpg,data/t bar row/t bar row_g6.jpg,data/t bar row/t bar row_g6.jpg,data/t bar row/t bar row_g6.jpg,data/t bar row/t bar row_g6.jpg,data/t bar row/t bar row_g6.jpg,data/t bar row/t bar row_g6.jpg,data/t bar row/t bar row_g6.jpg,data/t bar row/t bar row_g6.jpg,data/t bar row/t bar row_g6.jpg,data/t bar row/t bar row_g6.jpg,data/t bar row/t bar row_g6.jpg,data/t bar row/t bar row_g6.jpg,data/t bar row/t bar row_g6.jpg,19
t bar row,t bar row|g7,train,1,,,alpha_num,data/t bar row/t bar row_g7.jpg,data/t bar row/t bar row_g7.jpg,data/t bar row/t bar row_g7.jpg,data/t bar row/t bar row_g7.jpg,data/t bar row/t bar row_g7.jpg,data/t bar row/t bar row_g7.jpg,data/t bar row/t bar row_g7.jpg,data/t bar row/t bar row_g7.jpg,data/t bar row/t bar row_g7.jpg,data/t bar row/t bar row_g7.jpg,data/t bar row/t bar row_g7.jpg,data/t bar row/t bar row_g7.jpg,data/t bar row/t bar row_g7.jpg,data/t bar row/t bar row_g7.jpg,data/t bar row/t bar row_g7.jpg,data/t bar row/t bar row_g7.jpg,19
t bar row,t bar row|g8,train,1,,,alpha_num,data/t bar row/t bar row_g8.jpg,data/t bar row/t bar row_g8.jpg,data/t bar row/t bar row_g8.jpg,data/t bar row/t bar row_g8.jpg,data/t bar row/t bar row_g8.jpg,data/t bar row/t bar row_g8.jpg,data/t bar row/t bar row_g8.jpg,data/t bar row/t bar row_g8.jpg,data/t bar row/t bar row_g8.jpg,data/t bar row/t bar row_g8.jpg,data/t bar row/t bar row_g8.jpg,data/t bar row/t bar row_g8.jpg,data/t bar row/t bar row_g8.jpg,data/t bar row/t bar row_g8.jpg,data/t bar row/t bar row_g8.jpg,data/t bar row/t bar row_g8.jpg,19
t bar row,t bar row|g9,train,1,,,alpha_num,data/t bar row/t bar row_g9.jpg,data/t bar row/t bar row_g9.jpg,data/t bar row/t bar row_g9.jpg,data/t bar row/t bar row_g9.jpg,data/t bar row/t bar row_g9.jpg,data/t bar row/t bar row_g9.jpg,data/t bar row/t bar row_g9.jpg,data/t bar row/t bar row_g9.jpg,data/t bar row/t bar row_g9.jpg,data/t bar row/t bar row_g9.jpg,data/t bar row/t bar row_g9.jpg,data/t bar row/t bar row_g9.jpg,data/t bar row/t bar row_g9.jpg,data/t bar row/t bar row_g9.jpg,data/t bar row/t bar row_g9.jpg,data/t bar row/t bar row_g9.jpg,19
t bar row,t bar row|num_10,val,25,1.0,291.0,numeric,data/t bar row/t bar row_100001.jpg,data/t bar row/t bar row_100011.jpg,data/t bar row/t bar row_100031.jpg,data/t bar row/t bar row_100041.jpg,data/t bar row/t bar row_100061.jpg,data/t bar row/t bar row_100081.jpg,data/t bar row/t bar row_100091.jpg,data/t bar row/t bar row_100161.jpg,data/t bar row/t bar row_100171.jpg,data/t bar row/t bar row_100191.jpg,data/t bar row/t bar row_100211.jpg,data/t bar row/t bar row_100221.jpg,data/t bar row/t bar row_100241.jpg,data/t bar row/t bar row_100251.jpg,data/t bar row/t bar row_100271.jpg,data/t bar row/t bar row_100291.jpg,19
t bar row,t bar row|num_100,train,13,1.0,121.0,numeric,data/t bar row/t bar row_1000001.jpg,data/t bar row/t bar row_1000011.jpg,data/t bar row/t bar row_1000021.jpg,data/t bar row/t bar row_1000031.jpg,data/t bar row/t bar row_1000041.jpg,data/t bar row/t bar row_1000051.jpg,data/t bar row/t bar row_1000061.jpg,data/t bar row/t bar row_1000071.jpg,data/t bar row/t bar row_1000081.jpg,data/t bar row/t bar row_1000091.jpg,data/t bar row/t bar row_1000101.jpg,data/t bar row/t bar row_1000111.jpg,data/t bar row/t bar row_1000121.jpg,data/t bar row/t bar row_1000121.jpg,data/t bar row/t bar row_1000121.jpg,data/t bar row/t bar row_1000121.jpg,19
t bar row,t bar row|num_110,train,13,1.0,121.0,numeric,data/t bar row/t bar row_1100001.jpg,data/t bar row/t bar row_1100011.jpg,data/t bar row/t bar row_1100021.jpg,data/t bar row/t bar row_1100031.jpg,data/t bar row/t bar row_1100041.jpg,data/t bar row/t bar row_1100051.jpg,data/t bar row/t bar row_1100061.jpg,data/t bar row/t bar row_1100071.jpg,data/t bar row/t bar row_1100081.jpg,data/t bar row/t bar row_1100091.jpg,data/t bar row/t bar row_1100101.jpg,data/t bar row/t bar row_1100111.jpg,data/t bar row/t bar row_1100121.jpg,data/t bar row/t bar row_1100121.jpg,data/t bar row/t bar row_1100121.jpg,data/t bar row/t bar row_1100121.jpg,19
t bar row,t bar row|num_120,train,23,1.0,221.0,numeric,data/t bar row/t bar row_1200001.jpg,data/t bar row/t bar row_1200011.jpg,data/t bar row/t bar row_1200021.jpg,data/t bar row/t bar row_1200041.jpg,data/t bar row/t bar row_1200051.jpg,data/t bar row/t bar row_1200071.jpg,data/t bar row/t bar row_1200081.jpg,data/t bar row/t bar row_1200101.jpg,data/t bar row/t bar row_1200111.jpg,data/t bar row/t bar row_1200131.jpg,data/t bar row/t bar row_1200141.jpg,data/t bar row/t bar row_1200161.jpg,data/t bar row/t bar row_1200171.jpg,data/t bar row/t bar row_1200191.jpg,data/t bar row/t bar row_1200201.jpg,data/t bar row/t bar row_1200221.jpg,19
t bar row,t bar row|num_130,train,9,1.0,81.0,numeric,data/t bar row/t bar row_1300001.jpg,data/t bar row/t bar row_1300011.jpg,data/t bar row/t bar row_1300021.jpg,data/t bar row/t bar row_1300031.jpg,data/t bar row/t bar row_1300041.jpg,data/t bar row/t bar row_1300051.jpg,data/t bar row/t bar row_1300061.jpg,data/t bar row/t bar row_1300071.jpg,data/t bar row/t bar row_1300081.jpg,data/t bar row/t bar row_1300081.jpg,data/t bar row/t bar row_1300081.jpg,data/t bar row/t bar row_1300081.jpg,data/t bar row/t bar row_1300081.jpg,data/t bar row/t bar row_1300081.jpg,data/t bar row/t bar row_1300081.jpg,data/t bar row/t bar row_1300081.jpg,19
t bar row,t bar row|num_140,train,14,1.0,131.0,numeric,data/t bar row/t bar row_1400001.jpg,data/t bar row/t bar row_1400011.jpg,data/t bar row/t bar row_1400021.jpg,data/t bar row/t bar row_1400031.jpg,data/t bar row/t bar row_1400041.jpg,data/t bar row/t bar row_1400051.jpg,data/t bar row/t bar row_1400061.jpg,data/t bar row/t bar row_1400071.jpg,data/t bar row/t bar row_1400081.jpg,data/t bar row/t bar row_1400091.jpg,data/t bar row/t bar row_1400101.jpg,data/t bar row/t bar row_1400111.jpg,data/t bar row/t bar row_1400121.jpg,data/t bar row/t bar row_1400131.jpg,data/t bar row/t bar row_1400131.jpg,data/t bar row/t bar row_1400131.jpg,19
t bar row,t bar row|num_150,train,15,1.0,141.0,numeric,data/t bar row/t bar row_1500001.jpg,data/t bar row/t bar row_1500011.jpg,data/t bar row/t bar row_1500021.jpg,data/t bar row/t bar row_1500031.jpg,data/t bar row/t bar row_1500041.jpg,data/t bar row/t bar row_1500051.jpg,data/t bar row/t bar row_1500061.jpg,data/t bar row/t bar row_1500071.jpg,data/t bar row/t bar row_1500081.jpg,data/t bar row/t bar row_1500091.jpg,data/t bar row/t bar row_1500101.jpg,data/t bar row/t bar row_1500111.jpg,data/t bar row/t bar row_1500121.jpg,data/t bar row/t bar row_1500131.jpg,data/t bar row/t bar row_1500141.jpg,data/t bar row/t bar row_1500141.jpg,19
t bar row,t bar row|num_160,train,48,1.0,471.0,numeric,data/t bar row/t bar row_1600001.jpg,data/t bar row/t bar row_1600031.jpg,data/t bar row/t bar row_1600061.jpg,data/t bar row/t bar row_1600091.jpg,data/t bar row/t bar row_1600121.jpg,data/t bar row/t bar row_1600151.jpg,data/t bar row/t bar row_1600181.jpg,data/t bar row/t bar row_1600211.jpg,data/t bar row/t bar row_1600251.jpg,data/t bar row/t bar row_1600281.jpg,data/t bar row/t bar row_1600311.jpg,data/t bar row/t bar row_1600341.jpg,data/t bar row/t bar row_1600371.jpg,data/t bar row/t bar row_1600401.jpg,data/t bar row/t bar row_1600431.jpg,data/t bar row/t bar row_1600471.jpg,19
t bar row,t bar row|num_170,train,39,1.0,381.0,numeric,data/t bar row/t bar row_1700001.jpg,data/t bar row/t bar row_1700021.jpg,data/t bar row/t bar row_1700051.jpg,data/t bar row/t bar row_1700071.jpg,data/t bar row/t bar row_1700101.jpg,data/t bar row/t bar row_1700121.jpg,data/t bar row/t bar row_1700151.jpg,data/t bar row/t bar row_1700171.jpg,data/t bar row/t bar row_1700201.jpg,data/t bar row/t bar row_1700221.jpg,data/t bar row/t bar row_1700251.jpg,data/t bar row/t bar row_1700271.jpg,data/t bar row/t bar row_1700301.jpg,data/t bar row/t bar row_1700321.jpg,data/t bar row/t bar row_1700351.jpg,data/t bar row/t bar row_1700381.jpg,19
t bar row,t bar row|num_180,train,40,1.0,391.0,numeric,data/t bar row/t bar row_1800001.jpg,data/t bar row/t bar row_1800021.jpg,data/t bar row/t bar row_1800051.jpg,data/t bar row/t bar row_1800071.jpg,data/t bar row/t bar row_1800101.jpg,data/t bar row/t bar row_1800131.jpg,data/t bar row/t bar row_1800151.jpg,data/t bar row/t bar row_1800181.jpg,data/t bar row/t bar row_1800201.jpg,data/t bar row/t bar row_1800231.jpg,data/t bar row/t bar row_1800261.jpg,data/t bar row/t bar row_1800281.jpg,data/t bar row/t bar row_1800311.jpg,data/t bar row/t bar row_1800331.jpg,data/t bar row/t bar row_1800361.jpg,data/t bar row/t bar row_1800391.jpg,19
t bar row,t bar row|num_190,train,55,1.0,541.0,numeric,data/t bar row/t bar row_1900001.jpg,data/t bar row/t bar row_1900031.jpg,data/t bar row/t bar row_1900071.jpg,data/t bar row/t bar row_1900101.jpg,data/t bar row/t bar row_1900141.jpg,data/t bar row/t bar row_1900181.jpg,data/t bar row/t bar row_1900211.jpg,data/t bar row/t bar row_1900251.jpg,data/t bar row/t bar row_1900281.jpg,data/t bar row/t bar row_1900321.jpg,data/t bar row/t bar row_1900361.jpg,data/t bar row/t bar row_1900391.jpg,data/t bar row/t bar row_1900431.jpg,data/t bar row/t bar row_1900461.jpg,data/t bar row/t bar row_1900501.jpg,data/t bar row/t bar row_1900541.jpg,19
t bar row,t bar row|num_20,train,34,121.0,451.0,numeric,data/t bar row/t bar row_200121.jpg,data/t bar row/t bar row_200141.jpg,data/t bar row/t bar row_200161.jpg,data/t bar row/t bar row_200181.jpg,data/t bar row/t bar row_200201.jpg,data/t bar row/t bar row_200231.jpg,data/t bar row/t bar row_200251.jpg,data/t bar row/t bar row_200271.jpg,data/t bar row/t bar row_200291.jpg,data/t bar row/t bar row_200311.jpg,data/t bar row/t bar row_200341.jpg,data/t bar row/t bar row_200361.jpg,data/t bar row/t bar row_200381.jpg,data/t bar row/t bar row_200401.jpg,data/t bar row/t bar row_200421.jpg,data/t bar row/t bar row_200451.jpg,19
t bar row,t bar row|num_200,train,72,1.0,711.0,numeric,data/t bar row/t bar row_2000001.jpg,data/t bar row/t bar row_2000041.jpg,data/t bar row/t bar row_2000091.jpg,data/t bar row/t bar row_2000141.jpg,data/t bar row/t bar row_2000181.jpg,data/t bar row/t bar row_2000231.jpg,data/t bar row/t bar row_2000281.jpg,data/t bar row/t bar row_2000331.jpg,data/t bar row/t bar row_2000371.jpg,data/t bar row/t bar row_2000421.jpg,data/t bar row/t bar row_2000471.jpg,data/t bar row/t bar row_2000521.jpg,data/t bar row/t bar row_2000561.jpg,data/t bar row/t bar row_2000611.jpg,data/t bar row/t bar row_2000661.jpg,data/t bar row/t bar row_2000711.jpg,19
t bar row,t bar row|num_210,train,43,1.0,421.0,numeric,data/t bar row/t bar row_2100001.jpg,data/t bar row/t bar row_2100021.jpg,data/t bar row/t bar row_2100051.jpg,data/t bar row/t bar row_2100081.jpg,data/t bar row/t bar row_2100111.jpg,data/t bar row/t bar row_2100141.jpg,data/t bar row/t bar row_2100161.jpg,data/t bar row/t bar row_2100191.jpg,data/t bar row/t bar row_2100221.jpg,data/t bar row/t bar row_2100251.jpg,data/t bar row/t bar row_2100281.jpg,data/t bar row/t bar row_2100301.jpg,data/t bar row/t bar row_2100331.jpg,data/t bar row/t bar row_2100361.jpg,data/t bar row/t bar row_2100391.jpg,data/t bar row/t bar row_2100421.jpg,19
t bar row,t bar row|num_30,train,30,91.0,381.0,numeric,data/t bar row/t bar row_300091.jpg,data/t bar row/t bar row_300101.jpg,data/t bar row/t bar row_300121.jpg,data/t bar row/t bar row_300141.jpg,data/t bar row/t bar row_300161.jpg,data/t bar row/t bar row_300181.jpg,data/t bar row/t bar row_300201.jpg,data/t bar row/t bar row_300221.jpg,data/t bar row/t bar row_300241.jpg,data/t bar row/t bar row_300261.jpg,data/t bar row/t bar row_300281.jpg,data/t bar row/t bar row_300301.jpg,data/t bar row/t bar row_300321.jpg,data/t bar row/t bar row_300341.jpg,data/t bar row/t bar row_300361.jpg,data/t bar row/t bar row_300381.jpg,19
t bar row,t bar row|num_40,train,30,131.0,421.0,numeric,data/t bar row/t bar row_400131.jpg,data/t bar row/t bar row_400141.jpg,data/t bar row/t bar row_400161.jpg,data/t bar row/t bar row_400181.jpg,data/t bar row/t bar row_400201.jpg,data/t bar row/t bar row_400221.jpg,data/t bar row/t bar row_400241.jpg,data/t bar row/t bar row_400261.jpg,data/t bar row/t bar row_400281.jpg,data/t bar row/t bar row_400301.jpg,data/t bar row/t bar row_400321.jpg,data/t bar row/t bar row_400341.jpg,data/t bar row/t bar row_400361.jpg,data/t bar row/t bar row_400381.jpg,data/t bar row/t bar row_400401.jpg,data/t bar row/t bar row_400421.jpg,19
t bar row,t bar row|num_50,test,34,71.0,401.0,numeric,data/t bar row/t bar row_500071.jpg,data/t bar row/t bar row_500091.jpg,data/t bar row/t bar row_500111.jpg,data/t bar row/t bar row_500131.jpg,data/t bar row/t bar row_500151.jpg,data/t bar row/t bar row_500181.jpg,data/t bar row/t bar row_500201.jpg,data/t bar row/t bar row_500221.jpg,data/t bar row/t bar row_500241.jpg,data/t bar row/t bar row_500261.jpg,data/t bar row/t bar row_500291.jpg,data/t bar row/t bar row_500311.jpg,data/t bar row/t bar row_500331.jpg,data/t bar row/t bar row_500351.jpg,data/t bar row/t bar row_500371.jpg,data/t bar row/t bar row_500401.jpg,19
t bar row,t bar row|num_60,train,38,1.0,371.0,numeric,data/t bar row/t bar row_600001.jpg,data/t bar row/t bar row_600021.jpg,data/t bar row/t bar row_600041.jpg,data/t bar row/t bar row_600071.jpg,data/t bar row/t bar row_600091.jpg,data/t bar row/t bar row_600121.jpg,data/t bar row/t bar row_600141.jpg,data/t bar row/t bar row_600171.jpg,data/t bar row/t bar row_600191.jpg,data/t bar row/t bar row_600221.jpg,data/t bar row/t bar row_600241.jpg,data/t bar row/t bar row_600271.jpg,data/t bar row/t bar row_600291.jpg,data/t bar row/t bar row_600321.jpg,data/t bar row/t bar row_600341.jpg,data/t bar row/t bar row_600371.jpg,19
t bar row,t bar row|num_70,val,39,91.0,471.0,numeric,data/t bar row/t bar row_700091.jpg,data/t bar row/t bar row_700111.jpg,data/t bar row/t bar row_700141.jpg,data/t bar row/t bar row_700161.jpg,data/t bar row/t bar row_700191.jpg,data/t bar row/t bar row_700211.jpg,data/t bar row/t bar row_700241.jpg,data/t bar row/t bar row_700261.jpg,data/t bar row/t bar row_700291.jpg,data/t bar row/t bar row_700311.jpg,data/t bar row/t bar row_700341.jpg,data/t bar row/t bar row_700361.jpg,data/t bar row/t bar row_700391.jpg,data/t bar row/t bar row_700411.jpg,data/t bar row/t bar row_700441.jpg,data/t bar row/t bar row_700471.jpg,19
t bar row,t bar row|num_80,train,15,1.0,141.0,numeric,data/t bar row/t bar row_800001.jpg,data/t bar row/t bar row_800011.jpg,data/t bar row/t bar row_800021.jpg,data/t bar row/t bar row_800031.jpg,data/t bar row/t bar row_800041.jpg,data/t bar row/t bar row_800051.jpg,data/t bar row/t bar row_800061.jpg,data/t bar row/t bar row_800071.jpg,data/t bar row/t bar row_800081.jpg,data/t bar row/t bar row_800091.jpg,data/t bar row/t bar row_800101.jpg,data/t bar row/t bar row_800111.jpg,data/t bar row/t bar row_800121.jpg,data/t bar row/t bar row_800131.jpg,data/t bar row/t bar row_800141.jpg,data/t bar row/t bar row_800141.jpg,19
t bar row,t bar row|num_90,train,18,1.0,171.0,numeric,data/t bar row/t bar row_900001.jpg,data/t bar row/t bar row_900011.jpg,data/t bar row/t bar row_900021.jpg,data/t bar row/t bar row_900031.jpg,data/t bar row/t bar row_900041.jpg,data/t bar row/t bar row_900051.jpg,data/t bar row/t bar row_900061.jpg,data/t bar row/t bar row_900071.jpg,data/t bar row/t bar row_900091.jpg,data/t bar row/t bar row_900101.jpg,data/t bar row/t bar row_900111.jpg,data/t bar row/t bar row_900121.jpg,data/t bar row/t bar row_900131.jpg,data/t bar row/t bar row_900141.jpg,data/t bar row/t bar row_900151.jpg,data/t bar row/t bar row_900171.jpg,19
tricep dips,tricep dips|g1,train,1,,,alpha_num,data/tricep dips/tricep dips_g1.jpg,data/tricep dips/tricep dips_g1.jpg,data/tricep dips/tricep dips_g1.jpg,data/tricep dips/tricep dips_g1.jpg,data/tricep dips/tricep dips_g1.jpg,data/tricep dips/tricep dips_g1.jpg,data/tricep dips/tricep dips_g1.jpg,data/tricep dips/tricep dips_g1.jpg,data/tricep dips/tricep dips_g1.jpg,data/tricep dips/tricep dips_g1.jpg,data/tricep dips/tricep dips_g1.jpg,data/tricep dips/tricep dips_g1.jpg,data/tricep dips/tricep dips_g1.jpg,data/tricep dips/tricep dips_g1.jpg,data/tricep dips/tricep dips_g1.jpg,data/tricep dips/tricep dips_g1.jpg,20
tricep dips,tricep dips|g10,train,1,,,alpha_num,data/tricep dips/tricep dips_g10.jpg,data/tricep dips/tricep dips_g10.jpg,data/tricep dips/tricep dips_g10.jpg,data/tricep dips/tricep dips_g10.jpg,data/tricep dips/tricep dips_g10.jpg,data/tricep dips/tricep dips_g10.jpg,data/tricep dips/tricep dips_g10.jpg,data/tricep dips/tricep dips_g10.jpg,data/tricep dips/tricep dips_g10.jpg,data/tricep dips/tricep dips_g10.jpg,data/tricep dips/tricep dips_g10.jpg,data/tricep dips/tricep dips_g10.jpg,data/tricep dips/tricep dips_g10.jpg,data/tricep dips/tricep dips_g10.jpg,data/tricep dips/tricep dips_g10.jpg,data/tricep dips/tricep dips_g10.jpg,20
tricep dips,tricep dips|g11,train,1,,,alpha_num,data/tricep dips/tricep dips_g11.jpg,data/tricep dips/tricep dips_g11.jpg,data/tricep dips/tricep dips_g11.jpg,data/tricep dips/tricep dips_g11.jpg,data/tricep dips/tricep dips_g11.jpg,data/tricep dips/tricep dips_g11.jpg,data/tricep dips/tricep dips_g11.jpg,data/tricep dips/tricep dips_g11.jpg,data/tricep dips/tricep dips_g11.jpg,data/tricep dips/tricep dips_g11.jpg,data/tricep dips/tricep dips_g11.jpg,data/tricep dips/tricep dips_g11.jpg,data/tricep dips/tricep dips_g11.jpg,data/tricep dips/tricep dips_g11.jpg,data/tricep dips/tricep dips_g11.jpg,data/tricep dips/tricep dips_g11.jpg,20
tricep dips,tricep dips|g12,train,1,,,alpha_num,data/tricep dips/tricep dips_g12.jpg,data/tricep dips/tricep dips_g12.jpg,data/tricep dips/tricep dips_g12.jpg,data/tricep dips/tricep dips_g12.jpg,data/tricep dips/tricep dips_g12.jpg,data/tricep dips/tricep dips_g12.jpg,data/tricep dips/tricep dips_g12.jpg,data/tricep dips/tricep dips_g12.jpg,data/tricep dips/tricep dips_g12.jpg,data/tricep dips/tricep dips_g12.jpg,data/tricep dips/tricep dips_g12.jpg,data/tricep dips/tricep dips_g12.jpg,data/tricep dips/tricep dips_g12.jpg,data/tricep dips/tricep dips_g12.jpg,data/tricep dips/tricep dips_g12.jpg,data/tricep dips/tricep dips_g12.jpg,20
tricep dips,tricep dips|g13,train,1,,,alpha_num,data/tricep dips/tricep dips_g13.jpg,data/tricep dips/tricep dips_g13.jpg,data/tricep dips/tricep dips_g13.jpg,data/tricep dips/tricep dips_g13.jpg,data/tricep dips/tricep dips_g13.jpg,data/tricep dips/tricep dips_g13.jpg,data/tricep dips/tricep dips_g13.jpg,data/tricep dips/tricep dips_g13.jpg,data/tricep dips/tricep dips_g13.jpg,data/tricep dips/tricep dips_g13.jpg,data/tricep dips/tricep dips_g13.jpg,data/tricep dips/tricep dips_g13.jpg,data/tricep dips/tricep dips_g13.jpg,data/tricep dips/tricep dips_g13.jpg,data/tricep dips/tricep dips_g13.jpg,data/tricep dips/tricep dips_g13.jpg,20
tricep dips,tricep dips|g14,train,1,,,alpha_num,data/tricep dips/tricep dips_g14.jpg,data/tricep dips/tricep dips_g14.jpg,data/tricep dips/tricep dips_g14.jpg,data/tricep dips/tricep dips_g14.jpg,data/tricep dips/tricep dips_g14.jpg,data/tricep dips/tricep dips_g14.jpg,data/tricep dips/tricep dips_g14.jpg,data/tricep dips/tricep dips_g14.jpg,data/tricep dips/tricep dips_g14.jpg,data/tricep dips/tricep dips_g14.jpg,data/tricep dips/tricep dips_g14.jpg,data/tricep dips/tricep dips_g14.jpg,data/tricep dips/tricep dips_g14.jpg,data/tricep dips/tricep dips_g14.jpg,data/tricep dips/tricep dips_g14.jpg,data/tricep dips/tricep dips_g14.jpg,20
tricep dips,tricep dips|g15,train,1,,,alpha_num,data/tricep dips/tricep dips_g15.jpg,data/tricep dips/tricep dips_g15.jpg,data/tricep dips/tricep dips_g15.jpg,data/tricep dips/tricep dips_g15.jpg,data/tricep dips/tricep dips_g15.jpg,data/tricep dips/tricep dips_g15.jpg,data/tricep dips/tricep dips_g15.jpg,data/tricep dips/tricep dips_g15.jpg,data/tricep dips/tricep dips_g15.jpg,data/tricep dips/tricep dips_g15.jpg,data/tricep dips/tricep dips_g15.jpg,data/tricep dips/tricep dips_g15.jpg,data/tricep dips/tricep dips_g15.jpg,data/tricep dips/tricep dips_g15.jpg,data/tricep dips/tricep dips_g15.jpg,data/tricep dips/tricep dips_g15.jpg,20
tricep dips,tricep dips|g16,train,1,,,alpha_num,data/tricep dips/tricep dips_g16.jpg,data/tricep dips/tricep dips_g16.jpg,data/tricep dips/tricep dips_g16.jpg,data/tricep dips/tricep dips_g16.jpg,data/tricep dips/tricep dips_g16.jpg,data/tricep dips/tricep dips_g16.jpg,data/tricep dips/tricep dips_g16.jpg,data/tricep dips/tricep dips_g16.jpg,data/tricep dips/tricep dips_g16.jpg,data/tricep dips/tricep dips_g16.jpg,data/tricep dips/tricep dips_g16.jpg,data/tricep dips/tricep dips_g16.jpg,data/tricep dips/tricep dips_g16.jpg,data/tricep dips/tricep dips_g16.jpg,data/tricep dips/tricep dips_g16.jpg,data/tricep dips/tricep dips_g16.jpg,20
tricep dips,tricep dips|g17,val,1,,,alpha_num,data/tricep dips/tricep dips_g17.jpg,data/tricep dips/tricep dips_g17.jpg,data/tricep dips/tricep dips_g17.jpg,data/tricep dips/tricep dips_g17.jpg,data/tricep dips/tricep dips_g17.jpg,data/tricep dips/tricep dips_g17.jpg,data/tricep dips/tricep dips_g17.jpg,data/tricep dips/tricep dips_g17.jpg,data/tricep dips/tricep dips_g17.jpg,data/tricep dips/tricep dips_g17.jpg,data/tricep dips/tricep dips_g17.jpg,data/tricep dips/tricep dips_g17.jpg,data/tricep dips/tricep dips_g17.jpg,data/tricep dips/tricep dips_g17.jpg,data/tricep dips/tricep dips_g17.jpg,data/tricep dips/tricep dips_g17.jpg,20
tricep dips,tricep dips|g18,train,1,,,alpha_num,data/tricep dips/tricep dips_g18.jpg,data/tricep dips/tricep dips_g18.jpg,data/tricep dips/tricep dips_g18.jpg,data/tricep dips/tricep dips_g18.jpg,data/tricep dips/tricep dips_g18.jpg,data/tricep dips/tricep dips_g18.jpg,data/tricep dips/tricep dips_g18.jpg,data/tricep dips/tricep dips_g18.jpg,data/tricep dips/tricep dips_g18.jpg,data/tricep dips/tricep dips_g18.jpg,data/tricep dips/tricep dips_g18.jpg,data/tricep dips/tricep dips_g18.jpg,data/tricep dips/tricep dips_g18.jpg,data/tricep dips/tricep dips_g18.jpg,data/tricep dips/tricep dips_g18.jpg,data/tricep dips/tricep dips_g18.jpg,20
tricep dips,tricep dips|g19,train,1,,,alpha_num,data/tricep dips/tricep dips_g19.jpg,data/tricep dips/tricep dips_g19.jpg,data/tricep dips/tricep dips_g19.jpg,data/tricep dips/tricep dips_g19.jpg,data/tricep dips/tricep dips_g19.jpg,data/tricep dips/tricep dips_g19.jpg,data/tricep dips/tricep dips_g19.jpg,data/tricep dips/tricep dips_g19.jpg,data/tricep dips/tricep dips_g19.jpg,data/tricep dips/tricep dips_g19.jpg,data/tricep dips/tricep dips_g19.jpg,data/tricep dips/tricep dips_g19.jpg,data/tricep dips/tricep dips_g19.jpg,data/tricep dips/tricep dips_g19.jpg,data/tricep dips/tricep dips_g19.jpg,data/tricep dips/tricep dips_g19.jpg,20
tricep dips,tricep dips|g2,train,1,,,alpha_num,data/tricep dips/tricep dips_g2.jpg,data/tricep dips/tricep dips_g2.jpg,data/tricep dips/tricep dips_g2.jpg,data/tricep dips/tricep dips_g2.jpg,data/tricep dips/tricep dips_g2.jpg,data/tricep dips/tricep dips_g2.jpg,data/tricep dips/tricep dips_g2.jpg,data/tricep dips/tricep dips_g2.jpg,data/tricep dips/tricep dips_g2.jpg,data/tricep dips/tricep dips_g2.jpg,data/tricep dips/tricep dips_g2.jpg,data/tricep dips/tricep dips_g2.jpg,data/tricep dips/tricep dips_g2.jpg,data/tricep dips/tricep dips_g2.jpg,data/tricep dips/tricep dips_g2.jpg,data/tricep dips/tricep dips_g2.jpg,20
tricep dips,tricep dips|g20,train,1,,,alpha_num,data/tricep dips/tricep dips_g20.jpg,data/tricep dips/tricep dips_g20.jpg,data/tricep dips/tricep dips_g20.jpg,data/tricep dips/tricep dips_g20.jpg,data/tricep dips/tricep dips_g20.jpg,data/tricep dips/tricep dips_g20.jpg,data/tricep dips/tricep dips_g20.jpg,data/tricep dips/tricep dips_g20.jpg,data/tricep dips/tricep dips_g20.jpg,data/tricep dips/tricep dips_g20.jpg,data/tricep dips/tricep dips_g20.jpg,data/tricep dips/tricep dips_g20.jpg,data/tricep dips/tricep dips_g20.jpg,data/tricep dips/tricep dips_g20.jpg,data/tricep dips/tricep dips_g20.jpg,data/tricep dips/tricep dips_g20.jpg,20
tricep dips,tricep dips|g21,train,1,,,alpha_num,data/tricep dips/tricep dips_g21.jpg,data/tricep dips/tricep dips_g21.jpg,data/tricep dips/tricep dips_g21.jpg,data/tricep dips/tricep dips_g21.jpg,data/tricep dips/tricep dips_g21.jpg,data/tricep dips/tricep dips_g21.jpg,data/tricep dips/tricep dips_g21.jpg,data/tricep dips/tricep dips_g21.jpg,data/tricep dips/tricep dips_g21.jpg,data/tricep dips/tricep dips_g21.jpg,data/tricep dips/tricep dips_g21.jpg,data/tricep dips/tricep dips_g21.jpg,data/tricep dips/tricep dips_g21.jpg,data/tricep dips/tricep dips_g21.jpg,data/tricep dips/tricep dips_g21.jpg,data/tricep dips/tricep dips_g21.jpg,20
tricep dips,tricep dips|g3,train,1,,,alpha_num,data/tricep dips/tricep dips_g3.jpg,data/tricep dips/tricep dips_g3.jpg,data/tricep dips/tricep dips_g3.jpg,data/tricep dips/tricep dips_g3.jpg,data/tricep dips/tricep dips_g3.jpg,data/tricep dips/tricep dips_g3.jpg,data/tricep dips/tricep dips_g3.jpg,data/tricep dips/tricep dips_g3.jpg,data/tricep dips/tricep dips_g3.jpg,data/tricep dips/tricep dips_g3.jpg,data/tricep dips/tricep dips_g3.jpg,data/tricep dips/tricep dips_g3.jpg,data/tricep dips/tricep dips_g3.jpg,data/tricep dips/tricep dips_g3.jpg,data/tricep dips/tricep dips_g3.jpg,data/tricep dips/tricep dips_g3.jpg,20
tricep dips,tricep dips|g4,train,1,,,alpha_num,data/tricep dips/tricep dips_g4.jpg,data/tricep dips/tricep dips_g4.jpg,data/tricep dips/tricep dips_g4.jpg,data/tricep dips/tricep dips_g4.jpg,data/tricep dips/tricep dips_g4.jpg,data/tricep dips/tricep dips_g4.jpg,data/tricep dips/tricep dips_g4.jpg,data/tricep dips/tricep dips_g4.jpg,data/tricep dips/tricep dips_g4.jpg,data/tricep dips/tricep dips_g4.jpg,data/tricep dips/tricep dips_g4.jpg,data/tricep dips/tricep dips_g4.jpg,data/tricep dips/tricep dips_g4.jpg,data/tricep dips/tricep dips_g4.jpg,data/tricep dips/tricep dips_g4.jpg,data/tricep dips/tricep dips_g4.jpg,20
tricep dips,tricep dips|g5,train,1,,,alpha_num,data/tricep dips/tricep dips_g5.jpg,data/tricep dips/tricep dips_g5.jpg,data/tricep dips/tricep dips_g5.jpg,data/tricep dips/tricep dips_g5.jpg,data/tricep dips/tricep dips_g5.jpg,data/tricep dips/tricep dips_g5.jpg,data/tricep dips/tricep dips_g5.jpg,data/tricep dips/tricep dips_g5.jpg,data/tricep dips/tricep dips_g5.jpg,data/tricep dips/tricep dips_g5.jpg,data/tricep dips/tricep dips_g5.jpg,data/tricep dips/tricep dips_g5.jpg,data/tricep dips/tricep dips_g5.jpg,data/tricep dips/tricep dips_g5.jpg,data/tricep dips/tricep dips_g5.jpg,data/tricep dips/tricep dips_g5.jpg,20
tricep dips,tricep dips|g6,train,1,,,alpha_num,data/tricep dips/tricep dips_g6.jpg,data/tricep dips/tricep dips_g6.jpg,data/tricep dips/tricep dips_g6.jpg,data/tricep dips/tricep dips_g6.jpg,data/tricep dips/tricep dips_g6.jpg,data/tricep dips/tricep dips_g6.jpg,data/tricep dips/tricep dips_g6.jpg,data/tricep dips/tricep dips_g6.jpg,data/tricep dips/tricep dips_g6.jpg,data/tricep dips/tricep dips_g6.jpg,data/tricep dips/tricep dips_g6.jpg,data/tricep dips/tricep dips_g6.jpg,data/tricep dips/tricep dips_g6.jpg,data/tricep dips/tricep dips_g6.jpg,data/tricep dips/tricep dips_g6.jpg,data/tricep dips/tricep dips_g6.jpg,20
tricep dips,tricep dips|g7,train,1,,,alpha_num,data/tricep dips/tricep dips_g7.jpg,data/tricep dips/tricep dips_g7.jpg,data/tricep dips/tricep dips_g7.jpg,data/tricep dips/tricep dips_g7.jpg,data/tricep dips/tricep dips_g7.jpg,data/tricep dips/tricep dips_g7.jpg,data/tricep dips/tricep dips_g7.jpg,data/tricep dips/tricep dips_g7.jpg,data/tricep dips/tricep dips_g7.jpg,data/tricep dips/tricep dips_g7.jpg,data/tricep dips/tricep dips_g7.jpg,data/tricep dips/tricep dips_g7.jpg,data/tricep dips/tricep dips_g7.jpg,data/tricep dips/tricep dips_g7.jpg,data/tricep dips/tricep dips_g7.jpg,data/tricep dips/tricep dips_g7.jpg,20
tricep dips,tricep dips|g8,train,1,,,alpha_num,data/tricep dips/tricep dips_g8.jpg,data/tricep dips/tricep dips_g8.jpg,data/tricep dips/tricep dips_g8.jpg,data/tricep dips/tricep dips_g8.jpg,data/tricep dips/tricep dips_g8.jpg,data/tricep dips/tricep dips_g8.jpg,data/tricep dips/tricep dips_g8.jpg,data/tricep dips/tricep dips_g8.jpg,data/tricep dips/tricep dips_g8.jpg,data/tricep dips/tricep dips_g8.jpg,data/tricep dips/tricep dips_g8.jpg,data/tricep dips/tricep dips_g8.jpg,data/tricep dips/tricep dips_g8.jpg,data/tricep dips/tricep dips_g8.jpg,data/tricep dips/tricep dips_g8.jpg,data/tricep dips/tricep dips_g8.jpg,20
tricep dips,tricep dips|g9,train,1,,,alpha_num,data/tricep dips/tricep dips_g9.jpg,data/tricep dips/tricep dips_g9.jpg,data/tricep dips/tricep dips_g9.jpg,data/tricep dips/tricep dips_g9.jpg,data/tricep dips/tricep dips_g9.jpg,data/tricep dips/tricep dips_g9.jpg,data/tricep dips/tricep dips_g9.jpg,data/tricep dips/tricep dips_g9.jpg,data/tricep dips/tricep dips_g9.jpg,data/tricep dips/tricep dips_g9.jpg,data/tricep dips/tricep dips_g9.jpg,data/tricep dips/tricep dips_g9.jpg,data/tricep dips/tricep dips_g9.jpg,data/tricep dips/tricep dips_g9.jpg,data/tricep dips/tricep dips_g9.jpg,data/tricep dips/tricep dips_g9.jpg,20
tricep dips,tricep dips|num_10,train,51,61.0,561.0,numeric,data/tricep dips/tricep dips_100061.jpg,data/tricep dips/tricep dips_100091.jpg,data/tricep dips/tricep dips_100121.jpg,data/tricep dips/tricep dips_100161.jpg,data/tricep dips/tricep dips_100191.jpg,data/tricep dips/tricep dips_100221.jpg,data/tricep dips/tricep dips_100261.jpg,data/tricep dips/tricep dips_100291.jpg,data/tricep dips/tricep dips_100321.jpg,data/tricep dips/tricep dips_100361.jpg,data/tricep dips/tricep dips_100391.jpg,data/tricep dips/tricep dips_100421.jpg,data/tricep dips/tricep dips_100461.jpg,data/tricep dips/tricep dips_100491.jpg,data/tricep dips/tricep dips_100521.jpg,data/tricep dips/tricep dips_100561.jpg,20
tricep dips,tricep dips|num_100,train,44,1.0,431.0,numeric,data/tricep dips/tricep dips_1000001.jpg,data/tricep dips/tricep dips_1000021.jpg,data/tricep dips/tricep dips_1000051.jpg,data/tricep dips/tricep dips_1000081.jpg,data/tricep dips/tricep dips_1000111.jpg,data/tricep dips/tricep dips_1000141.jpg,data/tricep dips/tricep dips_1000171.jpg,data/tricep dips/tricep dips_1000201.jpg,data/tricep dips/tricep dips_1000221.jpg,data/tricep dips/tricep dips_1000251.jpg,data/tricep dips/tricep dips_1000281.jpg,data/tricep dips/tricep dips_1000311.jpg,data/tricep dips/tricep dips_1000341.jpg,data/tricep dips/tricep dips_1000371.jpg,data/tricep dips/tricep dips_1000401.jpg,data/tricep dips/tricep dips_1000431.jpg,20
tricep dips,tricep dips|num_110,train,36,1.0,351.0,numeric,data/tricep dips/tricep dips_1100001.jpg,data/tricep dips/tricep dips_1100021.jpg,data/tricep dips/tricep dips_1100041.jpg,data/tricep dips/tricep dips_1100071.jpg,data/tricep dips/tricep dips_1100091.jpg,data/tricep dips/tricep dips_1100111.jpg,data/tricep dips/tricep dips_1100141.jpg,data/tricep dips/tricep dips_1100161.jpg,data/tricep dips/tricep dips_1100181.jpg,data/tricep dips/tricep dips_1100211.jpg,data/tricep dips/tricep dips_1100231.jpg,data/tricep dips/tricep dips_1100251.jpg,data/tricep dips/tricep dips_1100281.jpg,data/tricep dips/tricep dips_1100301.jpg,data/tricep dips/tricep dips_1100321.jpg,data/tricep dips/tricep dips_1100351.jpg,20
tricep dips,tricep dips|num_120,train,5,1.0,41.0,numeric,data/tricep dips/tricep dips_1200001.jpg,data/tricep dips/tricep dips_1200011.jpg,data/tricep dips/tricep dips_1200021.jpg,data/tricep dips/tricep dips_1200031.jpg,data/tricep dips/tricep dips_1200041.jpg,data/tricep dips/tricep dips_1200041.jpg,data/tricep dips/tricep dips_1200041.jpg,data/tricep dips/tricep dips_1200041.jpg,data/tricep dips/tricep dips_1200041.jpg,data/tricep dips/tricep dips_1200041.jpg,data/tricep dips/tricep dips_1200041.jpg,data/tricep dips/tricep dips_1200041.jpg,data/tricep dips/tricep dips_1200041.jpg,data/tricep dips/tricep dips_1200041.jpg,data/tricep dips/tricep dips_1200041.jpg,data/tricep dips/tricep dips_1200041.jpg,20
tricep dips,tricep dips|num_130,train,11,1.0,101.0,numeric,data/tricep dips/tricep dips_1300001.jpg,data/tricep dips/tricep dips_1300011.jpg,data/tricep dips/tricep dips_1300021.jpg,data/tricep dips/tricep dips_1300031.jpg,data/tricep dips/tricep dips_1300041.jpg,data/tricep dips/tricep dips_1300051.jpg,data/tricep dips/tricep dips_1300061.jpg,data/tricep dips/tricep dips_1300071.jpg,data/tricep dips/tricep dips_1300081.jpg,data/tricep dips/tricep dips_1300091.jpg,data/tricep dips/tricep dips_1300101.jpg,data/tricep dips/tricep dips_1300101.jpg,data/tricep dips/tricep dips_1300101.jpg,data/tricep dips/tricep dips_1300101.jpg,data/tricep dips/tricep dips_1300101.jpg,data/tricep dips/tricep dips_1300101.jpg,20
tricep dips,tricep dips|num_140,train,17,1.0,161.0,numeric,data/tricep dips/tricep dips_1400001.jpg,data/tricep dips/tricep dips_1400011.jpg,data/tricep dips/tricep dips_1400021.jpg,data/tricep dips/tricep dips_1400031.jpg,data/tricep dips/tricep dips_1400041.jpg,data/tricep dips/tricep dips_1400051.jpg,data/tricep dips/tricep dips_1400061.jpg,data/tricep dips/tricep dips_1400071.jpg,data/tricep dips/tricep dips_1400081.jpg,data/tricep dips/tricep dips_1400091.jpg,data/tricep dips/tricep dips_1400101.jpg,data/tricep dips/tricep dips_1400111.jpg,data/tricep dips/tricep dips_1400121.jpg,data/tricep dips/tricep dips_1400131.jpg,data/tricep dips/tricep dips_1400141.jpg,data/tricep dips/tricep dips_1400161.jpg,20
tricep dips,tricep dips|num_150,train,20,1.0,191.0,numeric,data/tricep dips/tricep dips_1500001.jpg,data/tricep dips/tricep dips_1500011.jpg,data/tricep dips/tricep dips_1500021.jpg,data/tricep dips/tricep dips_1500031.jpg,data/tricep dips/tricep dips_1500051.jpg,data/tricep dips/tricep dips_1500061.jpg,data/tricep dips/tricep dips_1500071.jpg,data/tricep dips/tricep dips_1500081.jpg,data/tricep dips/tricep dips_1500101.jpg,data/tricep dips/tricep dips_1500111.jpg,data/tricep dips/tricep dips_1500121.jpg,data/tricep dips/tricep dips_1500131.jpg,data/tricep dips/tricep dips_1500151.jpg,data/tricep dips/tricep dips_1500161.jpg,data/tricep dips/tricep dips_1500171.jpg,data/tricep dips/tricep dips_1500191.jpg,20
tricep dips,tricep dips|num_160,val,32,1.0,311.0,numeric,data/tricep dips/tricep dips_1600001.jpg,data/tricep dips/tricep dips_1600021.jpg,data/tricep dips/tricep dips_1600041.jpg,data/tricep dips/tricep dips_1600061.jpg,data/tricep dips/tricep dips_1600081.jpg,data/tricep dips/tricep dips_1600101.jpg,data/tricep dips/tricep dips_1600121.jpg,data/tricep dips/tricep dips_1600141.jpg,data/tricep dips/tricep dips_1600161.jpg,data/tricep dips/tricep dips_1600181.jpg,data/tricep dips/tricep dips_1600201.jpg,data/tricep dips/tricep dips_1600221.jpg,data/tricep dips/tricep dips_1600241.jpg,data/tricep dips/tricep dips_1600261.jpg,data/tricep dips/tricep dips_1600281.jpg,data/tricep dips/tricep dips_1600311.jpg,20
tricep dips,tricep dips|num_170,train,65,1.0,641.0,numeric,data/tricep dips/tricep dips_1700001.jpg,data/tricep dips/tricep dips_1700041.jpg,data/tricep dips/tricep dips_1700081.jpg,data/tricep dips/tricep dips_1700121.jpg,data/tricep dips/tricep dips_1700171.jpg,data/tricep dips/tricep dips_1700211.jpg,data/tricep dips/tricep dips_1700251.jpg,data/tricep dips/tricep dips_1700291.jpg,data/tricep dips/tricep dips_1700341.jpg,data/tricep dips/tricep dips_1700381.jpg,data/tricep dips/tricep dips_1700421.jpg,data/tricep dips/tricep dips_1700461.jpg,data/tricep dips/tricep dips_1700511.jpg,data/tricep dips/tricep dips_1700551.jpg,data/tricep dips/tricep dips_1700591.jpg,data/tricep dips/tricep dips_1700641.jpg,20
tricep dips,tricep dips|num_180,train,61,1.0,601.0,numeric,data/tricep dips/tricep dips_1800001.jpg,data/tricep dips/tricep dips_1800041.jpg,data/tricep dips/tricep dips_1800081.jpg,data/tricep dips/tricep dips_1800121.jpg,data/tricep dips/tricep dips_1800161.jpg,data/tricep dips/tricep dips_1800201.jpg,data/tricep dips/tricep dips_1800241.jpg,data/tricep dips/tricep dips_1800281.jpg,data/tricep dips/tricep dips_1800321.jpg,data/tricep dips/tricep dips_1800361.jpg,data/tricep dips/tricep dips_1800401.jpg,data/tricep dips/tricep dips_1800441.jpg,data/tricep dips/tricep dips_1800481.jpg,data/tricep dips/tricep dips_1800521.jpg,data/tricep dips/tricep dips_1800561.jpg,data/tricep dips/tricep dips_1800601.jpg,20
tricep dips,tricep dips|num_190,train,50,1.0,491.0,numeric,data/tricep dips/tricep dips_1900001.jpg,data/tricep dips/tricep dips_1900031.jpg,data/tricep dips/tricep dips_1900061.jpg,data/tricep dips/tricep dips_1900091.jpg,data/tricep dips/tricep dips_1900131.jpg,data/tricep dips/tricep dips_1900161.jpg,data/tricep dips/tricep dips_1900191.jpg,data/tricep dips/tricep dips_1900221.jpg,data/tricep dips/tricep dips_1900261.jpg,data/tricep dips/tricep dips_1900291.jpg,data/tricep dips/tricep dips_1900321.jpg,data/tricep dips/tricep dips_1900351.jpg,data/tricep dips/tricep dips_1900391.jpg,data/tricep dips/tricep dips_1900421.jpg,data/tricep dips/tricep dips_1900451.jpg,data/tricep dips/tricep dips_1900491.jpg,20
tricep dips,tricep dips|num_20,train,52,221.0,731.0,numeric,data/tricep dips/tricep dips_200221.jpg,data/tricep dips/tricep dips_200251.jpg,data/tricep dips/tricep dips_200281.jpg,data/tricep dips/tricep dips_200321.jpg,data/tricep dips/tricep dips_200351.jpg,data/tricep dips/tricep dips_200391.jpg,data/tricep dips/tricep dips_200421.jpg,data/tricep dips/tricep dips_200451.jpg,data/tricep dips/tricep dips_200491.jpg,data/tricep dips/tricep dips_200521.jpg,data/tricep dips/tricep dips_200561.jpg,data/tricep dips/tricep dips_200591.jpg,data/tricep dips/tricep dips_200621.jpg,data/tricep dips/tricep dips_200661.jpg,data/tricep dips/tricep dips_200691.jpg,data/tricep dips/tricep dips_200731.jpg,20
tricep dips,tricep dips|num_200,train,30,1.0,291.0,numeric,data/tricep dips/tricep dips_2000001.jpg,data/tricep dips/tricep dips_2000011.jpg,data/tricep dips/tricep dips_2000031.jpg,data/tricep dips/tricep dips_2000051.jpg,data/tricep dips/tricep dips_2000071.jpg,data/tricep dips/tricep dips_2000091.jpg,data/tricep dips/tricep dips_2000111.jpg,data/tricep dips/tricep dips_2000131.jpg,data/tricep dips/tricep dips_2000151.jpg,data/tricep dips/tricep dips_2000171.jpg,data/tricep dips/tricep dips_2000191.jpg,data/tricep dips/tricep dips_2000211.jpg,data/tricep dips/tricep dips_2000231.jpg,data/tricep dips/tricep dips_2000251.jpg,data/tricep dips/tricep dips_2000271.jpg,data/tricep dips/tricep dips_2000291.jpg,20
tricep dips,tricep dips|num_30,train,25,191.0,431.0,numeric,data/tricep dips/tricep dips_300191.jpg,data/tricep dips/tricep dips_300201.jpg,data/tricep dips/tricep dips_300221.jpg,data/tricep dips/tricep dips_300231.jpg,data/tricep dips/tricep dips_300251.jpg,data/tricep dips/tricep dips_300271.jpg,data/tricep dips/tricep dips_300281.jpg,data/tricep dips/tricep dips_300301.jpg,data/tricep dips/tricep dips_300311.jpg,data/tricep dips/tricep dips_300331.jpg,data/tricep dips/tricep dips_300351.jpg,data/tricep dips/tricep dips_300361.jpg,data/tricep dips/tricep dips_300381.jpg,data/tricep dips/tricep dips_300391.jpg,data/tricep dips/tricep dips_300411.jpg,data/tricep dips/tricep dips_300431.jpg,20
tricep dips,tricep dips|num_40,train,19,1.0,181.0,numeric,data/tricep dips/tricep dips_400001.jpg,data/tricep dips/tricep dips_400011.jpg,data/tricep dips/tricep dips_400021.jpg,data/tricep dips/tricep dips_400031.jpg,data/tricep dips/tricep dips_400041.jpg,data/tricep dips/tricep dips_400061.jpg,data/tricep dips/tricep dips_400071.jpg,data/tricep dips/tricep dips_400081.jpg,data/tricep dips/tricep dips_400091.jpg,data/tricep dips/tricep dips_400101.jpg,data/tricep dips/tricep dips_400121.jpg,data/tricep dips/tricep dips_400131.jpg,data/tricep dips/tricep dips_400141.jpg,data/tricep dips/tricep dips_400151.jpg,data/tricep dips/tricep dips_400161.jpg,data/tricep dips/tricep dips_400181.jpg,20
tricep dips,tricep dips|num_50,train,35,1.0,341.0,numeric,data/tricep dips/tricep dips_500001.jpg,data/tricep dips/tricep dips_500021.jpg,data/tricep dips/tricep dips_500041.jpg,data/tricep dips/tricep dips_500061.jpg,data/tricep dips/tricep dips_500091.jpg,data/tricep dips/tricep dips_500111.jpg,data/tricep dips/tricep dips_500131.jpg,data/tricep dips/tricep dips_500151.jpg,data/tricep dips/tricep dips_500181.jpg,data/tricep dips/tricep dips_500201.jpg,data/tricep dips/tricep dips_500221.jpg,data/tricep dips/tricep dips_500241.jpg,data/tricep dips/tricep dips_500271.jpg,data/tricep dips/tricep dips_500291.jpg,data/tricep dips/tricep dips_500311.jpg,data/tricep dips/tricep dips_500341.jpg,20
tricep dips,tricep dips|num_60,test,34,1.0,331.0,numeric,data/tricep dips/tricep dips_600001.jpg,data/tricep dips/tricep dips_600021.jpg,data/tricep dips/tricep dips_600041.jpg,data/tricep dips/tricep dips_600061.jpg,data/tricep dips/tricep dips_600081.jpg,data/tricep dips/tricep dips_600111.jpg,data/tricep dips/tricep dips_600131.jpg,data/tricep dips/tricep dips_600151.jpg,data/tricep dips/tricep dips_600171.jpg,data/tricep dips/tricep dips_600191.jpg,data/tricep dips/tricep dips_600221.jpg,data/tricep dips/tricep dips_600241.jpg,data/tricep dips/tricep dips_600261.jpg,data/tricep dips/tricep dips_600281.jpg,data/tricep dips/tricep dips_600301.jpg,data/tricep dips/tricep dips_600331.jpg,20
tricep dips,tricep dips|num_70,train,33,1.0,321.0,numeric,data/tricep dips/tricep dips_700001.jpg,data/tricep dips/tricep dips_700021.jpg,data/tricep dips/tricep dips_700041.jpg,data/tricep dips/tricep dips_700061.jpg,data/tricep dips/tricep dips_700081.jpg,data/tricep dips/tricep dips_700101.jpg,data/tricep dips/tricep dips_700121.jpg,data/tricep dips/tricep dips_700141.jpg,data/tricep dips/tricep dips_700171.jpg,data/tricep dips/tricep dips_700191.jpg,data/tricep dips/tricep dips_700211.jpg,data/tricep dips/tricep dips_700231.jpg,data/tricep dips/tricep dips_700251.jpg,data/tricep dips/tricep dips_700271.jpg,data/tricep dips/tricep dips_700291.jpg,data/tricep dips/tricep dips_700321.jpg,20
tricep dips,tricep dips|num_80,train,18,1.0,171.0,numeric,data/tricep dips/tricep dips_800001.jpg,data/tricep dips/tricep dips_800011.jpg,data/tricep dips/tricep dips_800021.jpg,data/tricep dips/tricep dips_800031.jpg,data/tricep dips/tricep dips_800041.jpg,data/tricep dips/tricep dips_800051.jpg,data/tricep dips/tricep dips_800061.jpg,data/tricep dips/tricep dips_800071.jpg,data/tricep dips/tricep dips_800091.jpg,data/tricep dips/tricep dips_800101.jpg,data/tricep dips/tricep dips_800111.jpg,data/tricep dips/tricep dips_800121.jpg,data/tricep dips/tricep dips_800131.jpg,data/tricep dips/tricep dips_800141.jpg,data/tricep dips/tricep dips_800151.jpg,data/tricep dips/tricep dips_800171.jpg,20
tricep dips,tricep dips|num_90,val,39,1.0,381.0,numeric,data/tricep dips/tricep dips_900001.jpg,data/tricep dips/tricep dips_900021.jpg,data/tricep dips/tricep dips_900051.jpg,data/tricep dips/tricep dips_900071.jpg,data/tricep dips/tricep dips_900101.jpg,data/tricep dips/tricep dips_900121.jpg,data/tricep dips/tricep dips_900151.jpg,data/tricep dips/tricep dips_900171.jpg,data/tricep dips/tricep dips_900201.jpg,data/tricep dips/tricep dips_900221.jpg,data/tricep dips/tricep dips_900251.jpg,data/tricep dips/tricep dips_900271.jpg,data/tricep dips/tricep dips_900301.jpg,data/tricep dips/tricep dips_900321.jpg,data/tricep dips/tricep dips_900351.jpg,data/tricep dips/tricep dips_900381.jpg,20
tricep pushdown,tricep pushdown|g1,train,1,,,alpha_num,data/tricep pushdown/tricep pushdown_g1.jpg,data/tricep pushdown/tricep pushdown_g1.jpg,data/tricep pushdown/tricep pushdown_g1.jpg,data/tricep pushdown/tricep pushdown_g1.jpg,data/tricep pushdown/tricep pushdown_g1.jpg,data/tricep pushdown/tricep pushdown_g1.jpg,data/tricep pushdown/tricep pushdown_g1.jpg,data/tricep pushdown/tricep pushdown_g1.jpg,data/tricep pushdown/tricep pushdown_g1.jpg,data/tricep pushdown/tricep pushdown_g1.jpg,data/tricep pushdown/tricep pushdown_g1.jpg,data/tricep pushdown/tricep pushdown_g1.jpg,data/tricep pushdown/tricep pushdown_g1.jpg,data/tricep pushdown/tricep pushdown_g1.jpg,data/tricep pushdown/tricep pushdown_g1.jpg,data/tricep pushdown/tricep pushdown_g1.jpg,21
tricep pushdown,tricep pushdown|g10,train,1,,,alpha_num,data/tricep pushdown/tricep pushdown_g10.jpg,data/tricep pushdown/tricep pushdown_g10.jpg,data/tricep pushdown/tricep pushdown_g10.jpg,data/tricep pushdown/tricep pushdown_g10.jpg,data/tricep pushdown/tricep pushdown_g10.jpg,data/tricep pushdown/tricep pushdown_g10.jpg,data/tricep pushdown/tricep pushdown_g10.jpg,data/tricep pushdown/tricep pushdown_g10.jpg,data/tricep pushdown/tricep pushdown_g10.jpg,data/tricep pushdown/tricep pushdown_g10.jpg,data/tricep pushdown/tricep pushdown_g10.jpg,data/tricep pushdown/tricep pushdown_g10.jpg,data/tricep pushdown/tricep pushdown_g10.jpg,data/tricep pushdown/tricep pushdown_g10.jpg,data/tricep pushdown/tricep pushdown_g10.jpg,data/tricep pushdown/tricep pushdown_g10.jpg,21
tricep pushdown,tricep pushdown|g11,train,1,,,alpha_num,data/tricep pushdown/tricep pushdown_g11.jpg,data/tricep pushdown/tricep pushdown_g11.jpg,data/tricep pushdown/tricep pushdown_g11.jpg,data/tricep pushdown/tricep pushdown_g11.jpg,data/tricep pushdown/tricep pushdown_g11.jpg,data/tricep pushdown/tricep pushdown_g11.jpg,data/tricep pushdown/tricep pushdown_g11.jpg,data/tricep pushdown/tricep pushdown_g11.jpg,data/tricep pushdown/tricep pushdown_g11.jpg,data/tricep pushdown/tricep pushdown_g11.jpg,data/tricep pushdown/tricep pushdown_g11.jpg,data/tricep pushdown/tricep pushdown_g11.jpg,data/tricep pushdown/tricep pushdown_g11.jpg,data/tricep pushdown/tricep pushdown_g11.jpg,data/tricep pushdown/tricep pushdown_g11.jpg,data/tricep pushdown/tricep pushdown_g11.jpg,21
tricep pushdown,tricep pushdown|g12,train,1,,,alpha_num,data/tricep pushdown/tricep pushdown_g12.jpg,data/tricep pushdown/tricep pushdown_g12.jpg,data/tricep pushdown/tricep pushdown_g12.jpg,data/tricep pushdown/tricep pushdown_g12.jpg,data/tricep pushdown/tricep pushdown_g12.jpg,data/tricep pushdown/tricep pushdown_g12.jpg,data/tricep pushdown/tricep pushdown_g12.jpg,data/tricep pushdown/tricep pushdown_g12.jpg,data/tricep pushdown/tricep pushdown_g12.jpg,data/tricep pushdown/tricep pushdown_g12.jpg,data/tricep pushdown/tricep pushdown_g12.jpg,data/tricep pushdown/tricep pushdown_g12.jpg,data/tricep pushdown/tricep pushdown_g12.jpg,data/tricep pushdown/tricep pushdown_g12.jpg,data/tricep pushdown/tricep pushdown_g12.jpg,data/tricep pushdown/tricep pushdown_g12.jpg,21
tricep pushdown,tricep pushdown|g13,train,1,,,alpha_num,data/tricep pushdown/tricep pushdown_g13.jpg,data/tricep pushdown/tricep pushdown_g13.jpg,data/tricep pushdown/tricep pushdown_g13.jpg,data/tricep pushdown/tricep pushdown_g13.jpg,data/tricep pushdown/tricep pushdown_g13.jpg,data/tricep pushdown/tricep pushdown_g13.jpg,data/tricep pushdown/tricep pushdown_g13.jpg,data/tricep pushdown/tricep pushdown_g13.jpg,data/tricep pushdown/tricep pushdown_g13.jpg,data/tricep pushdown/tricep pushdown_g13.jpg,data/tricep pushdown/tricep pushdown_g13.jpg,data/tricep pushdown/tricep pushdown_g13.jpg,data/tricep pushdown/tricep pushdown_g13.jpg,data/tricep pushdown/tricep pushdown_g13.jpg,data/tricep pushdown/tricep pushdown_g13.jpg,data/tricep pushdown/tricep pushdown_g13.jpg,21
tricep pushdown,tricep pushdown|g14,train,1,,,alpha_num,data/tricep pushdown/tricep pushdown_g14.jpg,data/tricep pushdown/tricep pushdown_g14.jpg,data/tricep pushdown/tricep pushdown_g14.jpg,data/tricep pushdown/tricep pushdown_g14.jpg,data/tricep pushdown/tricep pushdown_g14.jpg,data/tricep pushdown/tricep pushdown_g14.jpg,data/tricep pushdown/tricep pushdown_g14.jpg,data/tricep pushdown/tricep pushdown_g14.jpg,data/tricep pushdown/tricep pushdown_g14.jpg,data/tricep pushdown/tricep pushdown_g14.jpg,data/tricep pushdown/tricep pushdown_g14.jpg,data/tricep pushdown/tricep pushdown_g14.jpg,data/tricep pushdown/tricep pushdown_g14.jpg,data/tricep pushdown/tricep pushdown_g14.jpg,data/tricep pushdown/tricep pushdown_g14.jpg,data/tricep pushdown/tricep pushdown_g14.jpg,21
tricep pushdown,tricep pushdown|g15,train,1,,,alpha_num,data/tricep pushdown/tricep pushdown_g15.jpg,data/tricep pushdown/tricep pushdown_g15.jpg,data/tricep pushdown/tricep pushdown_g15.jpg,data/tricep pushdown/tricep pushdown_g15.jpg,data/tricep pushdown/tricep pushdown_g15.jpg,data/tricep pushdown/tricep pushdown_g15.jpg,data/tricep pushdown/tricep pushdown_g15.jpg,data/tricep pushdown/tricep pushdown_g15.jpg,data/tricep pushdown/tricep pushdown_g15.jpg,data/tricep pushdown/tricep pushdown_g15.jpg,data/tricep pushdown/tricep pushdown_g15.jpg,data/tricep pushdown/tricep pushdown_g15.jpg,data/tricep pushdown/tricep pushdown_g15.jpg,data/tricep pushdown/tricep pushdown_g15.jpg,data/tricep pushdown/tricep pushdown_g15.jpg,data/tricep pushdown/tricep pushdown_g15.jpg,21
tricep pushdown,tricep pushdown|g16,train,1,,,alpha_num,data/tricep pushdown/tricep pushdown_g16.jpg,data/tricep pushdown/tricep pushdown_g16.jpg,data/tricep pushdown/tricep pushdown_g16.jpg,data/tricep pushdown/tricep pushdown_g16.jpg,data/tricep pushdown/tricep pushdown_g16.jpg,data/tricep pushdown/tricep pushdown_g16.jpg,data/tricep pushdown/tricep pushdown_g16.jpg,data/tricep pushdown/tricep pushdown_g16.jpg,data/tricep pushdown/tricep pushdown_g16.jpg,data/tricep pushdown/tricep pushdown_g16.jpg,data/tricep pushdown/tricep pushdown_g16.jpg,data/tricep pushdown/tricep pushdown_g16.jpg,data/tricep pushdown/tricep pushdown_g16.jpg,data/tricep pushdown/tricep pushdown_g16.jpg,data/tricep pushdown/tricep pushdown_g16.jpg,data/tricep pushdown/tricep pushdown_g16.jpg,21
tricep pushdown,tricep pushdown|g17,train,1,,,alpha_num,data/tricep pushdown/tricep pushdown_g17.jpg,data/tricep pushdown/tricep pushdown_g17.jpg,data/tricep pushdown/tricep pushdown_g17.jpg,data/tricep pushdown/tricep pushdown_g17.jpg,data/tricep pushdown/tricep pushdown_g17.jpg,data/tricep pushdown/tricep pushdown_g17.jpg,data/tricep pushdown/tricep pushdown_g17.jpg,data/tricep pushdown/tricep pushdown_g17.jpg,data/tricep pushdown/tricep pushdown_g17.jpg,data/tricep pushdown/tricep pushdown_g17.jpg,data/tricep pushdown/tricep pushdown_g17.jpg,data/tricep pushdown/tricep pushdown_g17.jpg,data/tricep pushdown/tricep pushdown_g17.jpg,data/tricep pushdown/tricep pushdown_g17.jpg,data/tricep pushdown/tricep pushdown_g17.jpg,data/tricep pushdown/tricep pushdown_g17.jpg,21
tricep pushdown,tricep pushdown|g18,train,1,,,alpha_num,data/tricep pushdown/tricep pushdown_g18.jpg,data/tricep pushdown/tricep pushdown_g18.jpg,data/tricep pushdown/tricep pushdown_g18.jpg,data/tricep pushdown/tricep pushdown_g18.jpg,data/tricep pushdown/tricep pushdown_g18.jpg,data/tricep pushdown/tricep pushdown_g18.jpg,data/tricep pushdown/tricep pushdown_g18.jpg,data/tricep pushdown/tricep pushdown_g18.jpg,data/tricep pushdown/tricep pushdown_g18.jpg,data/tricep pushdown/tricep pushdown_g18.jpg,data/tricep pushdown/tricep pushdown_g18.jpg,data/tricep pushdown/tricep pushdown_g18.jpg,data/tricep pushdown/tricep pushdown_g18.jpg,data/tricep pushdown/tricep pushdown_g18.jpg,data/tricep pushdown/tricep pushdown_g18.jpg,data/tricep pushdown/tricep pushdown_g18.jpg,21
tricep pushdown,tricep pushdown|g19,train,1,,,alpha_num,data/tricep pushdown/tricep pushdown_g19.jpg,data/tricep pushdown/tricep pushdown_g19.jpg,data/tricep pushdown/tricep pushdown_g19.jpg,data/tricep pushdown/tricep pushdown_g19.jpg,data/tricep pushdown/tricep pushdown_g19.jpg,data/tricep pushdown/tricep pushdown_g19.jpg,data/tricep pushdown/tricep pushdown_g19.jpg,data/tricep pushdown/tricep pushdown_g19.jpg,data/tricep pushdown/tricep pushdown_g19.jpg,data/tricep pushdown/tricep pushdown_g19.jpg,data/tricep pushdown/tricep pushdown_g19.jpg,data/tricep pushdown/tricep pushdown_g19.jpg,data/tricep pushdown/tricep pushdown_g19.jpg,data/tricep pushdown/tricep pushdown_g19.jpg,data/tricep pushdown/tricep pushdown_g19.jpg,data/tricep pushdown/tricep pushdown_g19.jpg,21
tricep pushdown,tricep pushdown|g2,train,1,,,alpha_num,data/tricep pushdown/tricep pushdown_g2.jpg,data/tricep pushdown/tricep pushdown_g2.jpg,data/tricep pushdown/tricep pushdown_g2.jpg,data/tricep pushdown/tricep pushdown_g2.jpg,data/tricep pushdown/tricep pushdown_g2.jpg,data/tricep pushdown/tricep pushdown_g2.jpg,data/tricep pushdown/tricep pushdown_g2.jpg,data/tricep pushdown/tricep pushdown_g2.jpg,data/tricep pushdown/tricep pushdown_g2.jpg,data/tricep pushdown/tricep pushdown_g2.jpg,data/tricep pushdown/tricep pushdown_g2.jpg,data/tricep pushdown/tricep pushdown_g2.jpg,data/tricep pushdown/tricep pushdown_g2.jpg,data/tricep pushdown/tricep pushdown_g2.jpg,data/tricep pushdown/tricep pushdown_g2.jpg,data/tricep pushdown/tricep pushdown_g2.jpg,21
tricep pushdown,tricep pushdown|g20,train,1,,,alpha_num,data/tricep pushdown/tricep pushdown_g20.jpg,data/tricep pushdown/tricep pushdown_g20.jpg,data/tricep pushdown/tricep pushdown_g20.jpg,data/tricep pushdown/tricep pushdown_g20.jpg,data/tricep pushdown/tricep pushdown_g20.jpg,data/tricep pushdown/tricep pushdown_g20.jpg,data/tricep pushdown/tricep pushdown_g20.jpg,data/tricep pushdown/tricep pushdown_g20.jpg,data/tricep pushdown/tricep pushdown_g20.jpg,data/tricep pushdown/tricep pushdown_g20.jpg,data/tricep pushdown/tricep pushdown_g20.jpg,data/tricep pushdown/tricep pushdown_g20.jpg,data/tricep pushdown/tricep pushdown_g20.jpg,data/tricep pushdown/tricep pushdown_g20.jpg,data/tricep pushdown/tricep pushdown_g20.jpg,data/tricep pushdown/tricep pushdown_g20.jpg,21
tricep pushdown,tricep pushdown|g21,train,1,,,alpha_num,data/tricep pushdown/tricep pushdown_g21.jpg,data/tricep pushdown/tricep pushdown_g21.jpg,data/tricep pushdown/tricep pushdown_g21.jpg,data/tricep pushdown/tricep pushdown_g21.jpg,data/tricep pushdown/tricep pushdown_g21.jpg,data/tricep pushdown/tricep pushdown_g21.jpg,data/tricep pushdown/tricep pushdown_g21.jpg,data/tricep pushdown/tricep pushdown_g21.jpg,data/tricep pushdown/tricep pushdown_g21.jpg,data/tricep pushdown/tricep pushdown_g21.jpg,data/tricep pushdown/tricep pushdown_g21.jpg,data/tricep pushdown/tricep pushdown_g21.jpg,data/tricep pushdown/tricep pushdown_g21.jpg,data/tricep pushdown/tricep pushdown_g21.jpg,data/tricep pushdown/tricep pushdown_g21.jpg,data/tricep pushdown/tricep pushdown_g21.jpg,21
tricep pushdown,tricep pushdown|g22,train,1,,,alpha_num,data/tricep pushdown/tricep pushdown_g22.jpg,data/tricep pushdown/tricep pushdown_g22.jpg,data/tricep pushdown/tricep pushdown_g22.jpg,data/tricep pushdown/tricep pushdown_g22.jpg,data/tricep pushdown/tricep pushdown_g22.jpg,data/tricep pushdown/tricep pushdown_g22.jpg,data/tricep pushdown/tricep pushdown_g22.jpg,data/tricep pushdown/tricep pushdown_g22.jpg,data/tricep pushdown/tricep pushdown_g22.jpg,data/tricep pushdown/tricep pushdown_g22.jpg,data/tricep pushdown/tricep pushdown_g22.jpg,data/tricep pushdown/tricep pushdown_g22.jpg,data/tricep pushdown/tricep pushdown_g22.jpg,data/tricep pushdown/tricep pushdown_g22.jpg,data/tricep pushdown/tricep pushdown_g22.jpg,data/tricep pushdown/tricep pushdown_g22.jpg,21
tricep pushdown,tricep pushdown|g23,train,1,,,alpha_num,data/tricep pushdown/tricep pushdown_g23.jpg,data/tricep pushdown/tricep pushdown_g23.jpg,data/tricep pushdown/tricep pushdown_g23.jpg,data/tricep pushdown/tricep pushdown_g23.jpg,data/tricep pushdown/tricep pushdown_g23.jpg,data/tricep pushdown/tricep pushdown_g23.jpg,data/tricep pushdown/tricep pushdown_g23.jpg,data/tricep pushdown/tricep pushdown_g23.jpg,data/tricep pushdown/tricep pushdown_g23.jpg,data/tricep pushdown/tricep pushdown_g23.jpg,data/tricep pushdown/tricep pushdown_g23.jpg,data/tricep pushdown/tricep pushdown_g23.jpg,data/tricep pushdown/tricep pushdown_g23.jpg,data/tricep pushdown/tricep pushdown_g23.jpg,data/tricep pushdown/tricep pushdown_g23.jpg,data/tricep pushdown/tricep pushdown_g23.jpg,21
tricep pushdown,tricep pushdown|g24,train,1,,,alpha_num,data/tricep pushdown/tricep pushdown_g24.jpg,data/tricep pushdown/tricep pushdown_g24.jpg,data/tricep pushdown/tricep pushdown_g24.jpg,data/tricep pushdown/tricep pushdown_g24.jpg,data/tricep pushdown/tricep pushdown_g24.jpg,data/tricep pushdown/tricep pushdown_g24.jpg,data/tricep pushdown/tricep pushdown_g24.jpg,data/tricep pushdown/tricep pushdown_g24.jpg,data/tricep pushdown/tricep pushdown_g24.jpg,data/tricep pushdown/tricep pushdown_g24.jpg,data/tricep pushdown/tricep pushdown_g24.jpg,data/tricep pushdown/tricep pushdown_g24.jpg,data/tricep pushdown/tricep pushdown_g24.jpg,data/tricep pushdown/tricep pushdown_g24.jpg,data/tricep pushdown/tricep pushdown_g24.jpg,data/tricep pushdown/tricep pushdown_g24.jpg,21
tricep pushdown,tricep pushdown|g25,train,1,,,alpha_num,data/tricep pushdown/tricep pushdown_g25.jpg,data/tricep pushdown/tricep pushdown_g25.jpg,data/tricep pushdown/tricep pushdown_g25.jpg,data/tricep pushdown/tricep pushdown_g25.jpg,data/tricep pushdown/tricep pushdown_g25.jpg,data/tricep pushdown/tricep pushdown_g25.jpg,data/tricep pushdown/tricep pushdown_g25.jpg,data/tricep pushdown/tricep pushdown_g25.jpg,data/tricep pushdown/tricep pushdown_g25.jpg,data/tricep pushdown/tricep pushdown_g25.jpg,data/tricep pushdown/tricep pushdown_g25.jpg,data/tricep pushdown/tricep pushdown_g25.jpg,data/tricep pushdown/tricep pushdown_g25.jpg,data/tricep pushdown/tricep pushdown_g25.jpg,data/tricep pushdown/tricep pushdown_g25.jpg,data/tricep pushdown/tricep pushdown_g25.jpg,21
tricep pushdown,tricep pushdown|g26,train,1,,,alpha_num,data/tricep pushdown/tricep pushdown_g26.jpg,data/tricep pushdown/tricep pushdown_g26.jpg,data/tricep pushdown/tricep pushdown_g26.jpg,data/tricep pushdown/tricep pushdown_g26.jpg,data/tricep pushdown/tricep pushdown_g26.jpg,data/tricep pushdown/tricep pushdown_g26.jpg,data/tricep pushdown/tricep pushdown_g26.jpg,data/tricep pushdown/tricep pushdown_g26.jpg,data/tricep pushdown/tricep pushdown_g26.jpg,data/tricep pushdown/tricep pushdown_g26.jpg,data/tricep pushdown/tricep pushdown_g26.jpg,data/tricep pushdown/tricep pushdown_g26.jpg,data/tricep pushdown/tricep pushdown_g26.jpg,data/tricep pushdown/tricep pushdown_g26.jpg,data/tricep pushdown/tricep pushdown_g26.jpg,data/tricep pushdown/tricep pushdown_g26.jpg,21
tricep pushdown,tricep pushdown|g27,train,1,,,alpha_num,data/tricep pushdown/tricep pushdown_g27.jpg,data/tricep pushdown/tricep pushdown_g27.jpg,data/tricep pushdown/tricep pushdown_g27.jpg,data/tricep pushdown/tricep pushdown_g27.jpg,data/tricep pushdown/tricep pushdown_g27.jpg,data/tricep pushdown/tricep pushdown_g27.jpg,data/tricep pushdown/tricep pushdown_g27.jpg,data/tricep pushdown/tricep pushdown_g27.jpg,data/tricep pushdown/tricep pushdown_g27.jpg,data/tricep pushdown/tricep pushdown_g27.jpg,data/tricep pushdown/tricep pushdown_g27.jpg,data/tricep pushdown/tricep pushdown_g27.jpg,data/tricep pushdown/tricep pushdown_g27.jpg,data/tricep pushdown/tricep pushdown_g27.jpg,data/tricep pushdown/tricep pushdown_g27.jpg,data/tricep pushdown/tricep pushdown_g27.jpg,21
tricep pushdown,tricep pushdown|g28,train,1,,,alpha_num,data/tricep pushdown/tricep pushdown_g28.jpg,data/tricep pushdown/tricep pushdown_g28.jpg,data/tricep pushdown/tricep pushdown_g28.jpg,data/tricep pushdown/tricep pushdown_g28.jpg,data/tricep pushdown/tricep pushdown_g28.jpg,data/tricep pushdown/tricep pushdown_g28.jpg,data/tricep pushdown/tricep pushdown_g28.jpg,data/tricep pushdown/tricep pushdown_g28.jpg,data/tricep pushdown/tricep pushdown_g28.jpg,data/tricep pushdown/tricep pushdown_g28.jpg,data/tricep pushdown/tricep pushdown_g28.jpg,data/tricep pushdown/tricep pushdown_g28.jpg,data/tricep pushdown/tricep pushdown_g28.jpg,data/tricep pushdown/tricep pushdown_g28.jpg,data/tricep pushdown/tricep pushdown_g28.jpg,data/tricep pushdown/tricep pushdown_g28.jpg,21
tricep pushdown,tricep pushdown|g29,train,1,,,alpha_num,data/tricep pushdown/tricep pushdown_g29.jpg,data/tricep pushdown/tricep pushdown_g29.jpg,data/tricep pushdown/tricep pushdown_g29.jpg,data/tricep pushdown/tricep pushdown_g29.jpg,data/tricep pushdown/tricep pushdown_g29.jpg,data/tricep pushdown/tricep pushdown_g29.jpg,data/tricep pushdown/tricep pushdown_g29.jpg,data/tricep pushdown/tricep pushdown_g29.jpg,data/tricep pushdown/tricep pushdown_g29.jpg,data/tricep pushdown/tricep pushdown_g29.jpg,data/tricep pushdown/tricep pushdown_g29.jpg,data/tricep pushdown/tricep pushdown_g29.jpg,data/tricep pushdown/tricep pushdown_g29.jpg,data/tricep pushdown/tricep pushdown_g29.jpg,data/tricep pushdown/tricep pushdown_g29.jpg,data/tricep pushdown/tricep pushdown_g29.jpg,21
tricep pushdown,tricep pushdown|g3,train,1,,,alpha_num,data/tricep pushdown/tricep pushdown_g3.jpg,data/tricep pushdown/tricep pushdown_g3.jpg,data/tricep pushdown/tricep pushdown_g3.jpg,data/tricep pushdown/tricep pushdown_g3.jpg,data/tricep pushdown/tricep pushdown_g3.jpg,data/tricep pushdown/tricep pushdown_g3.jpg,data/tricep pushdown/tricep pushdown_g3.jpg,data/tricep pushdown/tricep pushdown_g3.jpg,data/tricep pushdown/tricep pushdown_g3.jpg,data/tricep pushdown/tricep pushdown_g3.jpg,data/tricep pushdown/tricep pushdown_g3.jpg,data/tricep pushdown/tricep pushdown_g3.jpg,data/tricep pushdown/tricep pushdown_g3.jpg,data/tricep pushdown/tricep pushdown_g3.jpg,data/tricep pushdown/tricep pushdown_g3.jpg,data/tricep pushdown/tricep pushdown_g3.jpg,21
tricep pushdown,tricep pushdown|g30,train,1,,,alpha_num,data/tricep pushdown/tricep pushdown_g30.jpg,data/tricep pushdown/tricep pushdown_g30.jpg,data/tricep pushdown/tricep pushdown_g30.jpg,data/tricep pushdown/tricep pushdown_g30.jpg,data/tricep pushdown/tricep pushdown_g30.jpg,data/tricep pushdown/tricep pushdown_g30.jpg,data/tricep pushdown/tricep pushdown_g30.jpg,data/tricep pushdown/tricep pushdown_g30.jpg,data/tricep pushdown/tricep pushdown_g30.jpg,data/tricep pushdown/tricep pushdown_g30.jpg,data/tricep pushdown/tricep pushdown_g30.jpg,data/tricep pushdown/tricep pushdown_g30.jpg,data/tricep pushdown/tricep pushdown_g30.jpg,data/tricep pushdown/tricep pushdown_g30.jpg,data/tricep pushdown/tricep pushdown_g30.jpg,data/tricep pushdown/tricep pushdown_g30.jpg,21
tricep pushdown,tricep pushdown|g31,train,1,,,alpha_num,data/tricep pushdown/tricep pushdown_g31.jpg,data/tricep pushdown/tricep pushdown_g31.jpg,data/tricep pushdown/tricep pushdown_g31.jpg,data/tricep pushdown/tricep pushdown_g31.jpg,data/tricep pushdown/tricep pushdown_g31.jpg,data/tricep pushdown/tricep pushdown_g31.jpg,data/tricep pushdown/tricep pushdown_g31.jpg,data/tricep pushdown/tricep pushdown_g31.jpg,data/tricep pushdown/tricep pushdown_g31.jpg,data/tricep pushdown/tricep pushdown_g31.jpg,data/tricep pushdown/tricep pushdown_g31.jpg,data/tricep pushdown/tricep pushdown_g31.jpg,data/tricep pushdown/tricep pushdown_g31.jpg,data/tricep pushdown/tricep pushdown_g31.jpg,data/tricep pushdown/tricep pushdown_g31.jpg,data/tricep pushdown/tricep pushdown_g31.jpg,21
tricep pushdown,tricep pushdown|g32,train,1,,,alpha_num,data/tricep pushdown/tricep pushdown_g32.jpg,data/tricep pushdown/tricep pushdown_g32.jpg,data/tricep pushdown/tricep pushdown_g32.jpg,data/tricep pushdown/tricep pushdown_g32.jpg,data/tricep pushdown/tricep pushdown_g32.jpg,data/tricep pushdown/tricep pushdown_g32.jpg,data/tricep pushdown/tricep pushdown_g32.jpg,data/tricep pushdown/tricep pushdown_g32.jpg,data/tricep pushdown/tricep pushdown_g32.jpg,data/tricep pushdown/tricep pushdown_g32.jpg,data/tricep pushdown/tricep pushdown_g32.jpg,data/tricep pushdown/tricep pushdown_g32.jpg,data/tricep pushdown/tricep pushdown_g32.jpg,data/tricep pushdown/tricep pushdown_g32.jpg,data/tricep pushdown/tricep pushdown_g32.jpg,data/tricep pushdown/tricep pushdown_g32.jpg,21
tricep pushdown,tricep pushdown|g33,train,1,,,alpha_num,data/tricep pushdown/tricep pushdown_g33.jpg,data/tricep pushdown/tricep pushdown_g33.jpg,data/tricep pushdown/tricep pushdown_g33.jpg,data/tricep pushdown/tricep pushdown_g33.jpg,data/tricep pushdown/tricep pushdown_g33.jpg,data/tricep pushdown/tricep pushdown_g33.jpg,data/tricep pushdown/tricep pushdown_g33.jpg,data/tricep pushdown/tricep pushdown_g33.jpg,data/tricep pushdown/tricep pushdown_g33.jpg,data/tricep pushdown/tricep pushdown_g33.jpg,data/tricep pushdown/tricep pushdown_g33.jpg,data/tricep pushdown/tricep pushdown_g33.jpg,data/tricep pushdown/tricep pushdown_g33.jpg,data/tricep pushdown/tricep pushdown_g33.jpg,data/tricep pushdown/tricep pushdown_g33.jpg,data/tricep pushdown/tricep pushdown_g33.jpg,21
tricep pushdown,tricep pushdown|g34,train,1,,,alpha_num,data/tricep pushdown/tricep pushdown_g34.jpg,data/tricep pushdown/tricep pushdown_g34.jpg,data/tricep pushdown/tricep pushdown_g34.jpg,data/tricep pushdown/tricep pushdown_g34.jpg,data/tricep pushdown/tricep pushdown_g34.jpg,data/tricep pushdown/tricep pushdown_g34.jpg,data/tricep pushdown/tricep pushdown_g34.jpg,data/tricep pushdown/tricep pushdown_g34.jpg,data/tricep pushdown/tricep pushdown_g34.jpg,data/tricep pushdown/tricep pushdown_g34.jpg,data/tricep pushdown/tricep pushdown_g34.jpg,data/tricep pushdown/tricep pushdown_g34.jpg,data/tricep pushdown/tricep pushdown_g34.jpg,data/tricep pushdown/tricep pushdown_g34.jpg,data/tricep pushdown/tricep pushdown_g34.jpg,data/tricep pushdown/tricep pushdown_g34.jpg,21
tricep pushdown,tricep pushdown|g35,train,1,,,alpha_num,data/tricep pushdown/tricep pushdown_g35.jpg,data/tricep pushdown/tricep pushdown_g35.jpg,data/tricep pushdown/tricep pushdown_g35.jpg,data/tricep pushdown/tricep pushdown_g35.jpg,data/tricep pushdown/tricep pushdown_g35.jpg,data/tricep pushdown/tricep pushdown_g35.jpg,data/tricep pushdown/tricep pushdown_g35.jpg,data/tricep pushdown/tricep pushdown_g35.jpg,data/tricep pushdown/tricep pushdown_g35.jpg,data/tricep pushdown/tricep pushdown_g35.jpg,data/tricep pushdown/tricep pushdown_g35.jpg,data/tricep pushdown/tricep pushdown_g35.jpg,data/tricep pushdown/tricep pushdown_g35.jpg,data/tricep pushdown/tricep pushdown_g35.jpg,data/tricep pushdown/tricep pushdown_g35.jpg,data/tricep pushdown/tricep pushdown_g35.jpg,21
tricep pushdown,tricep pushdown|g4,train,1,,,alpha_num,data/tricep pushdown/tricep pushdown_g4.jpg,data/tricep pushdown/tricep pushdown_g4.jpg,data/tricep pushdown/tricep pushdown_g4.jpg,data/tricep pushdown/tricep pushdown_g4.jpg,data/tricep pushdown/tricep pushdown_g4.jpg,data/tricep pushdown/tricep pushdown_g4.jpg,data/tricep pushdown/tricep pushdown_g4.jpg,data/tricep pushdown/tricep pushdown_g4.jpg,data/tricep pushdown/tricep pushdown_g4.jpg,data/tricep pushdown/tricep pushdown_g4.jpg,data/tricep pushdown/tricep pushdown_g4.jpg,data/tricep pushdown/tricep pushdown_g4.jpg,data/tricep pushdown/tricep pushdown_g4.jpg,data/tricep pushdown/tricep pushdown_g4.jpg,data/tricep pushdown/tricep pushdown_g4.jpg,data/tricep pushdown/tricep pushdown_g4.jpg,21
tricep pushdown,tricep pushdown|g5,train,1,,,alpha_num,data/tricep pushdown/tricep pushdown_g5.jpg,data/tricep pushdown/tricep pushdown_g5.jpg,data/tricep pushdown/tricep pushdown_g5.jpg,data/tricep pushdown/tricep pushdown_g5.jpg,data/tricep pushdown/tricep pushdown_g5.jpg,data/tricep pushdown/tricep pushdown_g5.jpg,data/tricep pushdown/tricep pushdown_g5.jpg,data/tricep pushdown/tricep pushdown_g5.jpg,data/tricep pushdown/tricep pushdown_g5.jpg,data/tricep pushdown/tricep pushdown_g5.jpg,data/tricep pushdown/tricep pushdown_g5.jpg,data/tricep pushdown/tricep pushdown_g5.jpg,data/tricep pushdown/tricep pushdown_g5.jpg,data/tricep pushdown/tricep pushdown_g5.jpg,data/tricep pushdown/tricep pushdown_g5.jpg,data/tricep pushdown/tricep pushdown_g5.jpg,21
tricep pushdown,tricep pushdown|g6,train,1,,,alpha_num,data/tricep pushdown/tricep pushdown_g6.jpg,data/tricep pushdown/tricep pushdown_g6.jpg,data/tricep pushdown/tricep pushdown_g6.jpg,data/tricep pushdown/tricep pushdown_g6.jpg,data/tricep pushdown/tricep pushdown_g6.jpg,data/tricep pushdown/tricep pushdown_g6.jpg,data/tricep pushdown/tricep pushdown_g6.jpg,data/tricep pushdown/tricep pushdown_g6.jpg,data/tricep pushdown/tricep pushdown_g6.jpg,data/tricep pushdown/tricep pushdown_g6.jpg,data/tricep pushdown/tricep pushdown_g6.jpg,data/tricep pushdown/tricep pushdown_g6.jpg,data/tricep pushdown/tricep pushdown_g6.jpg,data/tricep pushdown/tricep pushdown_g6.jpg,data/tricep pushdown/tricep pushdown_g6.jpg,data/tricep pushdown/tricep pushdown_g6.jpg,21
tricep pushdown,tricep pushdown|g7,train,1,,,alpha_num,data/tricep pushdown/tricep pushdown_g7.jpg,data/tricep pushdown/tricep pushdown_g7.jpg,data/tricep pushdown/tricep pushdown_g7.jpg,data/tricep pushdown/tricep pushdown_g7.jpg,data/tricep pushdown/tricep pushdown_g7.jpg,data/tricep pushdown/tricep pushdown_g7.jpg,data/tricep pushdown/tricep pushdown_g7.jpg,data/tricep pushdown/tricep pushdown_g7.jpg,data/tricep pushdown/tricep pushdown_g7.jpg,data/tricep pushdown/tricep pushdown_g7.jpg,data/tricep pushdown/tricep pushdown_g7.jpg,data/tricep pushdown/tricep pushdown_g7.jpg,data/tricep pushdown/tricep pushdown_g7.jpg,data/tricep pushdown/tricep pushdown_g7.jpg,data/tricep pushdown/tricep pushdown_g7.jpg,data/tricep pushdown/tricep pushdown_g7.jpg,21
tricep pushdown,tricep pushdown|g8,train,1,,,alpha_num,data/tricep pushdown/tricep pushdown_g8.jpg,data/tricep pushdown/tricep pushdown_g8.jpg,data/tricep pushdown/tricep pushdown_g8.jpg,data/tricep pushdown/tricep pushdown_g8.jpg,data/tricep pushdown/tricep pushdown_g8.jpg,data/tricep pushdown/tricep pushdown_g8.jpg,data/tricep pushdown/tricep pushdown_g8.jpg,data/tricep pushdown/tricep pushdown_g8.jpg,data/tricep pushdown/tricep pushdown_g8.jpg,data/tricep pushdown/tricep pushdown_g8.jpg,data/tricep pushdown/tricep pushdown_g8.jpg,data/tricep pushdown/tricep pushdown_g8.jpg,data/tricep pushdown/tricep pushdown_g8.jpg,data/tricep pushdown/tricep pushdown_g8.jpg,data/tricep pushdown/tricep pushdown_g8.jpg,data/tricep pushdown/tricep pushdown_g8.jpg,21
tricep pushdown,tricep pushdown|g9,train,1,,,alpha_num,data/tricep pushdown/tricep pushdown_g9.jpg,data/tricep pushdown/tricep pushdown_g9.jpg,data/tricep pushdown/tricep pushdown_g9.jpg,data/tricep pushdown/tricep pushdown_g9.jpg,data/tricep pushdown/tricep pushdown_g9.jpg,data/tricep pushdown/tricep pushdown_g9.jpg,data/tricep pushdown/tricep pushdown_g9.jpg,data/tricep pushdown/tricep pushdown_g9.jpg,data/tricep pushdown/tricep pushdown_g9.jpg,data/tricep pushdown/tricep pushdown_g9.jpg,data/tricep pushdown/tricep pushdown_g9.jpg,data/tricep pushdown/tricep pushdown_g9.jpg,data/tricep pushdown/tricep pushdown_g9.jpg,data/tricep pushdown/tricep pushdown_g9.jpg,data/tricep pushdown/tricep pushdown_g9.jpg,data/tricep pushdown/tricep pushdown_g9.jpg,21
tricep pushdown,tricep pushdown|num_10,train,8,1.0,71.0,numeric,data/tricep pushdown/tricep pushdown_100001.jpg,data/tricep pushdown/tricep pushdown_100011.jpg,data/tricep pushdown/tricep pushdown_100021.jpg,data/tricep pushdown/tricep pushdown_100031.jpg,data/tricep pushdown/tricep pushdown_100041.jpg,data/tricep pushdown/tricep pushdown_100051.jpg,data/tricep pushdown/tricep pushdown_100061.jpg,data/tricep pushdown/tricep pushdown_100071.jpg,data/tricep pushdown/tricep pushdown_100071.jpg,data/tricep pushdown/tricep pushdown_100071.jpg,data/tricep pushdown/tricep pushdown_100071.jpg,data/tricep pushdown/tricep pushdown_100071.jpg,data/tricep pushdown/tricep pushdown_100071.jpg,data/tricep pushdown/tricep pushdown_100071.jpg,data/tricep pushdown/tricep pushdown_100071.jpg,data/tricep pushdown/tricep pushdown_100071.jpg,21
tricep pushdown,tricep pushdown|num_100,train,9,1.0,81.0,numeric,data/tricep pushdown/tricep pushdown_1000001.jpg,data/tricep pushdown/tricep pushdown_1000011.jpg,data/tricep pushdown/tricep pushdown_1000021.jpg,data/tricep pushdown/tricep pushdown_1000031.jpg,data/tricep pushdown/tricep pushdown_1000041.jpg,data/tricep pushdown/tricep pushdown_1000051.jpg,data/tricep pushdown/tricep pushdown_1000061.jpg,data/tricep pushdown/tricep pushdown_1000071.jpg,data/tricep pushdown/tricep pushdown_1000081.jpg,data/tricep pushdown/tricep pushdown_1000081.jpg,data/tricep pushdown/tricep pushdown_1000081.jpg,data/tricep pushdown/tricep pushdown_1000081.jpg,data/tricep pushdown/tricep pushdown_1000081.jpg,data/tricep pushdown/tricep pushdown_1000081.jpg,data/tricep pushdown/tricep pushdown_1000081.jpg,data/tricep pushdown/tricep pushdown_1000081.jpg,21
tricep pushdown,tricep pushdown|num_110,train,9,1.0,81.0,numeric,data/tricep pushdown/tricep pushdown_1100001.jpg,data/tricep pushdown/tricep pushdown_1100011.jpg,data/tricep pushdown/tricep pushdown_1100021.jpg,data/tricep pushdown/tricep pushdown_1100031.jpg,data/tricep pushdown/tricep pushdown_1100041.jpg,data/tricep pushdown/tricep pushdown_1100051.jpg,data/tricep pushdown/tricep pushdown_1100061.jpg,data/tricep pushdown/tricep pushdown_1100071.jpg,data/tricep pushdown/tricep pushdown_1100081.jpg,data/tricep pushdown/tricep pushdown_1100081.jpg,data/tricep pushdown/tricep pushdown_1100081.jpg,data/tricep pushdown/tricep pushdown_1100081.jpg,data/tricep pushdown/tricep pushdown_1100081.jpg,data/tricep pushdown/tricep pushdown_1100081.jpg,data/tricep pushdown/tricep pushdown_1100081.jpg,data/tricep pushdown/tricep pushdown_1100081.jpg,21
tricep pushdown,tricep pushdown|num_120,test,10,1.0,91.0,numeric,data/tricep pushdown/tricep pushdown_1200001.jpg,data/tricep pushdown/tricep pushdown_1200011.jpg,data/tricep pushdown/tricep pushdown_1200021.jpg,data/tricep pushdown/tricep pushdown_1200031.jpg,data/tricep pushdown/tricep pushdown_1200041.jpg,data/tricep pushdown/tricep pushdown_1200051.jpg,data/tricep pushdown/tricep pushdown_1200061.jpg,data/tricep pushdown/tricep pushdown_1200071.jpg,data/tricep pushdown/tricep pushdown_1200081.jpg,data/tricep pushdown/tricep pushdown_1200091.jpg,data/tricep pushdown/tricep pushdown_1200091.jpg,data/tricep pushdown/tricep pushdown_1200091.jpg,data/tricep pushdown/tricep pushdown_1200091.jpg,data/tricep pushdown/tricep pushdown_1200091.jpg,data/tricep pushdown/tricep pushdown_1200091.jpg,data/tricep pushdown/tricep pushdown_1200091.jpg,21
tricep pushdown,tricep pushdown|num_130,train,6,1.0,51.0,numeric,data/tricep pushdown/tricep pushdown_1300001.jpg,data/tricep pushdown/tricep pushdown_1300011.jpg,data/tricep pushdown/tricep pushdown_1300021.jpg,data/tricep pushdown/tricep pushdown_1300031.jpg,data/tricep pushdown/tricep pushdown_1300041.jpg,data/tricep pushdown/tricep pushdown_1300051.jpg,data/tricep pushdown/tricep pushdown_1300051.jpg,data/tricep pushdown/tricep pushdown_1300051.jpg,data/tricep pushdown/tricep pushdown_1300051.jpg,data/tricep pushdown/tricep pushdown_1300051.jpg,data/tricep pushdown/tricep pushdown_1300051.jpg,data/tricep pushdown/tricep pushdown_1300051.jpg,data/tricep pushdown/tricep pushdown_1300051.jpg,data/tricep pushdown/tricep pushdown_1300051.jpg,data/tricep pushdown/tricep pushdown_1300051.jpg,data/tricep pushdown/tricep pushdown_1300051.jpg,21
tricep pushdown,tricep pushdown|num_140,train,5,1.0,41.0,numeric,data/tricep pushdown/tricep pushdown_1400001.jpg,data/tricep pushdown/tricep pushdown_1400011.jpg,data/tricep pushdown/tricep pushdown_1400021.jpg,data/tricep pushdown/tricep pushdown_1400031.jpg,data/tricep pushdown/tricep pushdown_1400041.jpg,data/tricep pushdown/tricep pushdown_1400041.jpg,data/tricep pushdown/tricep pushdown_1400041.jpg,data/tricep pushdown/tricep pushdown_1400041.jpg,data/tricep pushdown/tricep pushdown_1400041.jpg,data/tricep pushdown/tricep pushdown_1400041.jpg,data/tricep pushdown/tricep pushdown_1400041.jpg,data/tricep pushdown/tricep pushdown_1400041.jpg,data/tricep pushdown/tricep pushdown_1400041.jpg,data/tricep pushdown/tricep pushdown_1400041.jpg,data/tricep pushdown/tricep pushdown_1400041.jpg,data/tricep pushdown/tricep pushdown_1400041.jpg,21
tricep pushdown,tricep pushdown|num_150,val,6,1.0,51.0,numeric,data/tricep pushdown/tricep pushdown_1500001.jpg,data/tricep pushdown/tricep pushdown_1500011.jpg,data/tricep pushdown/tricep pushdown_1500021.jpg,data/tricep pushdown/tricep pushdown_1500031.jpg,data/tricep pushdown/tricep pushdown_1500041.jpg,data/tricep pushdown/tricep pushdown_1500051.jpg,data/tricep pushdown/tricep pushdown_1500051.jpg,data/tricep pushdown/tricep pushdown_1500051.jpg,data/tricep pushdown/tricep pushdown_1500051.jpg,data/tricep pushdown/tricep pushdown_1500051.jpg,data/tricep pushdown/tricep pushdown_1500051.jpg,data/tricep pushdown/tricep pushdown_1500051.jpg,data/tricep pushdown/tricep pushdown_1500051.jpg,data/tricep pushdown/tricep pushdown_1500051.jpg,data/tricep pushdown/tricep pushdown_1500051.jpg,data/tricep pushdown/tricep pushdown_1500051.jpg,21
tricep pushdown,tricep pushdown|num_160,train,9,1.0,81.0,numeric,data/tricep pushdown/tricep pushdown_1600001.jpg,data/tricep pushdown/tricep pushdown_1600011.jpg,data/tricep pushdown/tricep pushdown_1600021.jpg,data/tricep pushdown/tricep pushdown_1600031.jpg,data/tricep pushdown/tricep pushdown_1600041.jpg,data/tricep pushdown/tricep pushdown_1600051.jpg,data/tricep pushdown/tricep pushdown_1600061.jpg,data/tricep pushdown/tricep pushdown_1600071.jpg,data/tricep pushdown/tricep pushdown_1600081.jpg,data/tricep pushdown/tricep pushdown_1600081.jpg,data/tricep pushdown/tricep pushdown_1600081.jpg,data/tricep pushdown/tricep pushdown_1600081.jpg,data/tricep pushdown/tricep pushdown_1600081.jpg,data/tricep pushdown/tricep pushdown_1600081.jpg,data/tricep pushdown/tricep pushdown_1600081.jpg,data/tricep pushdown/tricep pushdown_1600081.jpg,21
tricep pushdown,tricep pushdown|num_170,val,7,1.0,61.0,numeric,data/tricep pushdown/tricep pushdown_1700001.jpg,data/tricep pushdown/tricep pushdown_1700011.jpg,data/tricep pushdown/tricep pushdown_1700021.jpg,data/tricep pushdown/tricep pushdown_1700031.jpg,data/tricep pushdown/tricep pushdown_1700041.jpg,data/tricep pushdown/tricep pushdown_1700051.jpg,data/tricep pushdown/tricep pushdown_1700061.jpg,data/tricep pushdown/tricep pushdown_1700061.jpg,data/tricep pushdown/tricep pushdown_1700061.jpg,data/tricep pushdown/tricep pushdown_1700061.jpg,data/tricep pushdown/tricep pushdown_1700061.jpg,data/tricep pushdown/tricep pushdown_1700061.jpg,data/tricep pushdown/tricep pushdown_1700061.jpg,data/tricep pushdown/tricep pushdown_1700061.jpg,data/tricep pushdown/tricep pushdown_1700061.jpg,data/tricep pushdown/tricep pushdown_1700061.jpg,21
tricep pushdown,tricep pushdown|num_180,val,9,1.0,81.0,numeric,data/tricep pushdown/tricep pushdown_1800001.jpg,data/tricep pushdown/tricep pushdown_1800011.jpg,data/tricep pushdown/tricep pushdown_1800021.jpg,data/tricep pushdown/tricep pushdown_1800031.jpg,data/tricep pushdown/tricep pushdown_1800041.jpg,data/tricep pushdown/tricep pushdown_1800051.jpg,data/tricep pushdown/tricep pushdown_1800061.jpg,data/tricep pushdown/tricep pushdown_1800071.jpg,data/tricep pushdown/tricep pushdown_1800081.jpg,data/tricep pushdown/tricep pushdown_1800081.jpg,data/tricep pushdown/tricep pushdown_1800081.jpg,data/tricep pushdown/tricep pushdown_1800081.jpg,data/tricep pushdown/tricep pushdown_1800081.jpg,data/tricep pushdown/tricep pushdown_1800081.jpg,data/tricep pushdown/tricep pushdown_1800081.jpg,data/tricep pushdown/tricep pushdown_1800081.jpg,21
tricep pushdown,tricep pushdown|num_190,train,9,1.0,81.0,numeric,data/tricep pushdown/tricep pushdown_1900001.jpg,data/tricep pushdown/tricep pushdown_1900011.jpg,data/tricep pushdown/tricep pushdown_1900021.jpg,data/tricep pushdown/tricep pushdown_1900031.jpg,data/tricep pushdown/tricep pushdown_1900041.jpg,data/tricep pushdown/tricep pushdown_1900051.jpg,data/tricep pushdown/tricep pushdown_1900061.jpg,data/tricep pushdown/tricep pushdown_1900071.jpg,data/tricep pushdown/tricep pushdown_1900081.jpg,data/tricep pushdown/tricep pushdown_1900081.jpg,data/tricep pushdown/tricep pushdown_1900081.jpg,data/tricep pushdown/tricep pushdown_1900081.jpg,data/tricep pushdown/tricep pushdown_1900081.jpg,data/tricep pushdown/tricep pushdown_1900081.jpg,data/tricep pushdown/tricep pushdown_1900081.jpg,data/tricep pushdown/tricep pushdown_1900081.jpg,21
tricep pushdown,tricep pushdown|num_20,val,8,1.0,71.0,numeric,data/tricep pushdown/tricep pushdown_200001.jpg,data/tricep pushdown/tricep pushdown_200011.jpg,data/tricep pushdown/tricep pushdown_200021.jpg,data/tricep pushdown/tricep pushdown_200031.jpg,data/tricep pushdown/tricep pushdown_200041.jpg,data/tricep pushdown/tricep pushdown_200051.jpg,data/tricep pushdown/tricep pushdown_200061.jpg,data/tricep pushdown/tricep pushdown_200071.jpg,data/tricep pushdown/tricep pushdown_200071.jpg,data/tricep pushdown/tricep pushdown_200071.jpg,data/tricep pushdown/tricep pushdown_200071.jpg,data/tricep pushdown/tricep pushdown_200071.jpg,data/tricep pushdown/tricep pushdown_200071.jpg,data/tricep pushdown/tricep pushdown_200071.jpg,data/tricep pushdown/tricep pushdown_200071.jpg,data/tricep pushdown/tricep pushdown_200071.jpg,21
tricep pushdown,tricep pushdown|num_200,train,6,1.0,51.0,numeric,data/tricep pushdown/tricep pushdown_2000001.jpg,data/tricep pushdown/tricep pushdown_2000011.jpg,data/tricep pushdown/tricep pushdown_2000021.jpg,data/tricep pushdown/tricep pushdown_2000031.jpg,data/tricep pushdown/tricep pushdown_2000041.jpg,data/tricep pushdown/tricep pushdown_2000051.jpg,data/tricep pushdown/tricep pushdown_2000051.jpg,data/tricep pushdown/tricep pushdown_2000051.jpg,data/tricep pushdown/tricep pushdown_2000051.jpg,data/tricep pushdown/tricep pushdown_2000051.jpg,data/tricep pushdown/tricep pushdown_2000051.jpg,data/tricep pushdown/tricep pushdown_2000051.jpg,data/tricep pushdown/tricep pushdown_2000051.jpg,data/tricep pushdown/tricep pushdown_2000051.jpg,data/tricep pushdown/tricep pushdown_2000051.jpg,data/tricep pushdown/tricep pushdown_2000051.jpg,21
tricep pushdown,tricep pushdown|num_210,train,5,1.0,41.0,numeric,data/tricep pushdown/tricep pushdown_2100001.jpg,data/tricep pushdown/tricep pushdown_2100011.jpg,data/tricep pushdown/tricep pushdown_2100021.jpg,data/tricep pushdown/tricep pushdown_2100031.jpg,data/tricep pushdown/tricep pushdown_2100041.jpg,data/tricep pushdown/tricep pushdown_2100041.jpg,data/tricep pushdown/tricep pushdown_2100041.jpg,data/tricep pushdown/tricep pushdown_2100041.jpg,data/tricep pushdown/tricep pushdown_2100041.jpg,data/tricep pushdown/tricep pushdown_2100041.jpg,data/tricep pushdown/tricep pushdown_2100041.jpg,data/tricep pushdown/tricep pushdown_2100041.jpg,data/tricep pushdown/tricep pushdown_2100041.jpg,data/tricep pushdown/tricep pushdown_2100041.jpg,data/tricep pushdown/tricep pushdown_2100041.jpg,data/tricep pushdown/tricep pushdown_2100041.jpg,21
tricep pushdown,tricep pushdown|num_220,train,6,1.0,51.0,numeric,data/tricep pushdown/tricep pushdown_2200001.jpg,data/tricep pushdown/tricep pushdown_2200011.jpg,data/tricep pushdown/tricep pushdown_2200021.jpg,data/tricep pushdown/tricep pushdown_2200031.jpg,data/tricep pushdown/tricep pushdown_2200041.jpg,data/tricep pushdown/tricep pushdown_2200051.jpg,data/tricep pushdown/tricep pushdown_2200051.jpg,data/tricep pushdown/tricep pushdown_2200051.jpg,data/tricep pushdown/tricep pushdown_2200051.jpg,data/tricep pushdown/tricep pushdown_2200051.jpg,data/tricep pushdown/tricep pushdown_2200051.jpg,data/tricep pushdown/tricep pushdown_2200051.jpg,data/tricep pushdown/tricep pushdown_2200051.jpg,data/tricep pushdown/tricep pushdown_2200051.jpg,data/tricep pushdown/tricep pushdown_2200051.jpg,data/tricep pushdown/tricep pushdown_2200051.jpg,21
tricep pushdown,tricep pushdown|num_230,val,6,1.0,51.0,numeric,data/tricep pushdown/tricep pushdown_2300001.jpg,data/tricep pushdown/tricep pushdown_2300011.jpg,data/tricep pushdown/tricep pushdown_2300021.jpg,data/tricep pushdown/tricep pushdown_2300031.jpg,data/tricep pushdown/tricep pushdown_2300041.jpg,data/tricep pushdown/tricep pushdown_2300051.jpg,data/tricep pushdown/tricep pushdown_2300051.jpg,data/tricep pushdown/tricep pushdown_2300051.jpg,data/tricep pushdown/tricep pushdown_2300051.jpg,data/tricep pushdown/tricep pushdown_2300051.jpg,data/tricep pushdown/tricep pushdown_2300051.jpg,data/tricep pushdown/tricep pushdown_2300051.jpg,data/tricep pushdown/tricep pushdown_2300051.jpg,data/tricep pushdown/tricep pushdown_2300051.jpg,data/tricep pushdown/tricep pushdown_2300051.jpg,data/tricep pushdown/tricep pushdown_2300051.jpg,21
tricep pushdown,tricep pushdown|num_240,val,8,1.0,71.0,numeric,data/tricep pushdown/tricep pushdown_2400001.jpg,data/tricep pushdown/tricep pushdown_2400011.jpg,data/tricep pushdown/tricep pushdown_2400021.jpg,data/tricep pushdown/tricep pushdown_2400031.jpg,data/tricep pushdown/tricep pushdown_2400041.jpg,data/tricep pushdown/tricep pushdown_2400051.jpg,data/tricep pushdown/tricep pushdown_2400061.jpg,data/tricep pushdown/tricep pushdown_2400071.jpg,data/tricep pushdown/tricep pushdown_2400071.jpg,data/tricep pushdown/tricep pushdown_2400071.jpg,data/tricep pushdown/tricep pushdown_2400071.jpg,data/tricep pushdown/tricep pushdown_2400071.jpg,data/tricep pushdown/tricep pushdown_2400071.jpg,data/tricep pushdown/tricep pushdown_2400071.jpg,data/tricep pushdown/tricep pushdown_2400071.jpg,data/tricep pushdown/tricep pushdown_2400071.jpg,21
tricep pushdown,tricep pushdown|num_250,train,7,1.0,61.0,numeric,data/tricep pushdown/tricep pushdown_2500001.jpg,data/tricep pushdown/tricep pushdown_2500011.jpg,data/tricep pushdown/tricep pushdown_2500021.jpg,data/tricep pushdown/tricep pushdown_2500031.jpg,data/tricep pushdown/tricep pushdown_2500041.jpg,data/tricep pushdown/tricep pushdown_2500051.jpg,data/tricep pushdown/tricep pushdown_2500061.jpg,data/tricep pushdown/tricep pushdown_2500061.jpg,data/tricep pushdown/tricep pushdown_2500061.jpg,data/tricep pushdown/tricep pushdown_2500061.jpg,data/tricep pushdown/tricep pushdown_2500061.jpg,data/tricep pushdown/tricep pushdown_2500061.jpg,data/tricep pushdown/tricep pushdown_2500061.jpg,data/tricep pushdown/tricep pushdown_2500061.jpg,data/tricep pushdown/tricep pushdown_2500061.jpg,data/tricep pushdown/tricep pushdown_2500061.jpg,21
tricep pushdown,tricep pushdown|num_260,train,7,1.0,61.0,numeric,data/tricep pushdown/tricep pushdown_2600001.jpg,data/tricep pushdown/tricep pushdown_2600011.jpg,data/tricep pushdown/tricep pushdown_2600021.jpg,data/tricep pushdown/tricep pushdown_2600031.jpg,data/tricep pushdown/tricep pushdown_2600041.jpg,data/tricep pushdown/tricep pushdown_2600051.jpg,data/tricep pushdown/tricep pushdown_2600061.jpg,data/tricep pushdown/tricep pushdown_2600061.jpg,data/tricep pushdown/tricep pushdown_2600061.jpg,data/tricep pushdown/tricep pushdown_2600061.jpg,data/tricep pushdown/tricep pushdown_2600061.jpg,data/tricep pushdown/tricep pushdown_2600061.jpg,data/tricep pushdown/tricep pushdown_2600061.jpg,data/tricep pushdown/tricep pushdown_2600061.jpg,data/tricep pushdown/tricep pushdown_2600061.jpg,data/tricep pushdown/tricep pushdown_2600061.jpg,21
tricep pushdown,tricep pushdown|num_270,train,7,1.0,61.0,numeric,data/tricep pushdown/tricep pushdown_2700001.jpg,data/tricep pushdown/tricep pushdown_2700011.jpg,data/tricep pushdown/tricep pushdown_2700021.jpg,data/tricep pushdown/tricep pushdown_2700031.jpg,data/tricep pushdown/tricep pushdown_2700041.jpg,data/tricep pushdown/tricep pushdown_2700051.jpg,data/tricep pushdown/tricep pushdown_2700061.jpg,data/tricep pushdown/tricep pushdown_2700061.jpg,data/tricep pushdown/tricep pushdown_2700061.jpg,data/tricep pushdown/tricep pushdown_2700061.jpg,data/tricep pushdown/tricep pushdown_2700061.jpg,data/tricep pushdown/tricep pushdown_2700061.jpg,data/tricep pushdown/tricep pushdown_2700061.jpg,data/tricep pushdown/tricep pushdown_2700061.jpg,data/tricep pushdown/tricep pushdown_2700061.jpg,data/tricep pushdown/tricep pushdown_2700061.jpg,21
tricep pushdown,tricep pushdown|num_280,train,9,1.0,81.0,numeric,data/tricep pushdown/tricep pushdown_2800001.jpg,data/tricep pushdown/tricep pushdown_2800011.jpg,data/tricep pushdown/tricep pushdown_2800021.jpg,data/tricep pushdown/tricep pushdown_2800031.jpg,data/tricep pushdown/tricep pushdown_2800041.jpg,data/tricep pushdown/tricep pushdown_2800051.jpg,data/tricep pushdown/tricep pushdown_2800061.jpg,data/tricep pushdown/tricep pushdown_2800071.jpg,data/tricep pushdown/tricep pushdown_2800081.jpg,data/tricep pushdown/tricep pushdown_2800081.jpg,data/tricep pushdown/tricep pushdown_2800081.jpg,data/tricep pushdown/tricep pushdown_2800081.jpg,data/tricep pushdown/tricep pushdown_2800081.jpg,data/tricep pushdown/tricep pushdown_2800081.jpg,data/tricep pushdown/tricep pushdown_2800081.jpg,data/tricep pushdown/tricep pushdown_2800081.jpg,21
tricep pushdown,tricep pushdown|num_290,train,8,1.0,71.0,numeric,data/tricep pushdown/tricep pushdown_2900001.jpg,data/tricep pushdown/tricep pushdown_2900011.jpg,data/tricep pushdown/tricep pushdown_2900021.jpg,data/tricep pushdown/tricep pushdown_2900031.jpg,data/tricep pushdown/tricep pushdown_2900041.jpg,data/tricep pushdown/tricep pushdown_2900051.jpg,data/tricep pushdown/tricep pushdown_2900061.jpg,data/tricep pushdown/tricep pushdown_2900071.jpg,data/tricep pushdown/tricep pushdown_2900071.jpg,data/tricep pushdown/tricep pushdown_2900071.jpg,data/tricep pushdown/tricep pushdown_2900071.jpg,data/tricep pushdown/tricep pushdown_2900071.jpg,data/tricep pushdown/tricep pushdown_2900071.jpg,data/tricep pushdown/tricep pushdown_2900071.jpg,data/tricep pushdown/tricep pushdown_2900071.jpg,data/tricep pushdown/tricep pushdown_2900071.jpg,21
tricep pushdown,tricep pushdown|num_30,train,6,1.0,51.0,numeric,data/tricep pushdown/tricep pushdown_300001.jpg,data/tricep pushdown/tricep pushdown_300011.jpg,data/tricep pushdown/tricep pushdown_300021.jpg,data/tricep pushdown/tricep pushdown_300031.jpg,data/tricep pushdown/tricep pushdown_300041.jpg,data/tricep pushdown/tricep pushdown_300051.jpg,data/tricep pushdown/tricep pushdown_300051.jpg,data/tricep pushdown/tricep pushdown_300051.jpg,data/tricep pushdown/tricep pushdown_300051.jpg,data/tricep pushdown/tricep pushdown_300051.jpg,data/tricep pushdown/tricep pushdown_300051.jpg,data/tricep pushdown/tricep pushdown_300051.jpg,data/tricep pushdown/tricep pushdown_300051.jpg,data/tricep pushdown/tricep pushdown_300051.jpg,data/tricep pushdown/tricep pushdown_300051.jpg,data/tricep pushdown/tricep pushdown_300051.jpg,21
tricep pushdown,tricep pushdown|num_300,train,9,1.0,81.0,numeric,data/tricep pushdown/tricep pushdown_3000001.jpg,data/tricep pushdown/tricep pushdown_3000011.jpg,data/tricep pushdown/tricep pushdown_3000021.jpg,data/tricep pushdown/tricep pushdown_3000031.jpg,data/tricep pushdown/tricep pushdown_3000041.jpg,data/tricep pushdown/tricep pushdown_3000051.jpg,data/tricep pushdown/tricep pushdown_3000061.jpg,data/tricep pushdown/tricep pushdown_3000071.jpg,data/tricep pushdown/tricep pushdown_3000081.jpg,data/tricep pushdown/tricep pushdown_3000081.jpg,data/tricep pushdown/tricep pushdown_3000081.jpg,data/tricep pushdown/tricep pushdown_3000081.jpg,data/tricep pushdown/tricep pushdown_3000081.jpg,data/tricep pushdown/tricep pushdown_3000081.jpg,data/tricep pushdown/tricep pushdown_3000081.jpg,data/tricep pushdown/tricep pushdown_3000081.jpg,21
tricep pushdown,tricep pushdown|num_310,train,8,1.0,71.0,numeric,data/tricep pushdown/tricep pushdown_3100001.jpg,data/tricep pushdown/tricep pushdown_3100011.jpg,data/tricep pushdown/tricep pushdown_3100021.jpg,data/tricep pushdown/tricep pushdown_3100031.jpg,data/tricep pushdown/tricep pushdown_3100041.jpg,data/tricep pushdown/tricep pushdown_3100051.jpg,data/tricep pushdown/tricep pushdown_3100061.jpg,data/tricep pushdown/tricep pushdown_3100071.jpg,data/tricep pushdown/tricep pushdown_3100071.jpg,data/tricep pushdown/tricep pushdown_3100071.jpg,data/tricep pushdown/tricep pushdown_3100071.jpg,data/tricep pushdown/tricep pushdown_3100071.jpg,data/tricep pushdown/tricep pushdown_3100071.jpg,data/tricep pushdown/tricep pushdown_3100071.jpg,data/tricep pushdown/tricep pushdown_3100071.jpg,data/tricep pushdown/tricep pushdown_3100071.jpg,21
tricep pushdown,tricep pushdown|num_320,val,9,1.0,81.0,numeric,data/tricep pushdown/tricep pushdown_3200001.jpg,data/tricep pushdown/tricep pushdown_3200011.jpg,data/tricep pushdown/tricep pushdown_3200021.jpg,data/tricep pushdown/tricep pushdown_3200031.jpg,data/tricep pushdown/tricep pushdown_3200041.jpg,data/tricep pushdown/tricep pushdown_3200051.jpg,data/tricep pushdown/tricep pushdown_3200061.jpg,data/tricep pushdown/tricep pushdown_3200071.jpg,data/tricep pushdown/tricep pushdown_3200081.jpg,data/tricep pushdown/tricep pushdown_3200081.jpg,data/tricep pushdown/tricep pushdown_3200081.jpg,data/tricep pushdown/tricep pushdown_3200081.jpg,data/tricep pushdown/tricep pushdown_3200081.jpg,data/tricep pushdown/tricep pushdown_3200081.jpg,data/tricep pushdown/tricep pushdown_3200081.jpg,data/tricep pushdown/tricep pushdown_3200081.jpg,21
tricep pushdown,tricep pushdown|num_330,train,7,1.0,61.0,numeric,data/tricep pushdown/tricep pushdown_3300001.jpg,data/tricep pushdown/tricep pushdown_3300011.jpg,data/tricep pushdown/tricep pushdown_3300021.jpg,data/tricep pushdown/tricep pushdown_3300031.jpg,data/tricep pushdown/tricep pushdown_3300041.jpg,data/tricep pushdown/tricep pushdown_3300051.jpg,data/tricep pushdown/tricep pushdown_3300061.jpg,data/tricep pushdown/tricep pushdown_3300061.jpg,data/tricep pushdown/tricep pushdown_3300061.jpg,data/tricep pushdown/tricep pushdown_3300061.jpg,data/tricep pushdown/tricep pushdown_3300061.jpg,data/tricep pushdown/tricep pushdown_3300061.jpg,data/tricep pushdown/tricep pushdown_3300061.jpg,data/tricep pushdown/tricep pushdown_3300061.jpg,data/tricep pushdown/tricep pushdown_3300061.jpg,data/tricep pushdown/tricep pushdown_3300061.jpg,21
tricep pushdown,tricep pushdown|num_340,train,6,1.0,51.0,numeric,data/tricep pushdown/tricep pushdown_3400001.jpg,data/tricep pushdown/tricep pushdown_3400011.jpg,data/tricep pushdown/tricep pushdown_3400021.jpg,data/tricep pushdown/tricep pushdown_3400031.jpg,data/tricep pushdown/tricep pushdown_3400041.jpg,data/tricep pushdown/tricep pushdown_3400051.jpg,data/tricep pushdown/tricep pushdown_3400051.jpg,data/tricep pushdown/tricep pushdown_3400051.jpg,data/tricep pushdown/tricep pushdown_3400051.jpg,data/tricep pushdown/tricep pushdown_3400051.jpg,data/tricep pushdown/tricep pushdown_3400051.jpg,data/tricep pushdown/tricep pushdown_3400051.jpg,data/tricep pushdown/tricep pushdown_3400051.jpg,data/tricep pushdown/tricep pushdown_3400051.jpg,data/tricep pushdown/tricep pushdown_3400051.jpg,data/tricep pushdown/tricep pushdown_3400051.jpg,21
tricep pushdown,tricep pushdown|num_350,train,6,1.0,51.0,numeric,data/tricep pushdown/tricep pushdown_3500001.jpg,data/tricep pushdown/tricep pushdown_3500011.jpg,data/tricep pushdown/tricep pushdown_3500021.jpg,data/tricep pushdown/tricep pushdown_3500031.jpg,data/tricep pushdown/tricep pushdown_3500041.jpg,data/tricep pushdown/tricep pushdown_3500051.jpg,data/tricep pushdown/tricep pushdown_3500051.jpg,data/tricep pushdown/tricep pushdown_3500051.jpg,data/tricep pushdown/tricep pushdown_3500051.jpg,data/tricep pushdown/tricep pushdown_3500051.jpg,data/tricep pushdown/tricep pushdown_3500051.jpg,data/tricep pushdown/tricep pushdown_3500051.jpg,data/tricep pushdown/tricep pushdown_3500051.jpg,data/tricep pushdown/tricep pushdown_3500051.jpg,data/tricep pushdown/tricep pushdown_3500051.jpg,data/tricep pushdown/tricep pushdown_3500051.jpg,21
tricep pushdown,tricep pushdown|num_360,val,6,1.0,51.0,numeric,data/tricep pushdown/tricep pushdown_3600001.jpg,data/tricep pushdown/tricep pushdown_3600011.jpg,data/tricep pushdown/tricep pushdown_3600021.jpg,data/tricep pushdown/tricep pushdown_3600031.jpg,data/tricep pushdown/tricep pushdown_3600041.jpg,data/tricep pushdown/tricep pushdown_3600051.jpg,data/tricep pushdown/tricep pushdown_3600051.jpg,data/tricep pushdown/tricep pushdown_3600051.jpg,data/tricep pushdown/tricep pushdown_3600051.jpg,data/tricep pushdown/tricep pushdown_3600051.jpg,data/tricep pushdown/tricep pushdown_3600051.jpg,data/tricep pushdown/tricep pushdown_3600051.jpg,data/tricep pushdown/tricep pushdown_3600051.jpg,data/tricep pushdown/tricep pushdown_3600051.jpg,data/tricep pushdown/tricep pushdown_3600051.jpg,data/tricep pushdown/tricep pushdown_3600051.jpg,21
tricep pushdown,tricep pushdown|num_370,train,4,1.0,31.0,numeric,data/tricep pushdown/tricep pushdown_3700001.jpg,data/tricep pushdown/tricep pushdown_3700011.jpg,data/tricep pushdown/tricep pushdown_3700021.jpg,data/tricep pushdown/tricep pushdown_3700031.jpg,data/tricep pushdown/tricep pushdown_3700031.jpg,data/tricep pushdown/tricep pushdown_3700031.jpg,data/tricep pushdown/tricep pushdown_3700031.jpg,data/tricep pushdown/tricep pushdown_3700031.jpg,data/tricep pushdown/tricep pushdown_3700031.jpg,data/tricep pushdown/tricep pushdown_3700031.jpg,data/tricep pushdown/tricep pushdown_3700031.jpg,data/tricep pushdown/tricep pushdown_3700031.jpg,data/tricep pushdown/tricep pushdown_3700031.jpg,data/tricep pushdown/tricep pushdown_3700031.jpg,data/tricep pushdown/tricep pushdown_3700031.jpg,data/tricep pushdown/tricep pushdown_3700031.jpg,21
tricep pushdown,tricep pushdown|num_380,train,11,1.0,101.0,numeric,data/tricep pushdown/tricep pushdown_3800001.jpg,data/tricep pushdown/tricep pushdown_3800011.jpg,data/tricep pushdown/tricep pushdown_3800021.jpg,data/tricep pushdown/tricep pushdown_3800031.jpg,data/tricep pushdown/tricep pushdown_3800041.jpg,data/tricep pushdown/tricep pushdown_3800051.jpg,data/tricep pushdown/tricep pushdown_3800061.jpg,data/tricep pushdown/tricep pushdown_3800071.jpg,data/tricep pushdown/tricep pushdown_3800081.jpg,data/tricep pushdown/tricep pushdown_3800091.jpg,data/tricep pushdown/tricep pushdown_3800101.jpg,data/tricep pushdown/tricep pushdown_3800101.jpg,data/tricep pushdown/tricep pushdown_3800101.jpg,data/tricep pushdown/tricep pushdown_3800101.jpg,data/tricep pushdown/tricep pushdown_3800101.jpg,data/tricep pushdown/tricep pushdown_3800101.jpg,21
tricep pushdown,tricep pushdown|num_390,train,21,1.0,201.0,numeric,data/tricep pushdown/tricep pushdown_3900001.jpg,data/tricep pushdown/tricep pushdown_3900011.jpg,data/tricep pushdown/tricep pushdown_3900021.jpg,data/tricep pushdown/tricep pushdown_3900041.jpg,data/tricep pushdown/tricep pushdown_3900051.jpg,data/tricep pushdown/tricep pushdown_3900061.jpg,data/tricep pushdown/tricep pushdown_3900081.jpg,data/tricep pushdown/tricep pushdown_3900091.jpg,data/tricep pushdown/tricep pushdown_3900101.jpg,data/tricep pushdown/tricep pushdown_3900121.jpg,data/tricep pushdown/tricep pushdown_3900131.jpg,data/tricep pushdown/tricep pushdown_3900141.jpg,data/tricep pushdown/tricep pushdown_3900161.jpg,data/tricep pushdown/tricep pushdown_3900171.jpg,data/tricep pushdown/tricep pushdown_3900181.jpg,data/tricep pushdown/tricep pushdown_3900201.jpg,21
tricep pushdown,tricep pushdown|num_40,train,6,1.0,51.0,numeric,data/tricep pushdown/tricep pushdown_400001.jpg,data/tricep pushdown/tricep pushdown_400011.jpg,data/tricep pushdown/tricep pushdown_400021.jpg,data/tricep pushdown/tricep pushdown_400031.jpg,data/tricep pushdown/tricep pushdown_400041.jpg,data/tricep pushdown/tricep pushdown_400051.jpg,data/tricep pushdown/tricep pushdown_400051.jpg,data/tricep pushdown/tricep pushdown_400051.jpg,data/tricep pushdown/tricep pushdown_400051.jpg,data/tricep pushdown/tricep pushdown_400051.jpg,data/tricep pushdown/tricep pushdown_400051.jpg,data/tricep pushdown/tricep pushdown_400051.jpg,data/tricep pushdown/tricep pushdown_400051.jpg,data/tricep pushdown/tricep pushdown_400051.jpg,data/tricep pushdown/tricep pushdown_400051.jpg,data/tricep pushdown/tricep pushdown_400051.jpg,21
tricep pushdown,tricep pushdown|num_400,train,43,1.0,421.0,numeric,data/tricep pushdown/tricep pushdown_4000001.jpg,data/tricep pushdown/tricep pushdown_4000021.jpg,data/tricep pushdown/tricep pushdown_4000051.jpg,data/tricep pushdown/tricep pushdown_4000081.jpg,data/tricep pushdown/tricep pushdown_4000111.jpg,data/tricep pushdown/tricep pushdown_4000141.jpg,data/tricep pushdown/tricep pushdown_4000161.jpg,data/tricep pushdown/tricep pushdown_4000191.jpg,data/tricep pushdown/tricep pushdown_4000221.jpg,data/tricep pushdown/tricep pushdown_4000251.jpg,data/tricep pushdown/tricep pushdown_4000281.jpg,data/tricep pushdown/tricep pushdown_4000301.jpg,data/tricep pushdown/tricep pushdown_4000331.jpg,data/tricep pushdown/tricep pushdown_4000361.jpg,data/tricep pushdown/tricep pushdown_4000391.jpg,data/tricep pushdown/tricep pushdown_4000421.jpg,21
tricep pushdown,tricep pushdown|num_410,train,23,1.0,221.0,numeric,data/tricep pushdown/tricep pushdown_4100001.jpg,data/tricep pushdown/tricep pushdown_4100011.jpg,data/tricep pushdown/tricep pushdown_4100021.jpg,data/tricep pushdown/tricep pushdown_4100041.jpg,data/tricep pushdown/tricep pushdown_4100051.jpg,data/tricep pushdown/tricep pushdown_4100071.jpg,data/tricep pushdown/tricep pushdown_4100081.jpg,data/tricep pushdown/tricep pushdown_4100101.jpg,data/tricep pushdown/tricep pushdown_4100111.jpg,data/tricep pushdown/tricep pushdown_4100131.jpg,data/tricep pushdown/tricep pushdown_4100141.jpg,data/tricep pushdown/tricep pushdown_4100161.jpg,data/tricep pushdown/tricep pushdown_4100171.jpg,data/tricep pushdown/tricep pushdown_4100191.jpg,data/tricep pushdown/tricep pushdown_4100201.jpg,data/tricep pushdown/tricep pushdown_4100221.jpg,21
tricep pushdown,tricep pushdown|num_420,train,47,1.0,461.0,numeric,data/tricep pushdown/tricep pushdown_4200001.jpg,data/tricep pushdown/tricep pushdown_4200031.jpg,data/tricep pushdown/tricep pushdown_4200061.jpg,data/tricep pushdown/tricep pushdown_4200091.jpg,data/tricep pushdown/tricep pushdown_4200121.jpg,data/tricep pushdown/tricep pushdown_4200151.jpg,data/tricep pushdown/tricep pushdown_4200181.jpg,data/tricep pushdown/tricep pushdown_4200211.jpg,data/tricep pushdown/tricep pushdown_4200241.jpg,data/tricep pushdown/tricep pushdown_4200271.jpg,data/tricep pushdown/tricep pushdown_4200301.jpg,data/tricep pushdown/tricep pushdown_4200331.jpg,data/tricep pushdown/tricep pushdown_4200361.jpg,data/tricep pushdown/tricep pushdown_4200391.jpg,data/tricep pushdown/tricep pushdown_4200421.jpg,data/tricep pushdown/tricep pushdown_4200461.jpg,21
tricep pushdown,tricep pushdown|num_430,train,20,1.0,191.0,numeric,data/tricep pushdown/tricep pushdown_4300001.jpg,data/tricep pushdown/tricep pushdown_4300011.jpg,data/tricep pushdown/tricep pushdown_4300021.jpg,data/tricep pushdown/tricep pushdown_4300031.jpg,data/tricep pushdown/tricep pushdown_4300051.jpg,data/tricep pushdown/tricep pushdown_4300061.jpg,data/tricep pushdown/tricep pushdown_4300071.jpg,data/tricep pushdown/tricep pushdown_4300081.jpg,data/tricep pushdown/tricep pushdown_4300101.jpg,data/tricep pushdown/tricep pushdown_4300111.jpg,data/tricep pushdown/tricep pushdown_4300121.jpg,data/tricep pushdown/tricep pushdown_4300131.jpg,data/tricep pushdown/tricep pushdown_4300151.jpg,data/tricep pushdown/tricep pushdown_4300161.jpg,data/tricep pushdown/tricep pushdown_4300171.jpg,data/tricep pushdown/tricep pushdown_4300191.jpg,21
tricep pushdown,tricep pushdown|num_440,train,18,1.0,171.0,numeric,data/tricep pushdown/tricep pushdown_4400001.jpg,data/tricep pushdown/tricep pushdown_4400011.jpg,data/tricep pushdown/tricep pushdown_4400021.jpg,data/tricep pushdown/tricep pushdown_4400031.jpg,data/tricep pushdown/tricep pushdown_4400041.jpg,data/tricep pushdown/tricep pushdown_4400051.jpg,data/tricep pushdown/tricep pushdown_4400061.jpg,data/tricep pushdown/tricep pushdown_4400071.jpg,data/tricep pushdown/tricep pushdown_4400091.jpg,data/tricep pushdown/tricep pushdown_4400101.jpg,data/tricep pushdown/tricep pushdown_4400111.jpg,data/tricep pushdown/tricep pushdown_4400121.jpg,data/tricep pushdown/tricep pushdown_4400131.jpg,data/tricep pushdown/tricep pushdown_4400141.jpg,data/tricep pushdown/tricep pushdown_4400151.jpg,data/tricep pushdown/tricep pushdown_4400171.jpg,21
tricep pushdown,tricep pushdown|num_450,train,20,1.0,191.0,numeric,data/tricep pushdown/tricep pushdown_4500001.jpg,data/tricep pushdown/tricep pushdown_4500011.jpg,data/tricep pushdown/tricep pushdown_4500021.jpg,data/tricep pushdown/tricep pushdown_4500031.jpg,data/tricep pushdown/tricep pushdown_4500051.jpg,data/tricep pushdown/tricep pushdown_4500061.jpg,data/tricep pushdown/tricep pushdown_4500071.jpg,data/tricep pushdown/tricep pushdown_4500081.jpg,data/tricep pushdown/tricep pushdown_4500101.jpg,data/tricep pushdown/tricep pushdown_4500111.jpg,data/tricep pushdown/tricep pushdown_4500121.jpg,data/tricep pushdown/tricep pushdown_4500131.jpg,data/tricep pushdown/tricep pushdown_4500151.jpg,data/tricep pushdown/tricep pushdown_4500161.jpg,data/tricep pushdown/tricep pushdown_4500171.jpg,data/tricep pushdown/tricep pushdown_4500191.jpg,21
tricep pushdown,tricep pushdown|num_460,train,23,1.0,221.0,numeric,data/tricep pushdown/tricep pushdown_4600001.jpg,data/tricep pushdown/tricep pushdown_4600011.jpg,data/tricep pushdown/tricep pushdown_4600021.jpg,data/tricep pushdown/tricep pushdown_4600041.jpg,data/tricep pushdown/tricep pushdown_4600051.jpg,data/tricep pushdown/tricep pushdown_4600071.jpg,data/tricep pushdown/tricep pushdown_4600081.jpg,data/tricep pushdown/tricep pushdown_4600101.jpg,data/tricep pushdown/tricep pushdown_4600111.jpg,data/tricep pushdown/tricep pushdown_4600131.jpg,data/tricep pushdown/tricep pushdown_4600141.jpg,data/tricep pushdown/tricep pushdown_4600161.jpg,data/tricep pushdown/tricep pushdown_4600171.jpg,data/tricep pushdown/tricep pushdown_4600191.jpg,data/tricep pushdown/tricep pushdown_4600201.jpg,data/tricep pushdown/tricep pushdown_4600221.jpg,21
tricep pushdown,tricep pushdown|num_470,train,10,1.0,91.0,numeric,data/tricep pushdown/tricep pushdown_4700001.jpg,data/tricep pushdown/tricep pushdown_4700011.jpg,data/tricep pushdown/tricep pushdown_4700021.jpg,data/tricep pushdown/tricep pushdown_4700031.jpg,data/tricep pushdown/tricep pushdown_4700041.jpg,data/tricep pushdown/tricep pushdown_4700051.jpg,data/tricep pushdown/tricep pushdown_4700061.jpg,data/tricep pushdown/tricep pushdown_4700071.jpg,data/tricep pushdown/tricep pushdown_4700081.jpg,data/tricep pushdown/tricep pushdown_4700091.jpg,data/tricep pushdown/tricep pushdown_4700091.jpg,data/tricep pushdown/tricep pushdown_4700091.jpg,data/tricep pushdown/tricep pushdown_4700091.jpg,data/tricep pushdown/tricep pushdown_4700091.jpg,data/tricep pushdown/tricep pushdown_4700091.jpg,data/tricep pushdown/tricep pushdown_4700091.jpg,21
tricep pushdown,tricep pushdown|num_480,train,25,1.0,241.0,numeric,data/tricep pushdown/tricep pushdown_4800001.jpg,data/tricep pushdown/tricep pushdown_4800011.jpg,data/tricep pushdown/tricep pushdown_4800031.jpg,data/tricep pushdown/tricep pushdown_4800041.jpg,data/tricep pushdown/tricep pushdown_4800061.jpg,data/tricep pushdown/tricep pushdown_4800081.jpg,data/tricep pushdown/tricep pushdown_4800091.jpg,data/tricep pushdown/tricep pushdown_4800111.jpg,data/tricep pushdown/tricep pushdown_4800121.jpg,data/tricep pushdown/tricep pushdown_4800141.jpg,data/tricep pushdown/tricep pushdown_4800161.jpg,data/tricep pushdown/tricep pushdown_4800171.jpg,data/tricep pushdown/tricep pushdown_4800191.jpg,data/tricep pushdown/tricep pushdown_4800201.jpg,data/tricep pushdown/tricep pushdown_4800221.jpg,data/tricep pushdown/tricep pushdown_4800241.jpg,21
tricep pushdown,tricep pushdown|num_490,train,46,1.0,451.0,numeric,data/tricep pushdown/tricep pushdown_4900001.jpg,data/tricep pushdown/tricep pushdown_4900031.jpg,data/tricep pushdown/tricep pushdown_4900061.jpg,data/tricep pushdown/tricep pushdown_4900091.jpg,data/tricep pushdown/tricep pushdown_4900121.jpg,data/tricep pushdown/tricep pushdown_4900151.jpg,data/tricep pushdown/tricep pushdown_4900181.jpg,data/tricep pushdown/tricep pushdown_4900211.jpg,data/tricep pushdown/tricep pushdown_4900241.jpg,data/tricep pushdown/tricep pushdown_4900271.jpg,data/tricep pushdown/tricep pushdown_4900301.jpg,data/tricep pushdown/tricep pushdown_4900331.jpg,data/tricep pushdown/tricep pushdown_4900361.jpg,data/tricep pushdown/tricep pushdown_4900391.jpg,data/tricep pushdown/tricep pushdown_4900421.jpg,data/tricep pushdown/tricep pushdown_4900451.jpg,21
tricep pushdown,tricep pushdown|num_50,train,6,1.0,51.0,numeric,data/tricep pushdown/tricep pushdown_500001.jpg,data/tricep pushdown/tricep pushdown_500011.jpg,data/tricep pushdown/tricep pushdown_500021.jpg,data/tricep pushdown/tricep pushdown_500031.jpg,data/tricep pushdown/tricep pushdown_500041.jpg,data/tricep pushdown/tricep pushdown_500051.jpg,data/tricep pushdown/tricep pushdown_500051.jpg,data/tricep pushdown/tricep pushdown_500051.jpg,data/tricep pushdown/tricep pushdown_500051.jpg,data/tricep pushdown/tricep pushdown_500051.jpg,data/tricep pushdown/tricep pushdown_500051.jpg,data/tricep pushdown/tricep pushdown_500051.jpg,data/tricep pushdown/tricep pushdown_500051.jpg,data/tricep pushdown/tricep pushdown_500051.jpg,data/tricep pushdown/tricep pushdown_500051.jpg,data/tricep pushdown/tricep pushdown_500051.jpg,21
tricep pushdown,tricep pushdown|num_500,train,20,1.0,191.0,numeric,data/tricep pushdown/tricep pushdown_5000001.jpg,data/tricep pushdown/tricep pushdown_5000011.jpg,data/tricep pushdown/tricep pushdown_5000021.jpg,data/tricep pushdown/tricep pushdown_5000031.jpg,data/tricep pushdown/tricep pushdown_5000051.jpg,data/tricep pushdown/tricep pushdown_5000061.jpg,data/tricep pushdown/tricep pushdown_5000071.jpg,data/tricep pushdown/tricep pushdown_5000081.jpg,data/tricep pushdown/tricep pushdown_5000101.jpg,data/tricep pushdown/tricep pushdown_5000111.jpg,data/tricep pushdown/tricep pushdown_5000121.jpg,data/tricep pushdown/tricep pushdown_5000131.jpg,data/tricep pushdown/tricep pushdown_5000151.jpg,data/tricep pushdown/tricep pushdown_5000161.jpg,data/tricep pushdown/tricep pushdown_5000171.jpg,data/tricep pushdown/tricep pushdown_5000191.jpg,21
tricep pushdown,tricep pushdown|num_60,train,6,1.0,51.0,numeric,data/tricep pushdown/tricep pushdown_600001.jpg,data/tricep pushdown/tricep pushdown_600011.jpg,data/tricep pushdown/tricep pushdown_600021.jpg,data/tricep pushdown/tricep pushdown_600031.jpg,data/tricep pushdown/tricep pushdown_600041.jpg,data/tricep pushdown/tricep pushdown_600051.jpg,data/tricep pushdown/tricep pushdown_600051.jpg,data/tricep pushdown/tricep pushdown_600051.jpg,data/tricep pushdown/tricep pushdown_600051.jpg,data/tricep pushdown/tricep pushdown_600051.jpg,data/tricep pushdown/tricep pushdown_600051.jpg,data/tricep pushdown/tricep pushdown_600051.jpg,data/tricep pushdown/tricep pushdown_600051.jpg,data/tricep pushdown/tricep pushdown_600051.jpg,data/tricep pushdown/tricep pushdown_600051.jpg,data/tricep pushdown/tricep pushdown_600051.jpg,21
tricep pushdown,tricep pushdown|num_70,train,9,1.0,81.0,numeric,data/tricep pushdown/tricep pushdown_700001.jpg,data/tricep pushdown/tricep pushdown_700011.jpg,data/tricep pushdown/tricep pushdown_700021.jpg,data/tricep pushdown/tricep pushdown_700031.jpg,data/tricep pushdown/tricep pushdown_700041.jpg,data/tricep pushdown/tricep pushdown_700051.jpg,data/tricep pushdown/tricep pushdown_700061.jpg,data/tricep pushdown/tricep pushdown_700071.jpg,data/tricep pushdown/tricep pushdown_700081.jpg,data/tricep pushdown/tricep pushdown_700081.jpg,data/tricep pushdown/tricep pushdown_700081.jpg,data/tricep pushdown/tricep pushdown_700081.jpg,data/tricep pushdown/tricep pushdown_700081.jpg,data/tricep pushdown/tricep pushdown_700081.jpg,data/tricep pushdown/tricep pushdown_700081.jpg,data/tricep pushdown/tricep pushdown_700081.jpg,21
tricep pushdown,tricep pushdown|num_80,train,8,1.0,71.0,numeric,data/tricep pushdown/tricep pushdown_800001.jpg,data/tricep pushdown/tricep pushdown_800011.jpg,data/tricep pushdown/tricep pushdown_800021.jpg,data/tricep pushdown/tricep pushdown_800031.jpg,data/tricep pushdown/tricep pushdown_800041.jpg,data/tricep pushdown/tricep pushdown_800051.jpg,data/tricep pushdown/tricep pushdown_800061.jpg,data/tricep pushdown/tricep pushdown_800071.jpg,data/tricep pushdown/tricep pushdown_800071.jpg,data/tricep pushdown/tricep pushdown_800071.jpg,data/tricep pushdown/tricep pushdown_800071.jpg,data/tricep pushdown/tricep pushdown_800071.jpg,data/tricep pushdown/tricep pushdown_800071.jpg,data/tricep pushdown/tricep pushdown_800071.jpg,data/tricep pushdown/tricep pushdown_800071.jpg,data/tricep pushdown/tricep pushdown_800071.jpg,21
tricep pushdown,tricep pushdown|num_90,train,3,1.0,21.0,numeric,data/tricep pushdown/tricep pushdown_900001.jpg,data/tricep pushdown/tricep pushdown_900011.jpg,data/tricep pushdown/tricep pushdown_900021.jpg,data/tricep pushdown/tricep pushdown_900021.jpg,data/tricep pushdown/tricep pushdown_900021.jpg,data/tricep pushdown/tricep pushdown_900021.jpg,data/tricep pushdown/tricep pushdown_900021.jpg,data/tricep pushdown/tricep pushdown_900021.jpg,data/tricep pushdown/tricep pushdown_900021.jpg,data/tricep pushdown/tricep pushdown_900021.jpg,data/tricep pushdown/tricep pushdown_900021.jpg,data/tricep pushdown/tricep pushdown_900021.jpg,data/tricep pushdown/tricep pushdown_900021.jpg,data/tricep pushdown/tricep pushdown_900021.jpg,data/tricep pushdown/tricep pushdown_900021.jpg,data/tricep pushdown/tricep pushdown_900021.jpg,21
